START RECORD GO HERE.                                                   S      1
1H,,1H;,5Hhive3,21Hhive_blocked_RevB.igs,62HDASSAULT SYSTEMES CATIA VersG      1
ion 5-6 Release 2024 - www.3ds.com,35HV5-6R2024_5.34.1.0.01-10-2024.20.0G      2
0,32,75,6,75,15,5Hhive3,1.0,2,2HMM,1000,1.0,15H20250505.171042,0.001,   G      3
1.0E+04,5Hjoeac,15HDESKTOP-7GO9LC2,11,0,15H20250505.171042,;            G      4
     108       1       0       0       0       0       0       001010001D      1
     108       0       0       1       0                               0D      2
     110       2       0       0       0       0       0       001010001D      3
     110       0       0       1       0                               0D      4
     110       3       0       0       0       0       0       001010001D      5
     110       0       0       1       0                               0D      6
     110       4       0       0       0       0       0       001010001D      7
     110       0       0       1       0                               0D      8
     110       5       0       0       0       0       0       001010001D      9
     110       0       0       1       0                               0D     10
     102       6       0       0       0       0       0       001010001D     11
     102       0       0       1       0                               0D     12
     142       7       0       0       0       0       0       001010001D     13
     142       0       0       1       0                               0D     14
     144       8       0       0   10000       0       0       000000000D     15
     144       0       0       1       0                Korper.1       0D     16
     108       9       0       0       0       0       0       001010001D     17
     108       0       0       1       0                               0D     18
     110      10       0       0       0       0       0       001010001D     19
     110       0       0       1       0                               0D     20
     110      11       0       0       0       0       0       001010001D     21
     110       0       0       1       0                               0D     22
     110      12       0       0       0       0       0       001010001D     23
     110       0       0       1       0                               0D     24
     110      13       0       0       0       0       0       001010001D     25
     110       0       0       1       0                               0D     26
     102      14       0       0       0       0       0       001010001D     27
     102       0       0       1       0                               0D     28
     142      15       0       0       0       0       0       001010001D     29
     142       0       0       1       0                               0D     30
     144      16       0       0   10000       0       0       000000000D     31
     144       0       0       1       0                Korper.1       0D     32
     108      17       0       0       0       0       0       001010001D     33
     108       0       0       1       0                               0D     34
     110      18       0       0       0       0       0       001010001D     35
     110       0       0       1       0                               0D     36
     110      19       0       0       0       0       0       001010001D     37
     110       0       0       1       0                               0D     38
     110      20       0       0       0       0       0       001010001D     39
     110       0       0       1       0                               0D     40
     110      21       0       0       0       0       0       001010001D     41
     110       0       0       1       0                               0D     42
     102      22       0       0       0       0       0       001010001D     43
     102       0       0       1       0                               0D     44
     142      23       0       0       0       0       0       001010001D     45
     142       0       0       1       0                               0D     46
     144      24       0       0   10000       0       0       000000000D     47
     144       0       0       1       0                Korper.1       0D     48
     108      25       0       0       0       0       0       001010001D     49
     108       0       0       1       0                               0D     50
     110      26       0       0       0       0       0       001010001D     51
     110       0       0       1       0                               0D     52
     110      27       0       0       0       0       0       001010001D     53
     110       0       0       1       0                               0D     54
     110      28       0       0       0       0       0       001010001D     55
     110       0       0       1       0                               0D     56
     110      29       0       0       0       0       0       001010001D     57
     110       0       0       1       0                               0D     58
     102      30       0       0       0       0       0       001010001D     59
     102       0       0       1       0                               0D     60
     142      31       0       0       0       0       0       001010001D     61
     142       0       0       1       0                               0D     62
     144      32       0       0   10000       0       0       000000000D     63
     144       0       0       1       0                Korper.1       0D     64
     108      33       0       0       0       0       0       001010001D     65
     108       0       0       1       0                               0D     66
     110      34       0       0       0       0       0       001010001D     67
     110       0       0       1       0                               0D     68
     110      35       0       0       0       0       0       001010001D     69
     110       0       0       1       0                               0D     70
     110      36       0       0       0       0       0       001010001D     71
     110       0       0       1       0                               0D     72
     110      37       0       0       0       0       0       001010001D     73
     110       0       0       1       0                               0D     74
     102      38       0       0       0       0       0       001010001D     75
     102       0       0       1       0                               0D     76
     142      39       0       0       0       0       0       001010001D     77
     142       0       0       1       0                               0D     78
     144      40       0       0   10000       0       0       000000000D     79
     144       0       0       1       0                Korper.1       0D     80
     108      41       0       0       0       0       0       001010001D     81
     108       0       0       1       0                               0D     82
     110      42       0       0       0       0       0       001010001D     83
     110       0       0       1       0                               0D     84
     110      43       0       0       0       0       0       001010001D     85
     110       0       0       1       0                               0D     86
     110      44       0       0       0       0       0       001010001D     87
     110       0       0       1       0                               0D     88
     110      45       0       0       0       0       0       001010001D     89
     110       0       0       1       0                               0D     90
     102      46       0       0       0       0       0       001010001D     91
     102       0       0       1       0                               0D     92
     142      47       0       0       0       0       0       001010001D     93
     142       0       0       1       0                               0D     94
     144      48       0       0   10000       0       0       000000000D     95
     144       0       0       1       0                Korper.1       0D     96
     314      49       0       0       0       0       0       000000201D     97
     314       0       0       1       0                               0D     98
     110      50       0       0       0       0       0       001010001D     99
     110       0       0       1       0                               0D    100
     110      51       0       0       0       0       0       001010001D    101
     110       0       0       1       0                               0D    102
     110      52       0       0       0       0       0       001010001D    103
     110       0       0       1       0                               0D    104
     110      53       0       0       0       0       0       001010001D    105
     110       0       0       1       0                               0D    106
     102      54       0       0       0       0       0       001010001D    107
     102       0       0       1       0                               0D    108
     142      55       0       0       0       0       0       001010001D    109
     142       0       0       1       0                               0D    110
     144      56       0       0   10000       0       0       000000000D    111
     144       0     -97       1       0                Korper.2       0D    112
     108      57       0       0       0       0       0       001010001D    113
     108       0     -97       1       0                               0D    114
     110      58       0       0       0       0       0       001010001D    115
     110       0       0       1       0                               0D    116
     110      59       0       0       0       0       0       001010001D    117
     110       0       0       1       0                               0D    118
     110      60       0       0       0       0       0       001010001D    119
     110       0       0       1       0                               0D    120
     110      61       0       0       0       0       0       001010001D    121
     110       0       0       1       0                               0D    122
     102      62       0       0       0       0       0       001010001D    123
     102       0       0       1       0                               0D    124
     142      63       0       0       0       0       0       001010001D    125
     142       0       0       1       0                               0D    126
     144      64       0       0   10000       0       0       000000000D    127
     144       0     -97       1       0                Korper.2       0D    128
     110      65       0       0       0       0       0       001010001D    129
     110       0       0       1       0                               0D    130
     110      66       0       0       0       0       0       001010001D    131
     110       0       0       1       0                               0D    132
     110      67       0       0       0       0       0       001010001D    133
     110       0       0       1       0                               0D    134
     110      68       0       0       0       0       0       001010001D    135
     110       0       0       1       0                               0D    136
     102      69       0       0       0       0       0       001010001D    137
     102       0       0       1       0                               0D    138
     142      70       0       0       0       0       0       001010001D    139
     142       0       0       1       0                               0D    140
     144      71       0       0   10000       0       0       000000000D    141
     144       0     -97       1       0                Korper.2       0D    142
     108      72       0       0       0       0       0       001010001D    143
     108       0     -97       1       0                               0D    144
     110      73       0       0       0       0       0       001010001D    145
     110       0       0       1       0                               0D    146
     110      74       0       0       0       0       0       001010001D    147
     110       0       0       1       0                               0D    148
     110      75       0       0       0       0       0       001010001D    149
     110       0       0       1       0                               0D    150
     110      76       0       0       0       0       0       001010001D    151
     110       0       0       1       0                               0D    152
     102      77       0       0       0       0       0       001010001D    153
     102       0       0       1       0                               0D    154
     142      78       0       0       0       0       0       001010001D    155
     142       0       0       1       0                               0D    156
     144      79       0       0   10000       0       0       000000000D    157
     144       0     -97       1       0                Korper.2       0D    158
     110      80       0       0       0       0       0       001010001D    159
     110       0       0       1       0                               0D    160
     110      81       0       0       0       0       0       001010001D    161
     110       0       0       1       0                               0D    162
     110      82       0       0       0       0       0       001010001D    163
     110       0       0       1       0                               0D    164
     110      83       0       0       0       0       0       001010001D    165
     110       0       0       1       0                               0D    166
     102      84       0       0       0       0       0       001010001D    167
     102       0       0       1       0                               0D    168
     142      85       0       0       0       0       0       001010001D    169
     142       0       0       1       0                               0D    170
     144      86       0       0   10000       0       0       000000000D    171
     144       0     -97       1       0                Korper.2       0D    172
     110      87       0       0       0       0       0       001010001D    173
     110       0       0       1       0                               0D    174
     110      88       0       0       0       0       0       001010001D    175
     110       0       0       1       0                               0D    176
     110      89       0       0       0       0       0       001010001D    177
     110       0       0       1       0                               0D    178
     110      90       0       0       0       0       0       001010001D    179
     110       0       0       1       0                               0D    180
     102      91       0       0       0       0       0       001010001D    181
     102       0       0       1       0                               0D    182
     142      92       0       0       0       0       0       001010001D    183
     142       0       0       1       0                               0D    184
     144      93       0       0   10000       0       0       000000000D    185
     144       0     -97       1       0                Korper.2       0D    186
     110      94       0       0       0       0       0       001010001D    187
     110       0       0       1       0                               0D    188
     110      95       0       0       0       0       0       001010001D    189
     110       0       0       1       0                               0D    190
     110      96       0       0       0       0       0       001010001D    191
     110       0       0       1       0                               0D    192
     110      97       0       0       0       0       0       001010001D    193
     110       0       0       1       0                               0D    194
     102      98       0       0       0       0       0       001010001D    195
     102       0       0       1       0                               0D    196
     142      99       0       0       0       0       0       001010001D    197
     142       0       0       1       0                               0D    198
     144     100       0       0   10000       0       0       000000000D    199
     144       0       0       1       0                Korper.3       0D    200
     108     101       0       0       0       0       0       001010001D    201
     108       0       0       1       0                               0D    202
     110     102       0       0       0       0       0       001010001D    203
     110       0       0       1       0                               0D    204
     110     103       0       0       0       0       0       001010001D    205
     110       0       0       1       0                               0D    206
     110     104       0       0       0       0       0       001010001D    207
     110       0       0       1       0                               0D    208
     110     105       0       0       0       0       0       001010001D    209
     110       0       0       1       0                               0D    210
     102     106       0       0       0       0       0       001010001D    211
     102       0       0       1       0                               0D    212
     142     107       0       0       0       0       0       001010001D    213
     142       0       0       1       0                               0D    214
     144     108       0       0   10000       0       0       000000000D    215
     144       0       0       1       0                Korper.3       0D    216
     110     109       0       0       0       0       0       001010001D    217
     110       0       0       1       0                               0D    218
     110     110       0       0       0       0       0       001010001D    219
     110       0       0       1       0                               0D    220
     110     111       0       0       0       0       0       001010001D    221
     110       0       0       1       0                               0D    222
     110     112       0       0       0       0       0       001010001D    223
     110       0       0       1       0                               0D    224
     102     113       0       0       0       0       0       001010001D    225
     102       0       0       1       0                               0D    226
     142     114       0       0       0       0       0       001010001D    227
     142       0       0       1       0                               0D    228
     144     115       0       0   10000       0       0       000000000D    229
     144       0       0       1       0                Korper.3       0D    230
     108     116       0       0       0       0       0       001010001D    231
     108       0       0       1       0                               0D    232
     110     117       0       0       0       0       0       001010001D    233
     110       0       0       1       0                               0D    234
     110     118       0       0       0       0       0       001010001D    235
     110       0       0       1       0                               0D    236
     110     119       0       0       0       0       0       001010001D    237
     110       0       0       1       0                               0D    238
     110     120       0       0       0       0       0       001010001D    239
     110       0       0       1       0                               0D    240
     102     121       0       0       0       0       0       001010001D    241
     102       0       0       1       0                               0D    242
     142     122       0       0       0       0       0       001010001D    243
     142       0       0       1       0                               0D    244
     144     123       0       0   10000       0       0       000000000D    245
     144       0       0       1       0                Korper.3       0D    246
     110     124       0       0       0       0       0       001010001D    247
     110       0       0       1       0                               0D    248
     110     125       0       0       0       0       0       001010001D    249
     110       0       0       1       0                               0D    250
     110     126       0       0       0       0       0       001010001D    251
     110       0       0       1       0                               0D    252
     110     127       0       0       0       0       0       001010001D    253
     110       0       0       1       0                               0D    254
     102     128       0       0       0       0       0       001010001D    255
     102       0       0       1       0                               0D    256
     142     129       0       0       0       0       0       001010001D    257
     142       0       0       1       0                               0D    258
     144     130       0       0   10000       0       0       000000000D    259
     144       0       0       1       0                Korper.3       0D    260
     110     131       0       0       0       0       0       001010001D    261
     110       0       0       1       0                               0D    262
     110     132       0       0       0       0       0       001010001D    263
     110       0       0       1       0                               0D    264
     110     133       0       0       0       0       0       001010001D    265
     110       0       0       1       0                               0D    266
     110     134       0       0       0       0       0       001010001D    267
     110       0       0       1       0                               0D    268
     102     135       0       0       0       0       0       001010001D    269
     102       0       0       1       0                               0D    270
     142     136       0       0       0       0       0       001010001D    271
     142       0       0       1       0                               0D    272
     144     137       0       0   10000       0       0       000000000D    273
     144       0       0       1       0                Korper.3       0D    274
     108     138       0       0       0       0       0       001010001D    275
     108       0     -97       1       0                               0D    276
     110     139       0       0       0       0       0       001010001D    277
     110       0       0       1       0                               0D    278
     110     140       0       0       0       0       0       001010001D    279
     110       0       0       1       0                               0D    280
     110     141       0       0       0       0       0       001010001D    281
     110       0       0       1       0                               0D    282
     110     142       0       0       0       0       0       001010001D    283
     110       0       0       1       0                               0D    284
     102     143       0       0       0       0       0       001010001D    285
     102       0       0       1       0                               0D    286
     142     144       0       0       0       0       0       001010001D    287
     142       0       0       1       0                               0D    288
     144     145       0       0   10000       0       0       000000000D    289
     144       0     -97       1       0                Korper.4       0D    290
     110     146       0       0       0       0       0       001010001D    291
     110       0       0       1       0                               0D    292
     110     147       0       0       0       0       0       001010001D    293
     110       0       0       1       0                               0D    294
     110     148       0       0       0       0       0       001010001D    295
     110       0       0       1       0                               0D    296
     110     149       0       0       0       0       0       001010001D    297
     110       0       0       1       0                               0D    298
     102     150       0       0       0       0       0       001010001D    299
     102       0       0       1       0                               0D    300
     142     151       0       0       0       0       0       001010001D    301
     142       0       0       1       0                               0D    302
     144     152       0       0   10000       0       0       000000000D    303
     144       0     -97       1       0                Korper.4       0D    304
     108     153       0       0       0       0       0       001010001D    305
     108       0     -97       1       0                               0D    306
     110     154       0       0       0       0       0       001010001D    307
     110       0       0       1       0                               0D    308
     110     155       0       0       0       0       0       001010001D    309
     110       0       0       1       0                               0D    310
     110     156       0       0       0       0       0       001010001D    311
     110       0       0       1       0                               0D    312
     110     157       0       0       0       0       0       001010001D    313
     110       0       0       1       0                               0D    314
     102     158       0       0       0       0       0       001010001D    315
     102       0       0       1       0                               0D    316
     142     159       0       0       0       0       0       001010001D    317
     142       0       0       1       0                               0D    318
     144     160       0       0   10000       0       0       000000000D    319
     144       0     -97       1       0                Korper.4       0D    320
     110     161       0       0       0       0       0       001010001D    321
     110       0       0       1       0                               0D    322
     110     162       0       0       0       0       0       001010001D    323
     110       0       0       1       0                               0D    324
     110     163       0       0       0       0       0       001010001D    325
     110       0       0       1       0                               0D    326
     110     164       0       0       0       0       0       001010001D    327
     110       0       0       1       0                               0D    328
     102     165       0       0       0       0       0       001010001D    329
     102       0       0       1       0                               0D    330
     142     166       0       0       0       0       0       001010001D    331
     142       0       0       1       0                               0D    332
     144     167       0       0   10000       0       0       000000000D    333
     144       0     -97       1       0                Korper.4       0D    334
     110     168       0       0       0       0       0       001010001D    335
     110       0       0       1       0                               0D    336
     110     169       0       0       0       0       0       001010001D    337
     110       0       0       1       0                               0D    338
     110     170       0       0       0       0       0       001010001D    339
     110       0       0       1       0                               0D    340
     110     171       0       0       0       0       0       001010001D    341
     110       0       0       1       0                               0D    342
     102     172       0       0       0       0       0       001010001D    343
     102       0       0       1       0                               0D    344
     142     173       0       0       0       0       0       001010001D    345
     142       0       0       1       0                               0D    346
     144     174       0       0   10000       0       0       000000000D    347
     144       0     -97       1       0                Korper.4       0D    348
     110     175       0       0       0       0       0       001010001D    349
     110       0       0       1       0                               0D    350
     110     176       0       0       0       0       0       001010001D    351
     110       0       0       1       0                               0D    352
     110     177       0       0       0       0       0       001010001D    353
     110       0       0       1       0                               0D    354
     110     178       0       0       0       0       0       001010001D    355
     110       0       0       1       0                               0D    356
     102     179       0       0       0       0       0       001010001D    357
     102       0       0       1       0                               0D    358
     142     180       0       0       0       0       0       001010001D    359
     142       0       0       1       0                               0D    360
     144     181       0       0   10000       0       0       000000000D    361
     144       0     -97       1       0                Korper.4       0D    362
     108     182       0       0       0       0       0       001010001D    363
     108       0       0       1       0                               0D    364
     110     183       0       0       0       0       0       001010001D    365
     110       0       0       1       0                               0D    366
     110     184       0       0       0       0       0       001010001D    367
     110       0       0       1       0                               0D    368
     110     185       0       0       0       0       0       001010001D    369
     110       0       0       1       0                               0D    370
     110     186       0       0       0       0       0       001010001D    371
     110       0       0       1       0                               0D    372
     102     187       0       0       0       0       0       001010001D    373
     102       0       0       1       0                               0D    374
     142     188       0       0       0       0       0       001010001D    375
     142       0       0       1       0                               0D    376
     144     189       0       0   10000       0       0       000000000D    377
     144       0       0       1       0                Korper.5       0D    378
     110     190       0       0       0       0       0       001010001D    379
     110       0       0       1       0                               0D    380
     110     191       0       0       0       0       0       001010001D    381
     110       0       0       1       0                               0D    382
     110     192       0       0       0       0       0       001010001D    383
     110       0       0       1       0                               0D    384
     110     193       0       0       0       0       0       001010001D    385
     110       0       0       1       0                               0D    386
     102     194       0       0       0       0       0       001010001D    387
     102       0       0       1       0                               0D    388
     142     195       0       0       0       0       0       001010001D    389
     142       0       0       1       0                               0D    390
     144     196       0       0   10000       0       0       000000000D    391
     144       0       0       1       0                Korper.5       0D    392
     108     197       0       0       0       0       0       001010001D    393
     108       0       0       1       0                               0D    394
     110     198       0       0       0       0       0       001010001D    395
     110       0       0       1       0                               0D    396
     110     199       0       0       0       0       0       001010001D    397
     110       0       0       1       0                               0D    398
     110     200       0       0       0       0       0       001010001D    399
     110       0       0       1       0                               0D    400
     110     201       0       0       0       0       0       001010001D    401
     110       0       0       1       0                               0D    402
     102     202       0       0       0       0       0       001010001D    403
     102       0       0       1       0                               0D    404
     142     203       0       0       0       0       0       001010001D    405
     142       0       0       1       0                               0D    406
     144     204       0       0   10000       0       0       000000000D    407
     144       0       0       1       0                Korper.5       0D    408
     110     205       0       0       0       0       0       001010001D    409
     110       0       0       1       0                               0D    410
     110     206       0       0       0       0       0       001010001D    411
     110       0       0       1       0                               0D    412
     110     207       0       0       0       0       0       001010001D    413
     110       0       0       1       0                               0D    414
     110     208       0       0       0       0       0       001010001D    415
     110       0       0       1       0                               0D    416
     102     209       0       0       0       0       0       001010001D    417
     102       0       0       1       0                               0D    418
     142     210       0       0       0       0       0       001010001D    419
     142       0       0       1       0                               0D    420
     144     211       0       0   10000       0       0       000000000D    421
     144       0       0       1       0                Korper.5       0D    422
     110     212       0       0       0       0       0       001010001D    423
     110       0       0       1       0                               0D    424
     110     213       0       0       0       0       0       001010001D    425
     110       0       0       1       0                               0D    426
     110     214       0       0       0       0       0       001010001D    427
     110       0       0       1       0                               0D    428
     110     215       0       0       0       0       0       001010001D    429
     110       0       0       1       0                               0D    430
     102     216       0       0       0       0       0       001010001D    431
     102       0       0       1       0                               0D    432
     142     217       0       0       0       0       0       001010001D    433
     142       0       0       1       0                               0D    434
     144     218       0       0   10000       0       0       000000000D    435
     144       0       0       1       0                Korper.5       0D    436
     110     219       0       0       0       0       0       001010001D    437
     110       0       0       1       0                               0D    438
     110     220       0       0       0       0       0       001010001D    439
     110       0       0       1       0                               0D    440
     110     221       0       0       0       0       0       001010001D    441
     110       0       0       1       0                               0D    442
     110     222       0       0       0       0       0       001010001D    443
     110       0       0       1       0                               0D    444
     102     223       0       0       0       0       0       001010001D    445
     102       0       0       1       0                               0D    446
     142     224       0       0       0       0       0       001010001D    447
     142       0       0       1       0                               0D    448
     144     225       0       0   10000       0       0       000000000D    449
     144       0       0       1       0                Korper.5       0D    450
     314     226       0       0       0       0       0       000000201D    451
     314       0       0       1       0                               0D    452
     110     227       0       0       0       0       0       001010001D    453
     110       0       0       1       0                               0D    454
     110     228       0       0       0       0       0       001010001D    455
     110       0       0       1       0                               0D    456
     110     229       0       0       0       0       0       001010001D    457
     110       0       0       1       0                               0D    458
     110     230       0       0       0       0       0       001010001D    459
     110       0       0       1       0                               0D    460
     102     231       0       0       0       0       0       001010001D    461
     102       0       0       1       0                               0D    462
     142     232       0       0       0       0       0       001010001D    463
     142       0       0       1       0                               0D    464
     144     233       0       0   10000       0       0       000000000D    465
     144       0    -451       1       0                Korper.6       0D    466
     110     234       0       0       0       0       0       001010001D    467
     110       0       0       1       0                               0D    468
     110     235       0       0       0       0       0       001010001D    469
     110       0       0       1       0                               0D    470
     110     236       0       0       0       0       0       001010001D    471
     110       0       0       1       0                               0D    472
     110     237       0       0       0       0       0       001010001D    473
     110       0       0       1       0                               0D    474
     102     238       0       0       0       0       0       001010001D    475
     102       0       0       1       0                               0D    476
     142     239       0       0       0       0       0       001010001D    477
     142       0       0       1       0                               0D    478
     144     240       0       0   10000       0       0       000000000D    479
     144       0    -451       1       0                Korper.6       0D    480
     110     241       0       0       0       0       0       001010001D    481
     110       0       0       1       0                               0D    482
     110     242       0       0       0       0       0       001010001D    483
     110       0       0       1       0                               0D    484
     110     243       0       0       0       0       0       001010001D    485
     110       0       0       1       0                               0D    486
     110     244       0       0       0       0       0       001010001D    487
     110       0       0       1       0                               0D    488
     102     245       0       0       0       0       0       001010001D    489
     102       0       0       1       0                               0D    490
     142     246       0       0       0       0       0       001010001D    491
     142       0       0       1       0                               0D    492
     144     247       0       0   10000       0       0       000000000D    493
     144       0    -451       1       0                Korper.6       0D    494
     110     248       0       0       0       0       0       001010001D    495
     110       0       0       1       0                               0D    496
     110     249       0       0       0       0       0       001010001D    497
     110       0       0       1       0                               0D    498
     110     250       0       0       0       0       0       001010001D    499
     110       0       0       1       0                               0D    500
     110     251       0       0       0       0       0       001010001D    501
     110       0       0       1       0                               0D    502
     102     252       0       0       0       0       0       001010001D    503
     102       0       0       1       0                               0D    504
     142     253       0       0       0       0       0       001010001D    505
     142       0       0       1       0                               0D    506
     144     254       0       0   10000       0       0       000000000D    507
     144       0    -451       1       0                Korper.6       0D    508
     110     255       0       0       0       0       0       001010001D    509
     110       0       0       1       0                               0D    510
     110     256       0       0       0       0       0       001010001D    511
     110       0       0       1       0                               0D    512
     110     257       0       0       0       0       0       001010001D    513
     110       0       0       1       0                               0D    514
     110     258       0       0       0       0       0       001010001D    515
     110       0       0       1       0                               0D    516
     102     259       0       0       0       0       0       001010001D    517
     102       0       0       1       0                               0D    518
     142     260       0       0       0       0       0       001010001D    519
     142       0       0       1       0                               0D    520
     144     261       0       0   10000       0       0       000000000D    521
     144       0    -451       1       0                Korper.6       0D    522
     110     262       0       0       0       0       0       001010001D    523
     110       0       0       1       0                               0D    524
     110     263       0       0       0       0       0       001010001D    525
     110       0       0       1       0                               0D    526
     110     264       0       0       0       0       0       001010001D    527
     110       0       0       1       0                               0D    528
     110     265       0       0       0       0       0       001010001D    529
     110       0       0       1       0                               0D    530
     102     266       0       0       0       0       0       001010001D    531
     102       0       0       1       0                               0D    532
     142     267       0       0       0       0       0       001010001D    533
     142       0       0       1       0                               0D    534
     144     268       0       0   10000       0       0       000000000D    535
     144       0    -451       1       0                Korper.6       0D    536
     314     269       0       0       0       0       0       000000201D    537
     314       0       0       1       0                               0D    538
     110     270       0       0       0       0       0       001010001D    539
     110       0       0       1       0                               0D    540
     110     271       0       0       0       0       0       001010001D    541
     110       0       0       1       0                               0D    542
     110     272       0       0       0       0       0       001010001D    543
     110       0       0       1       0                               0D    544
     110     273       0       0       0       0       0       001010001D    545
     110       0       0       1       0                               0D    546
     102     274       0       0       0       0       0       001010001D    547
     102       0       0       1       0                               0D    548
     142     275       0       0       0       0       0       001010001D    549
     142       0       0       1       0                               0D    550
     144     276       0       0   10000       0       0       000000000D    551
     144       0    -537       1       0                Korper.7       0D    552
     110     277       0       0       0       0       0       001010001D    553
     110       0       0       1       0                               0D    554
     110     278       0       0       0       0       0       001010001D    555
     110       0       0       1       0                               0D    556
     110     279       0       0       0       0       0       001010001D    557
     110       0       0       1       0                               0D    558
     110     280       0       0       0       0       0       001010001D    559
     110       0       0       1       0                               0D    560
     102     281       0       0       0       0       0       001010001D    561
     102       0       0       1       0                               0D    562
     142     282       0       0       0       0       0       001010001D    563
     142       0       0       1       0                               0D    564
     144     283       0       0   10000       0       0       000000000D    565
     144       0    -537       1       0                Korper.7       0D    566
     110     284       0       0       0       0       0       001010001D    567
     110       0       0       1       0                               0D    568
     110     285       0       0       0       0       0       001010001D    569
     110       0       0       1       0                               0D    570
     110     286       0       0       0       0       0       001010001D    571
     110       0       0       1       0                               0D    572
     110     287       0       0       0       0       0       001010001D    573
     110       0       0       1       0                               0D    574
     102     288       0       0       0       0       0       001010001D    575
     102       0       0       1       0                               0D    576
     142     289       0       0       0       0       0       001010001D    577
     142       0       0       1       0                               0D    578
     144     290       0       0   10000       0       0       000000000D    579
     144       0    -537       1       0                Korper.7       0D    580
     110     291       0       0       0       0       0       001010001D    581
     110       0       0       1       0                               0D    582
     110     292       0       0       0       0       0       001010001D    583
     110       0       0       1       0                               0D    584
     110     293       0       0       0       0       0       001010001D    585
     110       0       0       1       0                               0D    586
     110     294       0       0       0       0       0       001010001D    587
     110       0       0       1       0                               0D    588
     102     295       0       0       0       0       0       001010001D    589
     102       0       0       1       0                               0D    590
     142     296       0       0       0       0       0       001010001D    591
     142       0       0       1       0                               0D    592
     144     297       0       0   10000       0       0       000000000D    593
     144       0    -537       1       0                Korper.7       0D    594
     110     298       0       0       0       0       0       001010001D    595
     110       0       0       1       0                               0D    596
     110     299       0       0       0       0       0       001010001D    597
     110       0       0       1       0                               0D    598
     110     300       0       0       0       0       0       001010001D    599
     110       0       0       1       0                               0D    600
     110     301       0       0       0       0       0       001010001D    601
     110       0       0       1       0                               0D    602
     102     302       0       0       0       0       0       001010001D    603
     102       0       0       1       0                               0D    604
     142     303       0       0       0       0       0       001010001D    605
     142       0       0       1       0                               0D    606
     144     304       0       0   10000       0       0       000000000D    607
     144       0    -537       1       0                Korper.7       0D    608
     110     305       0       0       0       0       0       001010001D    609
     110       0       0       1       0                               0D    610
     110     306       0       0       0       0       0       001010001D    611
     110       0       0       1       0                               0D    612
     110     307       0       0       0       0       0       001010001D    613
     110       0       0       1       0                               0D    614
     110     308       0       0       0       0       0       001010001D    615
     110       0       0       1       0                               0D    616
     102     309       0       0       0       0       0       001010001D    617
     102       0       0       1       0                               0D    618
     142     310       0       0       0       0       0       001010001D    619
     142       0       0       1       0                               0D    620
     144     311       0       0   10000       0       0       000000000D    621
     144       0    -537       1       0                Korper.7       0D    622
     110     312       0       0       0       0       0       001010001D    623
     110       0       0       1       0                               0D    624
     110     313       0       0       0       0       0       001010001D    625
     110       0       0       1       0                               0D    626
     110     314       0       0       0       0       0       001010001D    627
     110       0       0       1       0                               0D    628
     110     315       0       0       0       0       0       001010001D    629
     110       0       0       1       0                               0D    630
     102     316       0       0       0       0       0       001010001D    631
     102       0       0       1       0                               0D    632
     142     317       0       0       0       0       0       001010001D    633
     142       0       0       1       0                               0D    634
     144     318       0       0   10000       0       0       000000000D    635
     144       0    -537       1       0                Korper.8       0D    636
     110     319       0       0       0       0       0       001010001D    637
     110       0       0       1       0                               0D    638
     110     320       0       0       0       0       0       001010001D    639
     110       0       0       1       0                               0D    640
     110     321       0       0       0       0       0       001010001D    641
     110       0       0       1       0                               0D    642
     110     322       0       0       0       0       0       001010001D    643
     110       0       0       1       0                               0D    644
     102     323       0       0       0       0       0       001010001D    645
     102       0       0       1       0                               0D    646
     142     324       0       0       0       0       0       001010001D    647
     142       0       0       1       0                               0D    648
     144     325       0       0   10000       0       0       000000000D    649
     144       0    -537       1       0                Korper.8       0D    650
     110     326       0       0       0       0       0       001010001D    651
     110       0       0       1       0                               0D    652
     110     327       0       0       0       0       0       001010001D    653
     110       0       0       1       0                               0D    654
     110     328       0       0       0       0       0       001010001D    655
     110       0       0       1       0                               0D    656
     110     329       0       0       0       0       0       001010001D    657
     110       0       0       1       0                               0D    658
     102     330       0       0       0       0       0       001010001D    659
     102       0       0       1       0                               0D    660
     142     331       0       0       0       0       0       001010001D    661
     142       0       0       1       0                               0D    662
     144     332       0       0   10000       0       0       000000000D    663
     144       0    -537       1       0                Korper.8       0D    664
     110     333       0       0       0       0       0       001010001D    665
     110       0       0       1       0                               0D    666
     110     334       0       0       0       0       0       001010001D    667
     110       0       0       1       0                               0D    668
     110     335       0       0       0       0       0       001010001D    669
     110       0       0       1       0                               0D    670
     110     336       0       0       0       0       0       001010001D    671
     110       0       0       1       0                               0D    672
     102     337       0       0       0       0       0       001010001D    673
     102       0       0       1       0                               0D    674
     142     338       0       0       0       0       0       001010001D    675
     142       0       0       1       0                               0D    676
     144     339       0       0   10000       0       0       000000000D    677
     144       0    -537       1       0                Korper.8       0D    678
     110     340       0       0       0       0       0       001010001D    679
     110       0       0       1       0                               0D    680
     110     341       0       0       0       0       0       001010001D    681
     110       0       0       1       0                               0D    682
     110     342       0       0       0       0       0       001010001D    683
     110       0       0       1       0                               0D    684
     110     343       0       0       0       0       0       001010001D    685
     110       0       0       1       0                               0D    686
     102     344       0       0       0       0       0       001010001D    687
     102       0       0       1       0                               0D    688
     142     345       0       0       0       0       0       001010001D    689
     142       0       0       1       0                               0D    690
     144     346       0       0   10000       0       0       000000000D    691
     144       0    -537       1       0                Korper.8       0D    692
     110     347       0       0       0       0       0       001010001D    693
     110       0       0       1       0                               0D    694
     110     348       0       0       0       0       0       001010001D    695
     110       0       0       1       0                               0D    696
     110     349       0       0       0       0       0       001010001D    697
     110       0       0       1       0                               0D    698
     110     350       0       0       0       0       0       001010001D    699
     110       0       0       1       0                               0D    700
     102     351       0       0       0       0       0       001010001D    701
     102       0       0       1       0                               0D    702
     142     352       0       0       0       0       0       001010001D    703
     142       0       0       1       0                               0D    704
     144     353       0       0   10000       0       0       000000000D    705
     144       0    -537       1       0                Korper.8       0D    706
     110     354       0       0       0       0       0       001010001D    707
     110       0       0       1       0                               0D    708
     110     355       0       0       0       0       0       001010001D    709
     110       0       0       1       0                               0D    710
     110     356       0       0       0       0       0       001010001D    711
     110       0       0       1       0                               0D    712
     110     357       0       0       0       0       0       001010001D    713
     110       0       0       1       0                               0D    714
     102     358       0       0       0       0       0       001010001D    715
     102       0       0       1       0                               0D    716
     142     359       0       0       0       0       0       001010001D    717
     142       0       0       1       0                               0D    718
     144     360       0       0   10000       0       0       000000000D    719
     144       0       0       1       0                Korper.9       0D    720
     110     361       0       0       0       0       0       001010001D    721
     110       0       0       1       0                               0D    722
     110     362       0       0       0       0       0       001010001D    723
     110       0       0       1       0                               0D    724
     110     363       0       0       0       0       0       001010001D    725
     110       0       0       1       0                               0D    726
     110     364       0       0       0       0       0       001010001D    727
     110       0       0       1       0                               0D    728
     102     365       0       0       0       0       0       001010001D    729
     102       0       0       1       0                               0D    730
     142     366       0       0       0       0       0       001010001D    731
     142       0       0       1       0                               0D    732
     144     367       0       0   10000       0       0       000000000D    733
     144       0       0       1       0                Korper.9       0D    734
     110     368       0       0       0       0       0       001010001D    735
     110       0       0       1       0                               0D    736
     110     369       0       0       0       0       0       001010001D    737
     110       0       0       1       0                               0D    738
     110     370       0       0       0       0       0       001010001D    739
     110       0       0       1       0                               0D    740
     110     371       0       0       0       0       0       001010001D    741
     110       0       0       1       0                               0D    742
     102     372       0       0       0       0       0       001010001D    743
     102       0       0       1       0                               0D    744
     142     373       0       0       0       0       0       001010001D    745
     142       0       0       1       0                               0D    746
     144     374       0       0   10000       0       0       000000000D    747
     144       0       0       1       0                Korper.9       0D    748
     110     375       0       0       0       0       0       001010001D    749
     110       0       0       1       0                               0D    750
     110     376       0       0       0       0       0       001010001D    751
     110       0       0       1       0                               0D    752
     110     377       0       0       0       0       0       001010001D    753
     110       0       0       1       0                               0D    754
     110     378       0       0       0       0       0       001010001D    755
     110       0       0       1       0                               0D    756
     102     379       0       0       0       0       0       001010001D    757
     102       0       0       1       0                               0D    758
     142     380       0       0       0       0       0       001010001D    759
     142       0       0       1       0                               0D    760
     144     381       0       0   10000       0       0       000000000D    761
     144       0       0       1       0                Korper.9       0D    762
     110     382       0       0       0       0       0       001010001D    763
     110       0       0       1       0                               0D    764
     110     383       0       0       0       0       0       001010001D    765
     110       0       0       1       0                               0D    766
     110     384       0       0       0       0       0       001010001D    767
     110       0       0       1       0                               0D    768
     110     385       0       0       0       0       0       001010001D    769
     110       0       0       1       0                               0D    770
     102     386       0       0       0       0       0       001010001D    771
     102       0       0       1       0                               0D    772
     142     387       0       0       0       0       0       001010001D    773
     142       0       0       1       0                               0D    774
     144     388       0       0   10000       0       0       000000000D    775
     144       0       0       1       0                Korper.9       0D    776
     110     389       0       0       0       0       0       001010001D    777
     110       0       0       1       0                               0D    778
     110     390       0       0       0       0       0       001010001D    779
     110       0       0       1       0                               0D    780
     110     391       0       0       0       0       0       001010001D    781
     110       0       0       1       0                               0D    782
     110     392       0       0       0       0       0       001010001D    783
     110       0       0       1       0                               0D    784
     102     393       0       0       0       0       0       001010001D    785
     102       0       0       1       0                               0D    786
     142     394       0       0       0       0       0       001010001D    787
     142       0       0       1       0                               0D    788
     144     395       0       0   10000       0       0       000000000D    789
     144       0       0       1       0                Korper.9       0D    790
     406     396       0       0       0       0       0       000010201D    791
     406       0       0       1      15                               0D    792
     110     397       0       0       0       0       0       001010001D    793
     110       0       0       1       0                               0D    794
     110     398       0       0       0       0       0       001010001D    795
     110       0       0       1       0                               0D    796
     110     399       0       0       0       0       0       001010001D    797
     110       0       0       1       0                               0D    798
     110     400       0       0       0       0       0       001010001D    799
     110       0       0       1       0                               0D    800
     102     401       0       0       0       0       0       001010001D    801
     102       0       0       1       0                               0D    802
     142     402       0       0       0       0       0       001010001D    803
     142       0       0       1       0                               0D    804
     144     403       0       0   10000       0       0       000000000D    805
     144       0     -97       1       0                               0D    806
     110     404       0       0       0       0       0       001010001D    807
     110       0       0       1       0                               0D    808
     110     405       0       0       0       0       0       001010001D    809
     110       0       0       1       0                               0D    810
     110     406       0       0       0       0       0       001010001D    811
     110       0       0       1       0                               0D    812
     110     407       0       0       0       0       0       001010001D    813
     110       0       0       1       0                               0D    814
     102     408       0       0       0       0       0       001010001D    815
     102       0       0       1       0                               0D    816
     142     409       0       0       0       0       0       001010001D    817
     142       0       0       1       0                               0D    818
     144     410       0       0   10000       0       0       000000000D    819
     144       0     -97       1       0                               0D    820
     110     411       0       0       0       0       0       001010001D    821
     110       0       0       1       0                               0D    822
     110     412       0       0       0       0       0       001010001D    823
     110       0       0       1       0                               0D    824
     110     413       0       0       0       0       0       001010001D    825
     110       0       0       1       0                               0D    826
     110     414       0       0       0       0       0       001010001D    827
     110       0       0       1       0                               0D    828
     102     415       0       0       0       0       0       001010001D    829
     102       0       0       1       0                               0D    830
     142     416       0       0       0       0       0       001010001D    831
     142       0       0       1       0                               0D    832
     144     417       0       0   10000       0       0       000000000D    833
     144       0     -97       1       0                               0D    834
     110     418       0       0       0       0       0       001010001D    835
     110       0       0       1       0                               0D    836
     110     419       0       0       0       0       0       001010001D    837
     110       0       0       1       0                               0D    838
     110     420       0       0       0       0       0       001010001D    839
     110       0       0       1       0                               0D    840
     110     421       0       0       0       0       0       001010001D    841
     110       0       0       1       0                               0D    842
     102     422       0       0       0       0       0       001010001D    843
     102       0       0       1       0                               0D    844
     142     423       0       0       0       0       0       001010001D    845
     142       0       0       1       0                               0D    846
     144     424       0       0   10000       0       0       000000000D    847
     144       0     -97       1       0                               0D    848
     110     425       0       0       0       0       0       001010001D    849
     110       0       0       1       0                               0D    850
     110     426       0       0       0       0       0       001010001D    851
     110       0       0       1       0                               0D    852
     110     427       0       0       0       0       0       001010001D    853
     110       0       0       1       0                               0D    854
     110     428       0       0       0       0       0       001010001D    855
     110       0       0       1       0                               0D    856
     102     429       0       0       0       0       0       001010001D    857
     102       0       0       1       0                               0D    858
     142     430       0       0       0       0       0       001010001D    859
     142       0       0       1       0                               0D    860
     144     431       0       0   10000       0       0       000000000D    861
     144       0     -97       1       0                               0D    862
     108     432       0       0       0       0       0       001010001D    863
     108       0     -97       1       0                               0D    864
     110     433       0       0       0       0       0       001010001D    865
     110       0       0       1       0                               0D    866
     110     434       0       0       0       0       0       001010001D    867
     110       0       0       1       0                               0D    868
     110     435       0       0       0       0       0       001010001D    869
     110       0       0       1       0                               0D    870
     110     436       0       0       0       0       0       001010001D    871
     110       0       0       1       0                               0D    872
     102     437       0       0       0       0       0       001010001D    873
     102       0       0       1       0                               0D    874
     142     438       0       0       0       0       0       001010001D    875
     142       0       0       1       0                               0D    876
     144     439       0       0   10000       0       0       000000000D    877
     144       0     -97       1       0                               0D    878
     406     440       0       0       0       0       0       000010201D    879
     406       0       0       1      15                               0D    880
     110     441       0       0       0       0       0       001010001D    881
     110       0       0       1       0                               0D    882
     110     442       0       0       0       0       0       001010001D    883
     110       0       0       1       0                               0D    884
     110     443       0       0       0       0       0       001010001D    885
     110       0       0       1       0                               0D    886
     110     444       0       0       0       0       0       001010001D    887
     110       0       0       1       0                               0D    888
     102     445       0       0       0       0       0       001010001D    889
     102       0       0       1       0                               0D    890
     142     446       0       0       0       0       0       001010001D    891
     142       0       0       1       0                               0D    892
     144     447       0       0   10000       0       0       000000000D    893
     144       0     -97       1       0                               0D    894
     110     448       0       0       0       0       0       001010001D    895
     110       0       0       1       0                               0D    896
     110     449       0       0       0       0       0       001010001D    897
     110       0       0       1       0                               0D    898
     110     450       0       0       0       0       0       001010001D    899
     110       0       0       1       0                               0D    900
     110     451       0       0       0       0       0       001010001D    901
     110       0       0       1       0                               0D    902
     102     452       0       0       0       0       0       001010001D    903
     102       0       0       1       0                               0D    904
     142     453       0       0       0       0       0       001010001D    905
     142       0       0       1       0                               0D    906
     144     454       0       0   10000       0       0       000000000D    907
     144       0     -97       1       0                               0D    908
     110     455       0       0       0       0       0       001010001D    909
     110       0       0       1       0                               0D    910
     110     456       0       0       0       0       0       001010001D    911
     110       0       0       1       0                               0D    912
     110     457       0       0       0       0       0       001010001D    913
     110       0       0       1       0                               0D    914
     110     458       0       0       0       0       0       001010001D    915
     110       0       0       1       0                               0D    916
     102     459       0       0       0       0       0       001010001D    917
     102       0       0       1       0                               0D    918
     142     460       0       0       0       0       0       001010001D    919
     142       0       0       1       0                               0D    920
     144     461       0       0   10000       0       0       000000000D    921
     144       0     -97       1       0                               0D    922
     110     462       0       0       0       0       0       001010001D    923
     110       0       0       1       0                               0D    924
     110     463       0       0       0       0       0       001010001D    925
     110       0       0       1       0                               0D    926
     110     464       0       0       0       0       0       001010001D    927
     110       0       0       1       0                               0D    928
     110     465       0       0       0       0       0       001010001D    929
     110       0       0       1       0                               0D    930
     102     466       0       0       0       0       0       001010001D    931
     102       0       0       1       0                               0D    932
     142     467       0       0       0       0       0       001010001D    933
     142       0       0       1       0                               0D    934
     144     468       0       0   10000       0       0       000000000D    935
     144       0     -97       1       0                               0D    936
     110     469       0       0       0       0       0       001010001D    937
     110       0       0       1       0                               0D    938
     110     470       0       0       0       0       0       001010001D    939
     110       0       0       1       0                               0D    940
     110     471       0       0       0       0       0       001010001D    941
     110       0       0       1       0                               0D    942
     110     472       0       0       0       0       0       001010001D    943
     110       0       0       1       0                               0D    944
     102     473       0       0       0       0       0       001010001D    945
     102       0       0       1       0                               0D    946
     142     474       0       0       0       0       0       001010001D    947
     142       0       0       1       0                               0D    948
     144     475       0       0   10000       0       0       000000000D    949
     144       0     -97       1       0                               0D    950
     110     476       0       0       0       0       0       001010001D    951
     110       0       0       1       0                               0D    952
     110     477       0       0       0       0       0       001010001D    953
     110       0       0       1       0                               0D    954
     110     478       0       0       0       0       0       001010001D    955
     110       0       0       1       0                               0D    956
     110     479       0       0       0       0       0       001010001D    957
     110       0       0       1       0                               0D    958
     102     480       0       0       0       0       0       001010001D    959
     102       0       0       1       0                               0D    960
     142     481       0       0       0       0       0       001010001D    961
     142       0       0       1       0                               0D    962
     144     482       0       0   10000       0       0       000000000D    963
     144       0     -97       1       0                               0D    964
     406     483       0       0       0       0       0       000010201D    965
     406       0       0       1      15                               0D    966
     110     484       0       0       0       0       0       001010001D    967
     110       0       0       1       0                               0D    968
     110     485       0       0       0       0       0       001010001D    969
     110       0       0       1       0                               0D    970
     110     486       0       0       0       0       0       001010001D    971
     110       0       0       1       0                               0D    972
     110     487       0       0       0       0       0       001010001D    973
     110       0       0       1       0                               0D    974
     102     488       0       0       0       0       0       001010001D    975
     102       0       0       1       0                               0D    976
     142     489       0       0       0       0       0       001010001D    977
     142       0       0       1       0                               0D    978
     144     490       0       0   10000       0       0       000000000D    979
     144       0       0       1       0                               0D    980
     110     491       0       0       0       0       0       001010001D    981
     110       0       0       1       0                               0D    982
     110     492       0       0       0       0       0       001010001D    983
     110       0       0       1       0                               0D    984
     110     493       0       0       0       0       0       001010001D    985
     110       0       0       1       0                               0D    986
     110     494       0       0       0       0       0       001010001D    987
     110       0       0       1       0                               0D    988
     102     495       0       0       0       0       0       001010001D    989
     102       0       0       1       0                               0D    990
     142     496       0       0       0       0       0       001010001D    991
     142       0       0       1       0                               0D    992
     144     497       0       0   10000       0       0       000000000D    993
     144       0       0       1       0                               0D    994
     110     498       0       0       0       0       0       001010001D    995
     110       0       0       1       0                               0D    996
     110     499       0       0       0       0       0       001010001D    997
     110       0       0       1       0                               0D    998
     110     500       0       0       0       0       0       001010001D    999
     110       0       0       1       0                               0D   1000
     110     501       0       0       0       0       0       001010001D   1001
     110       0       0       1       0                               0D   1002
     102     502       0       0       0       0       0       001010001D   1003
     102       0       0       1       0                               0D   1004
     142     503       0       0       0       0       0       001010001D   1005
     142       0       0       1       0                               0D   1006
     144     504       0       0   10000       0       0       000000000D   1007
     144       0       0       1       0                               0D   1008
     110     505       0       0       0       0       0       001010001D   1009
     110       0       0       1       0                               0D   1010
     110     506       0       0       0       0       0       001010001D   1011
     110       0       0       1       0                               0D   1012
     110     507       0       0       0       0       0       001010001D   1013
     110       0       0       1       0                               0D   1014
     110     508       0       0       0       0       0       001010001D   1015
     110       0       0       1       0                               0D   1016
     102     509       0       0       0       0       0       001010001D   1017
     102       0       0       1       0                               0D   1018
     142     510       0       0       0       0       0       001010001D   1019
     142       0       0       1       0                               0D   1020
     144     511       0       0   10000       0       0       000000000D   1021
     144       0       0       1       0                               0D   1022
     110     512       0       0       0       0       0       001010001D   1023
     110       0       0       1       0                               0D   1024
     110     513       0       0       0       0       0       001010001D   1025
     110       0       0       1       0                               0D   1026
     110     514       0       0       0       0       0       001010001D   1027
     110       0       0       1       0                               0D   1028
     110     515       0       0       0       0       0       001010001D   1029
     110       0       0       1       0                               0D   1030
     102     516       0       0       0       0       0       001010001D   1031
     102       0       0       1       0                               0D   1032
     142     517       0       0       0       0       0       001010001D   1033
     142       0       0       1       0                               0D   1034
     144     518       0       0   10000       0       0       000000000D   1035
     144       0       0       1       0                               0D   1036
     110     519       0       0       0       0       0       001010001D   1037
     110       0       0       1       0                               0D   1038
     110     520       0       0       0       0       0       001010001D   1039
     110       0       0       1       0                               0D   1040
     110     521       0       0       0       0       0       001010001D   1041
     110       0       0       1       0                               0D   1042
     110     522       0       0       0       0       0       001010001D   1043
     110       0       0       1       0                               0D   1044
     102     523       0       0       0       0       0       001010001D   1045
     102       0       0       1       0                               0D   1046
     142     524       0       0       0       0       0       001010001D   1047
     142       0       0       1       0                               0D   1048
     144     525       0       0   10000       0       0       000000000D   1049
     144       0       0       1       0                               0D   1050
     406     526       0       0       0       0       0       000010201D   1051
     406       0       0       1      15                               0D   1052
     110     527       0       0       0       0       0       001010001D   1053
     110       0       0       1       0                               0D   1054
     110     528       0       0       0       0       0       001010001D   1055
     110       0       0       1       0                               0D   1056
     110     529       0       0       0       0       0       001010001D   1057
     110       0       0       1       0                               0D   1058
     110     530       0       0       0       0       0       001010001D   1059
     110       0       0       1       0                               0D   1060
     102     531       0       0       0       0       0       001010001D   1061
     102       0       0       1       0                               0D   1062
     142     532       0       0       0       0       0       001010001D   1063
     142       0       0       1       0                               0D   1064
     144     533       0       0   10000       0       0       000000000D   1065
     144       0     -97       1       0                               0D   1066
     110     534       0       0       0       0       0       001010001D   1067
     110       0       0       1       0                               0D   1068
     110     535       0       0       0       0       0       001010001D   1069
     110       0       0       1       0                               0D   1070
     110     536       0       0       0       0       0       001010001D   1071
     110       0       0       1       0                               0D   1072
     110     537       0       0       0       0       0       001010001D   1073
     110       0       0       1       0                               0D   1074
     102     538       0       0       0       0       0       001010001D   1075
     102       0       0       1       0                               0D   1076
     142     539       0       0       0       0       0       001010001D   1077
     142       0       0       1       0                               0D   1078
     144     540       0       0   10000       0       0       000000000D   1079
     144       0     -97       1       0                               0D   1080
     110     541       0       0       0       0       0       001010001D   1081
     110       0       0       1       0                               0D   1082
     110     542       0       0       0       0       0       001010001D   1083
     110       0       0       1       0                               0D   1084
     110     543       0       0       0       0       0       001010001D   1085
     110       0       0       1       0                               0D   1086
     110     544       0       0       0       0       0       001010001D   1087
     110       0       0       1       0                               0D   1088
     102     545       0       0       0       0       0       001010001D   1089
     102       0       0       1       0                               0D   1090
     142     546       0       0       0       0       0       001010001D   1091
     142       0       0       1       0                               0D   1092
     144     547       0       0   10000       0       0       000000000D   1093
     144       0     -97       1       0                               0D   1094
     110     548       0       0       0       0       0       001010001D   1095
     110       0       0       1       0                               0D   1096
     110     549       0       0       0       0       0       001010001D   1097
     110       0       0       1       0                               0D   1098
     110     550       0       0       0       0       0       001010001D   1099
     110       0       0       1       0                               0D   1100
     110     551       0       0       0       0       0       001010001D   1101
     110       0       0       1       0                               0D   1102
     102     552       0       0       0       0       0       001010001D   1103
     102       0       0       1       0                               0D   1104
     142     553       0       0       0       0       0       001010001D   1105
     142       0       0       1       0                               0D   1106
     144     554       0       0   10000       0       0       000000000D   1107
     144       0     -97       1       0                               0D   1108
     110     555       0       0       0       0       0       001010001D   1109
     110       0       0       1       0                               0D   1110
     110     556       0       0       0       0       0       001010001D   1111
     110       0       0       1       0                               0D   1112
     110     557       0       0       0       0       0       001010001D   1113
     110       0       0       1       0                               0D   1114
     110     558       0       0       0       0       0       001010001D   1115
     110       0       0       1       0                               0D   1116
     102     559       0       0       0       0       0       001010001D   1117
     102       0       0       1       0                               0D   1118
     142     560       0       0       0       0       0       001010001D   1119
     142       0       0       1       0                               0D   1120
     144     561       0       0   10000       0       0       000000000D   1121
     144       0     -97       1       0                               0D   1122
     110     562       0       0       0       0       0       001010001D   1123
     110       0       0       1       0                               0D   1124
     110     563       0       0       0       0       0       001010001D   1125
     110       0       0       1       0                               0D   1126
     110     564       0       0       0       0       0       001010001D   1127
     110       0       0       1       0                               0D   1128
     110     565       0       0       0       0       0       001010001D   1129
     110       0       0       1       0                               0D   1130
     102     566       0       0       0       0       0       001010001D   1131
     102       0       0       1       0                               0D   1132
     142     567       0       0       0       0       0       001010001D   1133
     142       0       0       1       0                               0D   1134
     144     568       0       0   10000       0       0       000000000D   1135
     144       0     -97       1       0                               0D   1136
     406     569       0       0       0       0       0       000010201D   1137
     406       0       0       1      15                               0D   1138
     110     570       0       0       0       0       0       001010001D   1139
     110       0       0       1       0                               0D   1140
     110     571       0       0       0       0       0       001010001D   1141
     110       0       0       1       0                               0D   1142
     110     572       0       0       0       0       0       001010001D   1143
     110       0       0       1       0                               0D   1144
     110     573       0       0       0       0       0       001010001D   1145
     110       0       0       1       0                               0D   1146
     102     574       0       0       0       0       0       001010001D   1147
     102       0       0       1       0                               0D   1148
     142     575       0       0       0       0       0       001010001D   1149
     142       0       0       1       0                               0D   1150
     144     576       0       0   10000       0       0       000000000D   1151
     144       0       0       1       0                               0D   1152
     110     577       0       0       0       0       0       001010001D   1153
     110       0       0       1       0                               0D   1154
     110     578       0       0       0       0       0       001010001D   1155
     110       0       0       1       0                               0D   1156
     110     579       0       0       0       0       0       001010001D   1157
     110       0       0       1       0                               0D   1158
     110     580       0       0       0       0       0       001010001D   1159
     110       0       0       1       0                               0D   1160
     102     581       0       0       0       0       0       001010001D   1161
     102       0       0       1       0                               0D   1162
     142     582       0       0       0       0       0       001010001D   1163
     142       0       0       1       0                               0D   1164
     144     583       0       0   10000       0       0       000000000D   1165
     144       0       0       1       0                               0D   1166
     110     584       0       0       0       0       0       001010001D   1167
     110       0       0       1       0                               0D   1168
     110     585       0       0       0       0       0       001010001D   1169
     110       0       0       1       0                               0D   1170
     110     586       0       0       0       0       0       001010001D   1171
     110       0       0       1       0                               0D   1172
     110     587       0       0       0       0       0       001010001D   1173
     110       0       0       1       0                               0D   1174
     102     588       0       0       0       0       0       001010001D   1175
     102       0       0       1       0                               0D   1176
     142     589       0       0       0       0       0       001010001D   1177
     142       0       0       1       0                               0D   1178
     144     590       0       0   10000       0       0       000000000D   1179
     144       0       0       1       0                               0D   1180
     110     591       0       0       0       0       0       001010001D   1181
     110       0       0       1       0                               0D   1182
     110     592       0       0       0       0       0       001010001D   1183
     110       0       0       1       0                               0D   1184
     110     593       0       0       0       0       0       001010001D   1185
     110       0       0       1       0                               0D   1186
     110     594       0       0       0       0       0       001010001D   1187
     110       0       0       1       0                               0D   1188
     102     595       0       0       0       0       0       001010001D   1189
     102       0       0       1       0                               0D   1190
     142     596       0       0       0       0       0       001010001D   1191
     142       0       0       1       0                               0D   1192
     144     597       0       0   10000       0       0       000000000D   1193
     144       0       0       1       0                               0D   1194
     110     598       0       0       0       0       0       001010001D   1195
     110       0       0       1       0                               0D   1196
     110     599       0       0       0       0       0       001010001D   1197
     110       0       0       1       0                               0D   1198
     110     600       0       0       0       0       0       001010001D   1199
     110       0       0       1       0                               0D   1200
     110     601       0       0       0       0       0       001010001D   1201
     110       0       0       1       0                               0D   1202
     102     602       0       0       0       0       0       001010001D   1203
     102       0       0       1       0                               0D   1204
     142     603       0       0       0       0       0       001010001D   1205
     142       0       0       1       0                               0D   1206
     144     604       0       0   10000       0       0       000000000D   1207
     144       0       0       1       0                               0D   1208
     110     605       0       0       0       0       0       001010001D   1209
     110       0       0       1       0                               0D   1210
     110     606       0       0       0       0       0       001010001D   1211
     110       0       0       1       0                               0D   1212
     110     607       0       0       0       0       0       001010001D   1213
     110       0       0       1       0                               0D   1214
     110     608       0       0       0       0       0       001010001D   1215
     110       0       0       1       0                               0D   1216
     102     609       0       0       0       0       0       001010001D   1217
     102       0       0       1       0                               0D   1218
     142     610       0       0       0       0       0       001010001D   1219
     142       0       0       1       0                               0D   1220
     144     611       0       0   10000       0       0       000000000D   1221
     144       0       0       1       0                               0D   1222
     406     612       0       0       0       0       0       000010201D   1223
     406       0       0       1      15                               0D   1224
     110     613       0       0       0       0       0       001010001D   1225
     110       0       0       1       0                               0D   1226
     110     614       0       0       0       0       0       001010001D   1227
     110       0       0       1       0                               0D   1228
     110     615       0       0       0       0       0       001010001D   1229
     110       0       0       1       0                               0D   1230
     110     616       0       0       0       0       0       001010001D   1231
     110       0       0       1       0                               0D   1232
     102     617       0       0       0       0       0       001010001D   1233
     102       0       0       1       0                               0D   1234
     142     618       0       0       0       0       0       001010001D   1235
     142       0       0       1       0                               0D   1236
     144     619       0       0   10000       0       0       000000000D   1237
     144       0    -451       1       0                               0D   1238
     110     620       0       0       0       0       0       001010001D   1239
     110       0       0       1       0                               0D   1240
     110     621       0       0       0       0       0       001010001D   1241
     110       0       0       1       0                               0D   1242
     110     622       0       0       0       0       0       001010001D   1243
     110       0       0       1       0                               0D   1244
     110     623       0       0       0       0       0       001010001D   1245
     110       0       0       1       0                               0D   1246
     102     624       0       0       0       0       0       001010001D   1247
     102       0       0       1       0                               0D   1248
     142     625       0       0       0       0       0       001010001D   1249
     142       0       0       1       0                               0D   1250
     144     626       0       0   10000       0       0       000000000D   1251
     144       0    -451       1       0                               0D   1252
     110     627       0       0       0       0       0       001010001D   1253
     110       0       0       1       0                               0D   1254
     110     628       0       0       0       0       0       001010001D   1255
     110       0       0       1       0                               0D   1256
     110     629       0       0       0       0       0       001010001D   1257
     110       0       0       1       0                               0D   1258
     110     630       0       0       0       0       0       001010001D   1259
     110       0       0       1       0                               0D   1260
     102     631       0       0       0       0       0       001010001D   1261
     102       0       0       1       0                               0D   1262
     142     632       0       0       0       0       0       001010001D   1263
     142       0       0       1       0                               0D   1264
     144     633       0       0   10000       0       0       000000000D   1265
     144       0    -451       1       0                               0D   1266
     110     634       0       0       0       0       0       001010001D   1267
     110       0       0       1       0                               0D   1268
     110     635       0       0       0       0       0       001010001D   1269
     110       0       0       1       0                               0D   1270
     110     636       0       0       0       0       0       001010001D   1271
     110       0       0       1       0                               0D   1272
     110     637       0       0       0       0       0       001010001D   1273
     110       0       0       1       0                               0D   1274
     102     638       0       0       0       0       0       001010001D   1275
     102       0       0       1       0                               0D   1276
     142     639       0       0       0       0       0       001010001D   1277
     142       0       0       1       0                               0D   1278
     144     640       0       0   10000       0       0       000000000D   1279
     144       0    -451       1       0                               0D   1280
     110     641       0       0       0       0       0       001010001D   1281
     110       0       0       1       0                               0D   1282
     110     642       0       0       0       0       0       001010001D   1283
     110       0       0       1       0                               0D   1284
     110     643       0       0       0       0       0       001010001D   1285
     110       0       0       1       0                               0D   1286
     110     644       0       0       0       0       0       001010001D   1287
     110       0       0       1       0                               0D   1288
     102     645       0       0       0       0       0       001010001D   1289
     102       0       0       1       0                               0D   1290
     142     646       0       0       0       0       0       001010001D   1291
     142       0       0       1       0                               0D   1292
     144     647       0       0   10000       0       0       000000000D   1293
     144       0    -451       1       0                               0D   1294
     110     648       0       0       0       0       0       001010001D   1295
     110       0       0       1       0                               0D   1296
     110     649       0       0       0       0       0       001010001D   1297
     110       0       0       1       0                               0D   1298
     110     650       0       0       0       0       0       001010001D   1299
     110       0       0       1       0                               0D   1300
     110     651       0       0       0       0       0       001010001D   1301
     110       0       0       1       0                               0D   1302
     102     652       0       0       0       0       0       001010001D   1303
     102       0       0       1       0                               0D   1304
     142     653       0       0       0       0       0       001010001D   1305
     142       0       0       1       0                               0D   1306
     144     654       0       0   10000       0       0       000000000D   1307
     144       0    -451       1       0                               0D   1308
     406     655       0       0       0       0       0       000010201D   1309
     406       0       0       1      15                               0D   1310
     110     656       0       0       0       0       0       001010001D   1311
     110       0       0       1       0                               0D   1312
     110     657       0       0       0       0       0       001010001D   1313
     110       0       0       1       0                               0D   1314
     110     658       0       0       0       0       0       001010001D   1315
     110       0       0       1       0                               0D   1316
     110     659       0       0       0       0       0       001010001D   1317
     110       0       0       1       0                               0D   1318
     102     660       0       0       0       0       0       001010001D   1319
     102       0       0       1       0                               0D   1320
     142     661       0       0       0       0       0       001010001D   1321
     142       0       0       1       0                               0D   1322
     144     662       0       0   10000       0       0       000000000D   1323
     144       0    -537       1       0                               0D   1324
     110     663       0       0       0       0       0       001010001D   1325
     110       0       0       1       0                               0D   1326
     110     664       0       0       0       0       0       001010001D   1327
     110       0       0       1       0                               0D   1328
     110     665       0       0       0       0       0       001010001D   1329
     110       0       0       1       0                               0D   1330
     110     666       0       0       0       0       0       001010001D   1331
     110       0       0       1       0                               0D   1332
     102     667       0       0       0       0       0       001010001D   1333
     102       0       0       1       0                               0D   1334
     142     668       0       0       0       0       0       001010001D   1335
     142       0       0       1       0                               0D   1336
     144     669       0       0   10000       0       0       000000000D   1337
     144       0    -537       1       0                               0D   1338
     110     670       0       0       0       0       0       001010001D   1339
     110       0       0       1       0                               0D   1340
     110     671       0       0       0       0       0       001010001D   1341
     110       0       0       1       0                               0D   1342
     110     672       0       0       0       0       0       001010001D   1343
     110       0       0       1       0                               0D   1344
     110     673       0       0       0       0       0       001010001D   1345
     110       0       0       1       0                               0D   1346
     102     674       0       0       0       0       0       001010001D   1347
     102       0       0       1       0                               0D   1348
     142     675       0       0       0       0       0       001010001D   1349
     142       0       0       1       0                               0D   1350
     144     676       0       0   10000       0       0       000000000D   1351
     144       0    -537       1       0                               0D   1352
     110     677       0       0       0       0       0       001010001D   1353
     110       0       0       1       0                               0D   1354
     110     678       0       0       0       0       0       001010001D   1355
     110       0       0       1       0                               0D   1356
     110     679       0       0       0       0       0       001010001D   1357
     110       0       0       1       0                               0D   1358
     110     680       0       0       0       0       0       001010001D   1359
     110       0       0       1       0                               0D   1360
     102     681       0       0       0       0       0       001010001D   1361
     102       0       0       1       0                               0D   1362
     142     682       0       0       0       0       0       001010001D   1363
     142       0       0       1       0                               0D   1364
     144     683       0       0   10000       0       0       000000000D   1365
     144       0    -537       1       0                               0D   1366
     110     684       0       0       0       0       0       001010001D   1367
     110       0       0       1       0                               0D   1368
     110     685       0       0       0       0       0       001010001D   1369
     110       0       0       1       0                               0D   1370
     110     686       0       0       0       0       0       001010001D   1371
     110       0       0       1       0                               0D   1372
     110     687       0       0       0       0       0       001010001D   1373
     110       0       0       1       0                               0D   1374
     102     688       0       0       0       0       0       001010001D   1375
     102       0       0       1       0                               0D   1376
     142     689       0       0       0       0       0       001010001D   1377
     142       0       0       1       0                               0D   1378
     144     690       0       0   10000       0       0       000000000D   1379
     144       0    -537       1       0                               0D   1380
     110     691       0       0       0       0       0       001010001D   1381
     110       0       0       1       0                               0D   1382
     110     692       0       0       0       0       0       001010001D   1383
     110       0       0       1       0                               0D   1384
     110     693       0       0       0       0       0       001010001D   1385
     110       0       0       1       0                               0D   1386
     110     694       0       0       0       0       0       001010001D   1387
     110       0       0       1       0                               0D   1388
     102     695       0       0       0       0       0       001010001D   1389
     102       0       0       1       0                               0D   1390
     142     696       0       0       0       0       0       001010001D   1391
     142       0       0       1       0                               0D   1392
     144     697       0       0   10000       0       0       000000000D   1393
     144       0    -537       1       0                               0D   1394
     406     698       0       0       0       0       0       000010201D   1395
     406       0       0       1      15                               0D   1396
     110     699       0       0       0       0       0       001010001D   1397
     110       0       0       1       0                               0D   1398
     110     700       0       0       0       0       0       001010001D   1399
     110       0       0       1       0                               0D   1400
     110     701       0       0       0       0       0       001010001D   1401
     110       0       0       1       0                               0D   1402
     110     702       0       0       0       0       0       001010001D   1403
     110       0       0       1       0                               0D   1404
     102     703       0       0       0       0       0       001010001D   1405
     102       0       0       1       0                               0D   1406
     142     704       0       0       0       0       0       001010001D   1407
     142       0       0       1       0                               0D   1408
     144     705       0       0   10000       0       0       000000000D   1409
     144       0    -537       1       0                               0D   1410
     110     706       0       0       0       0       0       001010001D   1411
     110       0       0       1       0                               0D   1412
     110     707       0       0       0       0       0       001010001D   1413
     110       0       0       1       0                               0D   1414
     110     708       0       0       0       0       0       001010001D   1415
     110       0       0       1       0                               0D   1416
     110     709       0       0       0       0       0       001010001D   1417
     110       0       0       1       0                               0D   1418
     102     710       0       0       0       0       0       001010001D   1419
     102       0       0       1       0                               0D   1420
     142     711       0       0       0       0       0       001010001D   1421
     142       0       0       1       0                               0D   1422
     144     712       0       0   10000       0       0       000000000D   1423
     144       0    -537       1       0                               0D   1424
     110     713       0       0       0       0       0       001010001D   1425
     110       0       0       1       0                               0D   1426
     110     714       0       0       0       0       0       001010001D   1427
     110       0       0       1       0                               0D   1428
     110     715       0       0       0       0       0       001010001D   1429
     110       0       0       1       0                               0D   1430
     110     716       0       0       0       0       0       001010001D   1431
     110       0       0       1       0                               0D   1432
     102     717       0       0       0       0       0       001010001D   1433
     102       0       0       1       0                               0D   1434
     142     718       0       0       0       0       0       001010001D   1435
     142       0       0       1       0                               0D   1436
     144     719       0       0   10000       0       0       000000000D   1437
     144       0    -537       1       0                               0D   1438
     110     720       0       0       0       0       0       001010001D   1439
     110       0       0       1       0                               0D   1440
     110     721       0       0       0       0       0       001010001D   1441
     110       0       0       1       0                               0D   1442
     110     722       0       0       0       0       0       001010001D   1443
     110       0       0       1       0                               0D   1444
     110     723       0       0       0       0       0       001010001D   1445
     110       0       0       1       0                               0D   1446
     102     724       0       0       0       0       0       001010001D   1447
     102       0       0       1       0                               0D   1448
     142     725       0       0       0       0       0       001010001D   1449
     142       0       0       1       0                               0D   1450
     144     726       0       0   10000       0       0       000000000D   1451
     144       0    -537       1       0                               0D   1452
     110     727       0       0       0       0       0       001010001D   1453
     110       0       0       1       0                               0D   1454
     110     728       0       0       0       0       0       001010001D   1455
     110       0       0       1       0                               0D   1456
     110     729       0       0       0       0       0       001010001D   1457
     110       0       0       1       0                               0D   1458
     110     730       0       0       0       0       0       001010001D   1459
     110       0       0       1       0                               0D   1460
     102     731       0       0       0       0       0       001010001D   1461
     102       0       0       1       0                               0D   1462
     142     732       0       0       0       0       0       001010001D   1463
     142       0       0       1       0                               0D   1464
     144     733       0       0   10000       0       0       000000000D   1465
     144       0    -537       1       0                               0D   1466
     110     734       0       0       0       0       0       001010001D   1467
     110       0       0       1       0                               0D   1468
     110     735       0       0       0       0       0       001010001D   1469
     110       0       0       1       0                               0D   1470
     110     736       0       0       0       0       0       001010001D   1471
     110       0       0       1       0                               0D   1472
     110     737       0       0       0       0       0       001010001D   1473
     110       0       0       1       0                               0D   1474
     102     738       0       0       0       0       0       001010001D   1475
     102       0       0       1       0                               0D   1476
     142     739       0       0       0       0       0       001010001D   1477
     142       0       0       1       0                               0D   1478
     144     740       0       0   10000       0       0       000000000D   1479
     144       0    -537       1       0                               0D   1480
     406     741       0       0       0       0       0       000010201D   1481
     406       0       0       1      15                               0D   1482
     110     742       0       0       0       0       0       001010001D   1483
     110       0       0       1       0                               0D   1484
     110     743       0       0       0       0       0       001010001D   1485
     110       0       0       1       0                               0D   1486
     110     744       0       0       0       0       0       001010001D   1487
     110       0       0       1       0                               0D   1488
     110     745       0       0       0       0       0       001010001D   1489
     110       0       0       1       0                               0D   1490
     102     746       0       0       0       0       0       001010001D   1491
     102       0       0       1       0                               0D   1492
     142     747       0       0       0       0       0       001010001D   1493
     142       0       0       1       0                               0D   1494
     144     748       0       0   10000       0       0       000000000D   1495
     144       0       0       1       0                               0D   1496
     110     749       0       0       0       0       0       001010001D   1497
     110       0       0       1       0                               0D   1498
     110     750       0       0       0       0       0       001010001D   1499
     110       0       0       1       0                               0D   1500
     110     751       0       0       0       0       0       001010001D   1501
     110       0       0       1       0                               0D   1502
     110     752       0       0       0       0       0       001010001D   1503
     110       0       0       1       0                               0D   1504
     102     753       0       0       0       0       0       001010001D   1505
     102       0       0       1       0                               0D   1506
     142     754       0       0       0       0       0       001010001D   1507
     142       0       0       1       0                               0D   1508
     144     755       0       0   10000       0       0       000000000D   1509
     144       0       0       1       0                               0D   1510
     110     756       0       0       0       0       0       001010001D   1511
     110       0       0       1       0                               0D   1512
     110     757       0       0       0       0       0       001010001D   1513
     110       0       0       1       0                               0D   1514
     110     758       0       0       0       0       0       001010001D   1515
     110       0       0       1       0                               0D   1516
     110     759       0       0       0       0       0       001010001D   1517
     110       0       0       1       0                               0D   1518
     102     760       0       0       0       0       0       001010001D   1519
     102       0       0       1       0                               0D   1520
     142     761       0       0       0       0       0       001010001D   1521
     142       0       0       1       0                               0D   1522
     144     762       0       0   10000       0       0       000000000D   1523
     144       0       0       1       0                               0D   1524
     110     763       0       0       0       0       0       001010001D   1525
     110       0       0       1       0                               0D   1526
     110     764       0       0       0       0       0       001010001D   1527
     110       0       0       1       0                               0D   1528
     110     765       0       0       0       0       0       001010001D   1529
     110       0       0       1       0                               0D   1530
     110     766       0       0       0       0       0       001010001D   1531
     110       0       0       1       0                               0D   1532
     102     767       0       0       0       0       0       001010001D   1533
     102       0       0       1       0                               0D   1534
     142     768       0       0       0       0       0       001010001D   1535
     142       0       0       1       0                               0D   1536
     144     769       0       0   10000       0       0       000000000D   1537
     144       0       0       1       0                               0D   1538
     110     770       0       0       0       0       0       001010001D   1539
     110       0       0       1       0                               0D   1540
     110     771       0       0       0       0       0       001010001D   1541
     110       0       0       1       0                               0D   1542
     110     772       0       0       0       0       0       001010001D   1543
     110       0       0       1       0                               0D   1544
     110     773       0       0       0       0       0       001010001D   1545
     110       0       0       1       0                               0D   1546
     102     774       0       0       0       0       0       001010001D   1547
     102       0       0       1       0                               0D   1548
     142     775       0       0       0       0       0       001010001D   1549
     142       0       0       1       0                               0D   1550
     144     776       0       0   10000       0       0       000000000D   1551
     144       0       0       1       0                               0D   1552
     110     777       0       0       0       0       0       001010001D   1553
     110       0       0       1       0                               0D   1554
     110     778       0       0       0       0       0       001010001D   1555
     110       0       0       1       0                               0D   1556
     110     779       0       0       0       0       0       001010001D   1557
     110       0       0       1       0                               0D   1558
     110     780       0       0       0       0       0       001010001D   1559
     110       0       0       1       0                               0D   1560
     102     781       0       0       0       0       0       001010001D   1561
     102       0       0       1       0                               0D   1562
     142     782       0       0       0       0       0       001010001D   1563
     142       0       0       1       0                               0D   1564
     144     783       0       0   10000       0       0       000000000D   1565
     144       0       0       1       0                               0D   1566
     406     784       0       0       0       0       0       000010201D   1567
     406       0       0       1      15                               0D   1568
     110     785       0       0       0       0       0       001010001D   1569
     110       0       0       1       0                               0D   1570
     110     786       0       0       0       0       0       001010001D   1571
     110       0       0       1       0                               0D   1572
     110     787       0       0       0       0       0       001010001D   1573
     110       0       0       1       0                               0D   1574
     110     788       0       0       0       0       0       001010001D   1575
     110       0       0       1       0                               0D   1576
     102     789       0       0       0       0       0       001010001D   1577
     102       0       0       1       0                               0D   1578
     142     790       0       0       0       0       0       001010001D   1579
     142       0       0       1       0                               0D   1580
     144     791       0       0   10000       0       0       000000000D   1581
     144       0     -97       1       0                               0D   1582
     110     792       0       0       0       0       0       001010001D   1583
     110       0       0       1       0                               0D   1584
     110     793       0       0       0       0       0       001010001D   1585
     110       0       0       1       0                               0D   1586
     110     794       0       0       0       0       0       001010001D   1587
     110       0       0       1       0                               0D   1588
     110     795       0       0       0       0       0       001010001D   1589
     110       0       0       1       0                               0D   1590
     102     796       0       0       0       0       0       001010001D   1591
     102       0       0       1       0                               0D   1592
     142     797       0       0       0       0       0       001010001D   1593
     142       0       0       1       0                               0D   1594
     144     798       0       0   10000       0       0       000000000D   1595
     144       0     -97       1       0                               0D   1596
     110     799       0       0       0       0       0       001010001D   1597
     110       0       0       1       0                               0D   1598
     110     800       0       0       0       0       0       001010001D   1599
     110       0       0       1       0                               0D   1600
     110     801       0       0       0       0       0       001010001D   1601
     110       0       0       1       0                               0D   1602
     110     802       0       0       0       0       0       001010001D   1603
     110       0       0       1       0                               0D   1604
     102     803       0       0       0       0       0       001010001D   1605
     102       0       0       1       0                               0D   1606
     142     804       0       0       0       0       0       001010001D   1607
     142       0       0       1       0                               0D   1608
     144     805       0       0   10000       0       0       000000000D   1609
     144       0     -97       1       0                               0D   1610
     110     806       0       0       0       0       0       001010001D   1611
     110       0       0       1       0                               0D   1612
     110     807       0       0       0       0       0       001010001D   1613
     110       0       0       1       0                               0D   1614
     110     808       0       0       0       0       0       001010001D   1615
     110       0       0       1       0                               0D   1616
     110     809       0       0       0       0       0       001010001D   1617
     110       0       0       1       0                               0D   1618
     102     810       0       0       0       0       0       001010001D   1619
     102       0       0       1       0                               0D   1620
     142     811       0       0       0       0       0       001010001D   1621
     142       0       0       1       0                               0D   1622
     144     812       0       0   10000       0       0       000000000D   1623
     144       0     -97       1       0                               0D   1624
     110     813       0       0       0       0       0       001010001D   1625
     110       0       0       1       0                               0D   1626
     110     814       0       0       0       0       0       001010001D   1627
     110       0       0       1       0                               0D   1628
     110     815       0       0       0       0       0       001010001D   1629
     110       0       0       1       0                               0D   1630
     110     816       0       0       0       0       0       001010001D   1631
     110       0       0       1       0                               0D   1632
     102     817       0       0       0       0       0       001010001D   1633
     102       0       0       1       0                               0D   1634
     142     818       0       0       0       0       0       001010001D   1635
     142       0       0       1       0                               0D   1636
     144     819       0       0   10000       0       0       000000000D   1637
     144       0     -97       1       0                               0D   1638
     108     820       0       0       0       0       0       001010001D   1639
     108       0     -97       1       0                               0D   1640
     110     821       0       0       0       0       0       001010001D   1641
     110       0       0       1       0                               0D   1642
     110     822       0       0       0       0       0       001010001D   1643
     110       0       0       1       0                               0D   1644
     110     823       0       0       0       0       0       001010001D   1645
     110       0       0       1       0                               0D   1646
     110     824       0       0       0       0       0       001010001D   1647
     110       0       0       1       0                               0D   1648
     102     825       0       0       0       0       0       001010001D   1649
     102       0       0       1       0                               0D   1650
     142     826       0       0       0       0       0       001010001D   1651
     142       0       0       1       0                               0D   1652
     144     827       0       0   10000       0       0       000000000D   1653
     144       0     -97       1       0                               0D   1654
     406     828       0       0       0       0       0       000010201D   1655
     406       0       0       1      15                               0D   1656
     110     829       0       0       0       0       0       001010001D   1657
     110       0       0       1       0                               0D   1658
     110     830       0       0       0       0       0       001010001D   1659
     110       0       0       1       0                               0D   1660
     110     831       0       0       0       0       0       001010001D   1661
     110       0       0       1       0                               0D   1662
     110     832       0       0       0       0       0       001010001D   1663
     110       0       0       1       0                               0D   1664
     102     833       0       0       0       0       0       001010001D   1665
     102       0       0       1       0                               0D   1666
     142     834       0       0       0       0       0       001010001D   1667
     142       0       0       1       0                               0D   1668
     144     835       0       0   10000       0       0       000000000D   1669
     144       0     -97       1       0                               0D   1670
     110     836       0       0       0       0       0       001010001D   1671
     110       0       0       1       0                               0D   1672
     110     837       0       0       0       0       0       001010001D   1673
     110       0       0       1       0                               0D   1674
     110     838       0       0       0       0       0       001010001D   1675
     110       0       0       1       0                               0D   1676
     110     839       0       0       0       0       0       001010001D   1677
     110       0       0       1       0                               0D   1678
     102     840       0       0       0       0       0       001010001D   1679
     102       0       0       1       0                               0D   1680
     142     841       0       0       0       0       0       001010001D   1681
     142       0       0       1       0                               0D   1682
     144     842       0       0   10000       0       0       000000000D   1683
     144       0     -97       1       0                               0D   1684
     110     843       0       0       0       0       0       001010001D   1685
     110       0       0       1       0                               0D   1686
     110     844       0       0       0       0       0       001010001D   1687
     110       0       0       1       0                               0D   1688
     110     845       0       0       0       0       0       001010001D   1689
     110       0       0       1       0                               0D   1690
     110     846       0       0       0       0       0       001010001D   1691
     110       0       0       1       0                               0D   1692
     102     847       0       0       0       0       0       001010001D   1693
     102       0       0       1       0                               0D   1694
     142     848       0       0       0       0       0       001010001D   1695
     142       0       0       1       0                               0D   1696
     144     849       0       0   10000       0       0       000000000D   1697
     144       0     -97       1       0                               0D   1698
     110     850       0       0       0       0       0       001010001D   1699
     110       0       0       1       0                               0D   1700
     110     851       0       0       0       0       0       001010001D   1701
     110       0       0       1       0                               0D   1702
     110     852       0       0       0       0       0       001010001D   1703
     110       0       0       1       0                               0D   1704
     110     853       0       0       0       0       0       001010001D   1705
     110       0       0       1       0                               0D   1706
     102     854       0       0       0       0       0       001010001D   1707
     102       0       0       1       0                               0D   1708
     142     855       0       0       0       0       0       001010001D   1709
     142       0       0       1       0                               0D   1710
     144     856       0       0   10000       0       0       000000000D   1711
     144       0     -97       1       0                               0D   1712
     110     857       0       0       0       0       0       001010001D   1713
     110       0       0       1       0                               0D   1714
     110     858       0       0       0       0       0       001010001D   1715
     110       0       0       1       0                               0D   1716
     110     859       0       0       0       0       0       001010001D   1717
     110       0       0       1       0                               0D   1718
     110     860       0       0       0       0       0       001010001D   1719
     110       0       0       1       0                               0D   1720
     102     861       0       0       0       0       0       001010001D   1721
     102       0       0       1       0                               0D   1722
     142     862       0       0       0       0       0       001010001D   1723
     142       0       0       1       0                               0D   1724
     144     863       0       0   10000       0       0       000000000D   1725
     144       0     -97       1       0                               0D   1726
     110     864       0       0       0       0       0       001010001D   1727
     110       0       0       1       0                               0D   1728
     110     865       0       0       0       0       0       001010001D   1729
     110       0       0       1       0                               0D   1730
     110     866       0       0       0       0       0       001010001D   1731
     110       0       0       1       0                               0D   1732
     110     867       0       0       0       0       0       001010001D   1733
     110       0       0       1       0                               0D   1734
     102     868       0       0       0       0       0       001010001D   1735
     102       0       0       1       0                               0D   1736
     142     869       0       0       0       0       0       001010001D   1737
     142       0       0       1       0                               0D   1738
     144     870       0       0   10000       0       0       000000000D   1739
     144       0     -97       1       0                               0D   1740
     406     871       0       0       0       0       0       000010201D   1741
     406       0       0       1      15                               0D   1742
     110     872       0       0       0       0       0       001010001D   1743
     110       0       0       1       0                               0D   1744
     110     873       0       0       0       0       0       001010001D   1745
     110       0       0       1       0                               0D   1746
     110     874       0       0       0       0       0       001010001D   1747
     110       0       0       1       0                               0D   1748
     110     875       0       0       0       0       0       001010001D   1749
     110       0       0       1       0                               0D   1750
     102     876       0       0       0       0       0       001010001D   1751
     102       0       0       1       0                               0D   1752
     142     877       0       0       0       0       0       001010001D   1753
     142       0       0       1       0                               0D   1754
     144     878       0       0   10000       0       0       000000000D   1755
     144       0       0       1       0                               0D   1756
     110     879       0       0       0       0       0       001010001D   1757
     110       0       0       1       0                               0D   1758
     110     880       0       0       0       0       0       001010001D   1759
     110       0       0       1       0                               0D   1760
     110     881       0       0       0       0       0       001010001D   1761
     110       0       0       1       0                               0D   1762
     110     882       0       0       0       0       0       001010001D   1763
     110       0       0       1       0                               0D   1764
     102     883       0       0       0       0       0       001010001D   1765
     102       0       0       1       0                               0D   1766
     142     884       0       0       0       0       0       001010001D   1767
     142       0       0       1       0                               0D   1768
     144     885       0       0   10000       0       0       000000000D   1769
     144       0       0       1       0                               0D   1770
     110     886       0       0       0       0       0       001010001D   1771
     110       0       0       1       0                               0D   1772
     110     887       0       0       0       0       0       001010001D   1773
     110       0       0       1       0                               0D   1774
     110     888       0       0       0       0       0       001010001D   1775
     110       0       0       1       0                               0D   1776
     110     889       0       0       0       0       0       001010001D   1777
     110       0       0       1       0                               0D   1778
     102     890       0       0       0       0       0       001010001D   1779
     102       0       0       1       0                               0D   1780
     142     891       0       0       0       0       0       001010001D   1781
     142       0       0       1       0                               0D   1782
     144     892       0       0   10000       0       0       000000000D   1783
     144       0       0       1       0                               0D   1784
     110     893       0       0       0       0       0       001010001D   1785
     110       0       0       1       0                               0D   1786
     110     894       0       0       0       0       0       001010001D   1787
     110       0       0       1       0                               0D   1788
     110     895       0       0       0       0       0       001010001D   1789
     110       0       0       1       0                               0D   1790
     110     896       0       0       0       0       0       001010001D   1791
     110       0       0       1       0                               0D   1792
     102     897       0       0       0       0       0       001010001D   1793
     102       0       0       1       0                               0D   1794
     142     898       0       0       0       0       0       001010001D   1795
     142       0       0       1       0                               0D   1796
     144     899       0       0   10000       0       0       000000000D   1797
     144       0       0       1       0                               0D   1798
     110     900       0       0       0       0       0       001010001D   1799
     110       0       0       1       0                               0D   1800
     110     901       0       0       0       0       0       001010001D   1801
     110       0       0       1       0                               0D   1802
     110     902       0       0       0       0       0       001010001D   1803
     110       0       0       1       0                               0D   1804
     110     903       0       0       0       0       0       001010001D   1805
     110       0       0       1       0                               0D   1806
     102     904       0       0       0       0       0       001010001D   1807
     102       0       0       1       0                               0D   1808
     142     905       0       0       0       0       0       001010001D   1809
     142       0       0       1       0                               0D   1810
     144     906       0       0   10000       0       0       000000000D   1811
     144       0       0       1       0                               0D   1812
     110     907       0       0       0       0       0       001010001D   1813
     110       0       0       1       0                               0D   1814
     110     908       0       0       0       0       0       001010001D   1815
     110       0       0       1       0                               0D   1816
     110     909       0       0       0       0       0       001010001D   1817
     110       0       0       1       0                               0D   1818
     110     910       0       0       0       0       0       001010001D   1819
     110       0       0       1       0                               0D   1820
     102     911       0       0       0       0       0       001010001D   1821
     102       0       0       1       0                               0D   1822
     142     912       0       0       0       0       0       001010001D   1823
     142       0       0       1       0                               0D   1824
     144     913       0       0   10000       0       0       000000000D   1825
     144       0       0       1       0                               0D   1826
     406     914       0       0       0       0       0       000010201D   1827
     406       0       0       1      15                               0D   1828
     110     915       0       0       0       0       0       001010001D   1829
     110       0       0       1       0                               0D   1830
     110     916       0       0       0       0       0       001010001D   1831
     110       0       0       1       0                               0D   1832
     110     917       0       0       0       0       0       001010001D   1833
     110       0       0       1       0                               0D   1834
     110     918       0       0       0       0       0       001010001D   1835
     110       0       0       1       0                               0D   1836
     102     919       0       0       0       0       0       001010001D   1837
     102       0       0       1       0                               0D   1838
     142     920       0       0       0       0       0       001010001D   1839
     142       0       0       1       0                               0D   1840
     144     921       0       0   10000       0       0       000000000D   1841
     144       0     -97       1       0                               0D   1842
     110     922       0       0       0       0       0       001010001D   1843
     110       0       0       1       0                               0D   1844
     110     923       0       0       0       0       0       001010001D   1845
     110       0       0       1       0                               0D   1846
     110     924       0       0       0       0       0       001010001D   1847
     110       0       0       1       0                               0D   1848
     110     925       0       0       0       0       0       001010001D   1849
     110       0       0       1       0                               0D   1850
     102     926       0       0       0       0       0       001010001D   1851
     102       0       0       1       0                               0D   1852
     142     927       0       0       0       0       0       001010001D   1853
     142       0       0       1       0                               0D   1854
     144     928       0       0   10000       0       0       000000000D   1855
     144       0     -97       1       0                               0D   1856
     110     929       0       0       0       0       0       001010001D   1857
     110       0       0       1       0                               0D   1858
     110     930       0       0       0       0       0       001010001D   1859
     110       0       0       1       0                               0D   1860
     110     931       0       0       0       0       0       001010001D   1861
     110       0       0       1       0                               0D   1862
     110     932       0       0       0       0       0       001010001D   1863
     110       0       0       1       0                               0D   1864
     102     933       0       0       0       0       0       001010001D   1865
     102       0       0       1       0                               0D   1866
     142     934       0       0       0       0       0       001010001D   1867
     142       0       0       1       0                               0D   1868
     144     935       0       0   10000       0       0       000000000D   1869
     144       0     -97       1       0                               0D   1870
     110     936       0       0       0       0       0       001010001D   1871
     110       0       0       1       0                               0D   1872
     110     937       0       0       0       0       0       001010001D   1873
     110       0       0       1       0                               0D   1874
     110     938       0       0       0       0       0       001010001D   1875
     110       0       0       1       0                               0D   1876
     110     939       0       0       0       0       0       001010001D   1877
     110       0       0       1       0                               0D   1878
     102     940       0       0       0       0       0       001010001D   1879
     102       0       0       1       0                               0D   1880
     142     941       0       0       0       0       0       001010001D   1881
     142       0       0       1       0                               0D   1882
     144     942       0       0   10000       0       0       000000000D   1883
     144       0     -97       1       0                               0D   1884
     110     943       0       0       0       0       0       001010001D   1885
     110       0       0       1       0                               0D   1886
     110     944       0       0       0       0       0       001010001D   1887
     110       0       0       1       0                               0D   1888
     110     945       0       0       0       0       0       001010001D   1889
     110       0       0       1       0                               0D   1890
     110     946       0       0       0       0       0       001010001D   1891
     110       0       0       1       0                               0D   1892
     102     947       0       0       0       0       0       001010001D   1893
     102       0       0       1       0                               0D   1894
     142     948       0       0       0       0       0       001010001D   1895
     142       0       0       1       0                               0D   1896
     144     949       0       0   10000       0       0       000000000D   1897
     144       0     -97       1       0                               0D   1898
     110     950       0       0       0       0       0       001010001D   1899
     110       0       0       1       0                               0D   1900
     110     951       0       0       0       0       0       001010001D   1901
     110       0       0       1       0                               0D   1902
     110     952       0       0       0       0       0       001010001D   1903
     110       0       0       1       0                               0D   1904
     110     953       0       0       0       0       0       001010001D   1905
     110       0       0       1       0                               0D   1906
     102     954       0       0       0       0       0       001010001D   1907
     102       0       0       1       0                               0D   1908
     142     955       0       0       0       0       0       001010001D   1909
     142       0       0       1       0                               0D   1910
     144     956       0       0   10000       0       0       000000000D   1911
     144       0     -97       1       0                               0D   1912
     406     957       0       0       0       0       0       000010201D   1913
     406       0       0       1      15                               0D   1914
     110     958       0       0       0       0       0       001010001D   1915
     110       0       0       1       0                               0D   1916
     110     959       0       0       0       0       0       001010001D   1917
     110       0       0       1       0                               0D   1918
     110     960       0       0       0       0       0       001010001D   1919
     110       0       0       1       0                               0D   1920
     110     961       0       0       0       0       0       001010001D   1921
     110       0       0       1       0                               0D   1922
     102     962       0       0       0       0       0       001010001D   1923
     102       0       0       1       0                               0D   1924
     142     963       0       0       0       0       0       001010001D   1925
     142       0       0       1       0                               0D   1926
     144     964       0       0   10000       0       0       000000000D   1927
     144       0       0       1       0                               0D   1928
     110     965       0       0       0       0       0       001010001D   1929
     110       0       0       1       0                               0D   1930
     110     966       0       0       0       0       0       001010001D   1931
     110       0       0       1       0                               0D   1932
     110     967       0       0       0       0       0       001010001D   1933
     110       0       0       1       0                               0D   1934
     110     968       0       0       0       0       0       001010001D   1935
     110       0       0       1       0                               0D   1936
     102     969       0       0       0       0       0       001010001D   1937
     102       0       0       1       0                               0D   1938
     142     970       0       0       0       0       0       001010001D   1939
     142       0       0       1       0                               0D   1940
     144     971       0       0   10000       0       0       000000000D   1941
     144       0       0       1       0                               0D   1942
     110     972       0       0       0       0       0       001010001D   1943
     110       0       0       1       0                               0D   1944
     110     973       0       0       0       0       0       001010001D   1945
     110       0       0       1       0                               0D   1946
     110     974       0       0       0       0       0       001010001D   1947
     110       0       0       1       0                               0D   1948
     110     975       0       0       0       0       0       001010001D   1949
     110       0       0       1       0                               0D   1950
     102     976       0       0       0       0       0       001010001D   1951
     102       0       0       1       0                               0D   1952
     142     977       0       0       0       0       0       001010001D   1953
     142       0       0       1       0                               0D   1954
     144     978       0       0   10000       0       0       000000000D   1955
     144       0       0       1       0                               0D   1956
     110     979       0       0       0       0       0       001010001D   1957
     110       0       0       1       0                               0D   1958
     110     980       0       0       0       0       0       001010001D   1959
     110       0       0       1       0                               0D   1960
     110     981       0       0       0       0       0       001010001D   1961
     110       0       0       1       0                               0D   1962
     110     982       0       0       0       0       0       001010001D   1963
     110       0       0       1       0                               0D   1964
     102     983       0       0       0       0       0       001010001D   1965
     102       0       0       1       0                               0D   1966
     142     984       0       0       0       0       0       001010001D   1967
     142       0       0       1       0                               0D   1968
     144     985       0       0   10000       0       0       000000000D   1969
     144       0       0       1       0                               0D   1970
     110     986       0       0       0       0       0       001010001D   1971
     110       0       0       1       0                               0D   1972
     110     987       0       0       0       0       0       001010001D   1973
     110       0       0       1       0                               0D   1974
     110     988       0       0       0       0       0       001010001D   1975
     110       0       0       1       0                               0D   1976
     110     989       0       0       0       0       0       001010001D   1977
     110       0       0       1       0                               0D   1978
     102     990       0       0       0       0       0       001010001D   1979
     102       0       0       1       0                               0D   1980
     142     991       0       0       0       0       0       001010001D   1981
     142       0       0       1       0                               0D   1982
     144     992       0       0   10000       0       0       000000000D   1983
     144       0       0       1       0                               0D   1984
     110     993       0       0       0       0       0       001010001D   1985
     110       0       0       1       0                               0D   1986
     110     994       0       0       0       0       0       001010001D   1987
     110       0       0       1       0                               0D   1988
     110     995       0       0       0       0       0       001010001D   1989
     110       0       0       1       0                               0D   1990
     110     996       0       0       0       0       0       001010001D   1991
     110       0       0       1       0                               0D   1992
     102     997       0       0       0       0       0       001010001D   1993
     102       0       0       1       0                               0D   1994
     142     998       0       0       0       0       0       001010001D   1995
     142       0       0       1       0                               0D   1996
     144     999       0       0   10000       0       0       000000000D   1997
     144       0       0       1       0                               0D   1998
     406    1000       0       0       0       0       0       000010201D   1999
     406       0       0       1      15                               0D   2000
     110    1001       0       0       0       0       0       001010001D   2001
     110       0       0       1       0                               0D   2002
     110    1002       0       0       0       0       0       001010001D   2003
     110       0       0       1       0                               0D   2004
     110    1003       0       0       0       0       0       001010001D   2005
     110       0       0       1       0                               0D   2006
     110    1004       0       0       0       0       0       001010001D   2007
     110       0       0       1       0                               0D   2008
     102    1005       0       0       0       0       0       001010001D   2009
     102       0       0       1       0                               0D   2010
     142    1006       0       0       0       0       0       001010001D   2011
     142       0       0       1       0                               0D   2012
     144    1007       0       0   10000       0       0       000000000D   2013
     144       0    -451       1       0                               0D   2014
     110    1008       0       0       0       0       0       001010001D   2015
     110       0       0       1       0                               0D   2016
     110    1009       0       0       0       0       0       001010001D   2017
     110       0       0       1       0                               0D   2018
     110    1010       0       0       0       0       0       001010001D   2019
     110       0       0       1       0                               0D   2020
     110    1011       0       0       0       0       0       001010001D   2021
     110       0       0       1       0                               0D   2022
     102    1012       0       0       0       0       0       001010001D   2023
     102       0       0       1       0                               0D   2024
     142    1013       0       0       0       0       0       001010001D   2025
     142       0       0       1       0                               0D   2026
     144    1014       0       0   10000       0       0       000000000D   2027
     144       0    -451       1       0                               0D   2028
     110    1015       0       0       0       0       0       001010001D   2029
     110       0       0       1       0                               0D   2030
     110    1016       0       0       0       0       0       001010001D   2031
     110       0       0       1       0                               0D   2032
     110    1017       0       0       0       0       0       001010001D   2033
     110       0       0       1       0                               0D   2034
     110    1018       0       0       0       0       0       001010001D   2035
     110       0       0       1       0                               0D   2036
     102    1019       0       0       0       0       0       001010001D   2037
     102       0       0       1       0                               0D   2038
     142    1020       0       0       0       0       0       001010001D   2039
     142       0       0       1       0                               0D   2040
     144    1021       0       0   10000       0       0       000000000D   2041
     144       0    -451       1       0                               0D   2042
     110    1022       0       0       0       0       0       001010001D   2043
     110       0       0       1       0                               0D   2044
     110    1023       0       0       0       0       0       001010001D   2045
     110       0       0       1       0                               0D   2046
     110    1024       0       0       0       0       0       001010001D   2047
     110       0       0       1       0                               0D   2048
     110    1025       0       0       0       0       0       001010001D   2049
     110       0       0       1       0                               0D   2050
     102    1026       0       0       0       0       0       001010001D   2051
     102       0       0       1       0                               0D   2052
     142    1027       0       0       0       0       0       001010001D   2053
     142       0       0       1       0                               0D   2054
     144    1028       0       0   10000       0       0       000000000D   2055
     144       0    -451       1       0                               0D   2056
     110    1029       0       0       0       0       0       001010001D   2057
     110       0       0       1       0                               0D   2058
     110    1030       0       0       0       0       0       001010001D   2059
     110       0       0       1       0                               0D   2060
     110    1031       0       0       0       0       0       001010001D   2061
     110       0       0       1       0                               0D   2062
     110    1032       0       0       0       0       0       001010001D   2063
     110       0       0       1       0                               0D   2064
     102    1033       0       0       0       0       0       001010001D   2065
     102       0       0       1       0                               0D   2066
     142    1034       0       0       0       0       0       001010001D   2067
     142       0       0       1       0                               0D   2068
     144    1035       0       0   10000       0       0       000000000D   2069
     144       0    -451       1       0                               0D   2070
     108    1036       0       0       0       0       0       001010001D   2071
     108       0    -451       1       0                               0D   2072
     110    1037       0       0       0       0       0       001010001D   2073
     110       0       0       1       0                               0D   2074
     110    1038       0       0       0       0       0       001010001D   2075
     110       0       0       1       0                               0D   2076
     110    1039       0       0       0       0       0       001010001D   2077
     110       0       0       1       0                               0D   2078
     110    1040       0       0       0       0       0       001010001D   2079
     110       0       0       1       0                               0D   2080
     102    1041       0       0       0       0       0       001010001D   2081
     102       0       0       1       0                               0D   2082
     142    1042       0       0       0       0       0       001010001D   2083
     142       0       0       1       0                               0D   2084
     144    1043       0       0   10000       0       0       000000000D   2085
     144       0    -451       1       0                               0D   2086
     406    1044       0       0       0       0       0       000010201D   2087
     406       0       0       1      15                               0D   2088
     110    1045       0       0       0       0       0       001010001D   2089
     110       0       0       1       0                               0D   2090
     110    1046       0       0       0       0       0       001010001D   2091
     110       0       0       1       0                               0D   2092
     110    1047       0       0       0       0       0       001010001D   2093
     110       0       0       1       0                               0D   2094
     110    1048       0       0       0       0       0       001010001D   2095
     110       0       0       1       0                               0D   2096
     102    1049       0       0       0       0       0       001010001D   2097
     102       0       0       1       0                               0D   2098
     142    1050       0       0       0       0       0       001010001D   2099
     142       0       0       1       0                               0D   2100
     144    1051       0       0   10000       0       0       000000000D   2101
     144       0    -537       1       0                               0D   2102
     110    1052       0       0       0       0       0       001010001D   2103
     110       0       0       1       0                               0D   2104
     110    1053       0       0       0       0       0       001010001D   2105
     110       0       0       1       0                               0D   2106
     110    1054       0       0       0       0       0       001010001D   2107
     110       0       0       1       0                               0D   2108
     110    1055       0       0       0       0       0       001010001D   2109
     110       0       0       1       0                               0D   2110
     102    1056       0       0       0       0       0       001010001D   2111
     102       0       0       1       0                               0D   2112
     142    1057       0       0       0       0       0       001010001D   2113
     142       0       0       1       0                               0D   2114
     144    1058       0       0   10000       0       0       000000000D   2115
     144       0    -537       1       0                               0D   2116
     110    1059       0       0       0       0       0       001010001D   2117
     110       0       0       1       0                               0D   2118
     110    1060       0       0       0       0       0       001010001D   2119
     110       0       0       1       0                               0D   2120
     110    1061       0       0       0       0       0       001010001D   2121
     110       0       0       1       0                               0D   2122
     110    1062       0       0       0       0       0       001010001D   2123
     110       0       0       1       0                               0D   2124
     102    1063       0       0       0       0       0       001010001D   2125
     102       0       0       1       0                               0D   2126
     142    1064       0       0       0       0       0       001010001D   2127
     142       0       0       1       0                               0D   2128
     144    1065       0       0   10000       0       0       000000000D   2129
     144       0    -537       1       0                               0D   2130
     110    1066       0       0       0       0       0       001010001D   2131
     110       0       0       1       0                               0D   2132
     110    1067       0       0       0       0       0       001010001D   2133
     110       0       0       1       0                               0D   2134
     110    1068       0       0       0       0       0       001010001D   2135
     110       0       0       1       0                               0D   2136
     110    1069       0       0       0       0       0       001010001D   2137
     110       0       0       1       0                               0D   2138
     102    1070       0       0       0       0       0       001010001D   2139
     102       0       0       1       0                               0D   2140
     142    1071       0       0       0       0       0       001010001D   2141
     142       0       0       1       0                               0D   2142
     144    1072       0       0   10000       0       0       000000000D   2143
     144       0    -537       1       0                               0D   2144
     110    1073       0       0       0       0       0       001010001D   2145
     110       0       0       1       0                               0D   2146
     110    1074       0       0       0       0       0       001010001D   2147
     110       0       0       1       0                               0D   2148
     110    1075       0       0       0       0       0       001010001D   2149
     110       0       0       1       0                               0D   2150
     110    1076       0       0       0       0       0       001010001D   2151
     110       0       0       1       0                               0D   2152
     102    1077       0       0       0       0       0       001010001D   2153
     102       0       0       1       0                               0D   2154
     142    1078       0       0       0       0       0       001010001D   2155
     142       0       0       1       0                               0D   2156
     144    1079       0       0   10000       0       0       000000000D   2157
     144       0    -537       1       0                               0D   2158
     110    1080       0       0       0       0       0       001010001D   2159
     110       0       0       1       0                               0D   2160
     110    1081       0       0       0       0       0       001010001D   2161
     110       0       0       1       0                               0D   2162
     110    1082       0       0       0       0       0       001010001D   2163
     110       0       0       1       0                               0D   2164
     110    1083       0       0       0       0       0       001010001D   2165
     110       0       0       1       0                               0D   2166
     102    1084       0       0       0       0       0       001010001D   2167
     102       0       0       1       0                               0D   2168
     142    1085       0       0       0       0       0       001010001D   2169
     142       0       0       1       0                               0D   2170
     144    1086       0       0   10000       0       0       000000000D   2171
     144       0    -537       1       0                               0D   2172
     406    1087       0       0       0       0       0       000010201D   2173
     406       0       0       1      15                               0D   2174
     110    1088       0       0       0       0       0       001010001D   2175
     110       0       0       1       0                               0D   2176
     110    1089       0       0       0       0       0       001010001D   2177
     110       0       0       1       0                               0D   2178
     110    1090       0       0       0       0       0       001010001D   2179
     110       0       0       1       0                               0D   2180
     110    1091       0       0       0       0       0       001010001D   2181
     110       0       0       1       0                               0D   2182
     102    1092       0       0       0       0       0       001010001D   2183
     102       0       0       1       0                               0D   2184
     142    1093       0       0       0       0       0       001010001D   2185
     142       0       0       1       0                               0D   2186
     144    1094       0       0   10000       0       0       000000000D   2187
     144       0    -537       1       0                               0D   2188
     110    1095       0       0       0       0       0       001010001D   2189
     110       0       0       1       0                               0D   2190
     110    1096       0       0       0       0       0       001010001D   2191
     110       0       0       1       0                               0D   2192
     110    1097       0       0       0       0       0       001010001D   2193
     110       0       0       1       0                               0D   2194
     110    1098       0       0       0       0       0       001010001D   2195
     110       0       0       1       0                               0D   2196
     102    1099       0       0       0       0       0       001010001D   2197
     102       0       0       1       0                               0D   2198
     142    1100       0       0       0       0       0       001010001D   2199
     142       0       0       1       0                               0D   2200
     144    1101       0       0   10000       0       0       000000000D   2201
     144       0    -537       1       0                               0D   2202
     110    1102       0       0       0       0       0       001010001D   2203
     110       0       0       1       0                               0D   2204
     110    1103       0       0       0       0       0       001010001D   2205
     110       0       0       1       0                               0D   2206
     110    1104       0       0       0       0       0       001010001D   2207
     110       0       0       1       0                               0D   2208
     110    1105       0       0       0       0       0       001010001D   2209
     110       0       0       1       0                               0D   2210
     102    1106       0       0       0       0       0       001010001D   2211
     102       0       0       1       0                               0D   2212
     142    1107       0       0       0       0       0       001010001D   2213
     142       0       0       1       0                               0D   2214
     144    1108       0       0   10000       0       0       000000000D   2215
     144       0    -537       1       0                               0D   2216
     110    1109       0       0       0       0       0       001010001D   2217
     110       0       0       1       0                               0D   2218
     110    1110       0       0       0       0       0       001010001D   2219
     110       0       0       1       0                               0D   2220
     110    1111       0       0       0       0       0       001010001D   2221
     110       0       0       1       0                               0D   2222
     110    1112       0       0       0       0       0       001010001D   2223
     110       0       0       1       0                               0D   2224
     102    1113       0       0       0       0       0       001010001D   2225
     102       0       0       1       0                               0D   2226
     142    1114       0       0       0       0       0       001010001D   2227
     142       0       0       1       0                               0D   2228
     144    1115       0       0   10000       0       0       000000000D   2229
     144       0    -537       1       0                               0D   2230
     110    1116       0       0       0       0       0       001010001D   2231
     110       0       0       1       0                               0D   2232
     110    1117       0       0       0       0       0       001010001D   2233
     110       0       0       1       0                               0D   2234
     110    1118       0       0       0       0       0       001010001D   2235
     110       0       0       1       0                               0D   2236
     110    1119       0       0       0       0       0       001010001D   2237
     110       0       0       1       0                               0D   2238
     102    1120       0       0       0       0       0       001010001D   2239
     102       0       0       1       0                               0D   2240
     142    1121       0       0       0       0       0       001010001D   2241
     142       0       0       1       0                               0D   2242
     144    1122       0       0   10000       0       0       000000000D   2243
     144       0    -537       1       0                               0D   2244
     110    1123       0       0       0       0       0       001010001D   2245
     110       0       0       1       0                               0D   2246
     110    1124       0       0       0       0       0       001010001D   2247
     110       0       0       1       0                               0D   2248
     110    1125       0       0       0       0       0       001010001D   2249
     110       0       0       1       0                               0D   2250
     110    1126       0       0       0       0       0       001010001D   2251
     110       0       0       1       0                               0D   2252
     102    1127       0       0       0       0       0       001010001D   2253
     102       0       0       1       0                               0D   2254
     142    1128       0       0       0       0       0       001010001D   2255
     142       0       0       1       0                               0D   2256
     144    1129       0       0   10000       0       0       000000000D   2257
     144       0    -537       1       0                               0D   2258
     406    1130       0       0       0       0       0       000010201D   2259
     406       0       0       1      15                               0D   2260
     110    1131       0       0       0       0       0       001010001D   2261
     110       0       0       1       0                               0D   2262
     110    1132       0       0       0       0       0       001010001D   2263
     110       0       0       1       0                               0D   2264
     110    1133       0       0       0       0       0       001010001D   2265
     110       0       0       1       0                               0D   2266
     110    1134       0       0       0       0       0       001010001D   2267
     110       0       0       1       0                               0D   2268
     102    1135       0       0       0       0       0       001010001D   2269
     102       0       0       1       0                               0D   2270
     142    1136       0       0       0       0       0       001010001D   2271
     142       0       0       1       0                               0D   2272
     144    1137       0       0   10000       0       0       000000000D   2273
     144       0     -97       1       0                               0D   2274
     110    1138       0       0       0       0       0       001010001D   2275
     110       0       0       1       0                               0D   2276
     110    1139       0       0       0       0       0       001010001D   2277
     110       0       0       1       0                               0D   2278
     110    1140       0       0       0       0       0       001010001D   2279
     110       0       0       1       0                               0D   2280
     110    1141       0       0       0       0       0       001010001D   2281
     110       0       0       1       0                               0D   2282
     102    1142       0       0       0       0       0       001010001D   2283
     102       0       0       1       0                               0D   2284
     142    1143       0       0       0       0       0       001010001D   2285
     142       0       0       1       0                               0D   2286
     144    1144       0       0   10000       0       0       000000000D   2287
     144       0     -97       1       0                               0D   2288
     110    1145       0       0       0       0       0       001010001D   2289
     110       0       0       1       0                               0D   2290
     110    1146       0       0       0       0       0       001010001D   2291
     110       0       0       1       0                               0D   2292
     110    1147       0       0       0       0       0       001010001D   2293
     110       0       0       1       0                               0D   2294
     110    1148       0       0       0       0       0       001010001D   2295
     110       0       0       1       0                               0D   2296
     102    1149       0       0       0       0       0       001010001D   2297
     102       0       0       1       0                               0D   2298
     142    1150       0       0       0       0       0       001010001D   2299
     142       0       0       1       0                               0D   2300
     144    1151       0       0   10000       0       0       000000000D   2301
     144       0     -97       1       0                               0D   2302
     110    1152       0       0       0       0       0       001010001D   2303
     110       0       0       1       0                               0D   2304
     110    1153       0       0       0       0       0       001010001D   2305
     110       0       0       1       0                               0D   2306
     110    1154       0       0       0       0       0       001010001D   2307
     110       0       0       1       0                               0D   2308
     110    1155       0       0       0       0       0       001010001D   2309
     110       0       0       1       0                               0D   2310
     102    1156       0       0       0       0       0       001010001D   2311
     102       0       0       1       0                               0D   2312
     142    1157       0       0       0       0       0       001010001D   2313
     142       0       0       1       0                               0D   2314
     144    1158       0       0   10000       0       0       000000000D   2315
     144       0     -97       1       0                               0D   2316
     110    1159       0       0       0       0       0       001010001D   2317
     110       0       0       1       0                               0D   2318
     110    1160       0       0       0       0       0       001010001D   2319
     110       0       0       1       0                               0D   2320
     110    1161       0       0       0       0       0       001010001D   2321
     110       0       0       1       0                               0D   2322
     110    1162       0       0       0       0       0       001010001D   2323
     110       0       0       1       0                               0D   2324
     102    1163       0       0       0       0       0       001010001D   2325
     102       0       0       1       0                               0D   2326
     142    1164       0       0       0       0       0       001010001D   2327
     142       0       0       1       0                               0D   2328
     144    1165       0       0   10000       0       0       000000000D   2329
     144       0     -97       1       0                               0D   2330
     108    1166       0       0       0       0       0       001010001D   2331
     108       0     -97       1       0                               0D   2332
     110    1167       0       0       0       0       0       001010001D   2333
     110       0       0       1       0                               0D   2334
     110    1168       0       0       0       0       0       001010001D   2335
     110       0       0       1       0                               0D   2336
     110    1169       0       0       0       0       0       001010001D   2337
     110       0       0       1       0                               0D   2338
     110    1170       0       0       0       0       0       001010001D   2339
     110       0       0       1       0                               0D   2340
     102    1171       0       0       0       0       0       001010001D   2341
     102       0       0       1       0                               0D   2342
     142    1172       0       0       0       0       0       001010001D   2343
     142       0       0       1       0                               0D   2344
     144    1173       0       0   10000       0       0       000000000D   2345
     144       0     -97       1       0                               0D   2346
     406    1174       0       0       0       0       0       000010201D   2347
     406       0       0       1      15                               0D   2348
     110    1175       0       0       0       0       0       001010001D   2349
     110       0       0       1       0                               0D   2350
     110    1176       0       0       0       0       0       001010001D   2351
     110       0       0       1       0                               0D   2352
     110    1177       0       0       0       0       0       001010001D   2353
     110       0       0       1       0                               0D   2354
     110    1178       0       0       0       0       0       001010001D   2355
     110       0       0       1       0                               0D   2356
     102    1179       0       0       0       0       0       001010001D   2357
     102       0       0       1       0                               0D   2358
     142    1180       0       0       0       0       0       001010001D   2359
     142       0       0       1       0                               0D   2360
     144    1181       0       0   10000       0       0       000000000D   2361
     144       0     -97       1       0                               0D   2362
     110    1182       0       0       0       0       0       001010001D   2363
     110       0       0       1       0                               0D   2364
     110    1183       0       0       0       0       0       001010001D   2365
     110       0       0       1       0                               0D   2366
     110    1184       0       0       0       0       0       001010001D   2367
     110       0       0       1       0                               0D   2368
     110    1185       0       0       0       0       0       001010001D   2369
     110       0       0       1       0                               0D   2370
     102    1186       0       0       0       0       0       001010001D   2371
     102       0       0       1       0                               0D   2372
     142    1187       0       0       0       0       0       001010001D   2373
     142       0       0       1       0                               0D   2374
     144    1188       0       0   10000       0       0       000000000D   2375
     144       0     -97       1       0                               0D   2376
     110    1189       0       0       0       0       0       001010001D   2377
     110       0       0       1       0                               0D   2378
     110    1190       0       0       0       0       0       001010001D   2379
     110       0       0       1       0                               0D   2380
     110    1191       0       0       0       0       0       001010001D   2381
     110       0       0       1       0                               0D   2382
     110    1192       0       0       0       0       0       001010001D   2383
     110       0       0       1       0                               0D   2384
     102    1193       0       0       0       0       0       001010001D   2385
     102       0       0       1       0                               0D   2386
     142    1194       0       0       0       0       0       001010001D   2387
     142       0       0       1       0                               0D   2388
     144    1195       0       0   10000       0       0       000000000D   2389
     144       0     -97       1       0                               0D   2390
     110    1196       0       0       0       0       0       001010001D   2391
     110       0       0       1       0                               0D   2392
     110    1197       0       0       0       0       0       001010001D   2393
     110       0       0       1       0                               0D   2394
     110    1198       0       0       0       0       0       001010001D   2395
     110       0       0       1       0                               0D   2396
     110    1199       0       0       0       0       0       001010001D   2397
     110       0       0       1       0                               0D   2398
     102    1200       0       0       0       0       0       001010001D   2399
     102       0       0       1       0                               0D   2400
     142    1201       0       0       0       0       0       001010001D   2401
     142       0       0       1       0                               0D   2402
     144    1202       0       0   10000       0       0       000000000D   2403
     144       0     -97       1       0                               0D   2404
     110    1203       0       0       0       0       0       001010001D   2405
     110       0       0       1       0                               0D   2406
     110    1204       0       0       0       0       0       001010001D   2407
     110       0       0       1       0                               0D   2408
     110    1205       0       0       0       0       0       001010001D   2409
     110       0       0       1       0                               0D   2410
     110    1206       0       0       0       0       0       001010001D   2411
     110       0       0       1       0                               0D   2412
     102    1207       0       0       0       0       0       001010001D   2413
     102       0       0       1       0                               0D   2414
     142    1208       0       0       0       0       0       001010001D   2415
     142       0       0       1       0                               0D   2416
     144    1209       0       0   10000       0       0       000000000D   2417
     144       0     -97       1       0                               0D   2418
     110    1210       0       0       0       0       0       001010001D   2419
     110       0       0       1       0                               0D   2420
     110    1211       0       0       0       0       0       001010001D   2421
     110       0       0       1       0                               0D   2422
     110    1212       0       0       0       0       0       001010001D   2423
     110       0       0       1       0                               0D   2424
     110    1213       0       0       0       0       0       001010001D   2425
     110       0       0       1       0                               0D   2426
     102    1214       0       0       0       0       0       001010001D   2427
     102       0       0       1       0                               0D   2428
     142    1215       0       0       0       0       0       001010001D   2429
     142       0       0       1       0                               0D   2430
     144    1216       0       0   10000       0       0       000000000D   2431
     144       0     -97       1       0                               0D   2432
     406    1217       0       0       0       0       0       000010201D   2433
     406       0       0       1      15                               0D   2434
     110    1218       0       0       0       0       0       001010001D   2435
     110       0       0       1       0                               0D   2436
     110    1219       0       0       0       0       0       001010001D   2437
     110       0       0       1       0                               0D   2438
     110    1220       0       0       0       0       0       001010001D   2439
     110       0       0       1       0                               0D   2440
     110    1221       0       0       0       0       0       001010001D   2441
     110       0       0       1       0                               0D   2442
     102    1222       0       0       0       0       0       001010001D   2443
     102       0       0       1       0                               0D   2444
     142    1223       0       0       0       0       0       001010001D   2445
     142       0       0       1       0                               0D   2446
     144    1224       0       0   10000       0       0       000000000D   2447
     144       0       0       1       0                               0D   2448
     110    1225       0       0       0       0       0       001010001D   2449
     110       0       0       1       0                               0D   2450
     110    1226       0       0       0       0       0       001010001D   2451
     110       0       0       1       0                               0D   2452
     110    1227       0       0       0       0       0       001010001D   2453
     110       0       0       1       0                               0D   2454
     110    1228       0       0       0       0       0       001010001D   2455
     110       0       0       1       0                               0D   2456
     102    1229       0       0       0       0       0       001010001D   2457
     102       0       0       1       0                               0D   2458
     142    1230       0       0       0       0       0       001010001D   2459
     142       0       0       1       0                               0D   2460
     144    1231       0       0   10000       0       0       000000000D   2461
     144       0       0       1       0                               0D   2462
     110    1232       0       0       0       0       0       001010001D   2463
     110       0       0       1       0                               0D   2464
     110    1233       0       0       0       0       0       001010001D   2465
     110       0       0       1       0                               0D   2466
     110    1234       0       0       0       0       0       001010001D   2467
     110       0       0       1       0                               0D   2468
     110    1235       0       0       0       0       0       001010001D   2469
     110       0       0       1       0                               0D   2470
     102    1236       0       0       0       0       0       001010001D   2471
     102       0       0       1       0                               0D   2472
     142    1237       0       0       0       0       0       001010001D   2473
     142       0       0       1       0                               0D   2474
     144    1238       0       0   10000       0       0       000000000D   2475
     144       0       0       1       0                               0D   2476
     110    1239       0       0       0       0       0       001010001D   2477
     110       0       0       1       0                               0D   2478
     110    1240       0       0       0       0       0       001010001D   2479
     110       0       0       1       0                               0D   2480
     110    1241       0       0       0       0       0       001010001D   2481
     110       0       0       1       0                               0D   2482
     110    1242       0       0       0       0       0       001010001D   2483
     110       0       0       1       0                               0D   2484
     102    1243       0       0       0       0       0       001010001D   2485
     102       0       0       1       0                               0D   2486
     142    1244       0       0       0       0       0       001010001D   2487
     142       0       0       1       0                               0D   2488
     144    1245       0       0   10000       0       0       000000000D   2489
     144       0       0       1       0                               0D   2490
     110    1246       0       0       0       0       0       001010001D   2491
     110       0       0       1       0                               0D   2492
     110    1247       0       0       0       0       0       001010001D   2493
     110       0       0       1       0                               0D   2494
     110    1248       0       0       0       0       0       001010001D   2495
     110       0       0       1       0                               0D   2496
     110    1249       0       0       0       0       0       001010001D   2497
     110       0       0       1       0                               0D   2498
     102    1250       0       0       0       0       0       001010001D   2499
     102       0       0       1       0                               0D   2500
     142    1251       0       0       0       0       0       001010001D   2501
     142       0       0       1       0                               0D   2502
     144    1252       0       0   10000       0       0       000000000D   2503
     144       0       0       1       0                               0D   2504
     110    1253       0       0       0       0       0       001010001D   2505
     110       0       0       1       0                               0D   2506
     110    1254       0       0       0       0       0       001010001D   2507
     110       0       0       1       0                               0D   2508
     110    1255       0       0       0       0       0       001010001D   2509
     110       0       0       1       0                               0D   2510
     110    1256       0       0       0       0       0       001010001D   2511
     110       0       0       1       0                               0D   2512
     102    1257       0       0       0       0       0       001010001D   2513
     102       0       0       1       0                               0D   2514
     142    1258       0       0       0       0       0       001010001D   2515
     142       0       0       1       0                               0D   2516
     144    1259       0       0   10000       0       0       000000000D   2517
     144       0       0       1       0                               0D   2518
     406    1260       0       0       0       0       0       000010201D   2519
     406       0       0       1      15                               0D   2520
     110    1261       0       0       0       0       0       001010001D   2521
     110       0       0       1       0                               0D   2522
     110    1262       0       0       0       0       0       001010001D   2523
     110       0       0       1       0                               0D   2524
     110    1263       0       0       0       0       0       001010001D   2525
     110       0       0       1       0                               0D   2526
     110    1264       0       0       0       0       0       001010001D   2527
     110       0       0       1       0                               0D   2528
     102    1265       0       0       0       0       0       001010001D   2529
     102       0       0       1       0                               0D   2530
     142    1266       0       0       0       0       0       001010001D   2531
     142       0       0       1       0                               0D   2532
     144    1267       0       0   10000       0       0       000000000D   2533
     144       0     -97       1       0                               0D   2534
     110    1268       0       0       0       0       0       001010001D   2535
     110       0       0       1       0                               0D   2536
     110    1269       0       0       0       0       0       001010001D   2537
     110       0       0       1       0                               0D   2538
     110    1270       0       0       0       0       0       001010001D   2539
     110       0       0       1       0                               0D   2540
     110    1271       0       0       0       0       0       001010001D   2541
     110       0       0       1       0                               0D   2542
     102    1272       0       0       0       0       0       001010001D   2543
     102       0       0       1       0                               0D   2544
     142    1273       0       0       0       0       0       001010001D   2545
     142       0       0       1       0                               0D   2546
     144    1274       0       0   10000       0       0       000000000D   2547
     144       0     -97       1       0                               0D   2548
     110    1275       0       0       0       0       0       001010001D   2549
     110       0       0       1       0                               0D   2550
     110    1276       0       0       0       0       0       001010001D   2551
     110       0       0       1       0                               0D   2552
     110    1277       0       0       0       0       0       001010001D   2553
     110       0       0       1       0                               0D   2554
     110    1278       0       0       0       0       0       001010001D   2555
     110       0       0       1       0                               0D   2556
     102    1279       0       0       0       0       0       001010001D   2557
     102       0       0       1       0                               0D   2558
     142    1280       0       0       0       0       0       001010001D   2559
     142       0       0       1       0                               0D   2560
     144    1281       0       0   10000       0       0       000000000D   2561
     144       0     -97       1       0                               0D   2562
     110    1282       0       0       0       0       0       001010001D   2563
     110       0       0       1       0                               0D   2564
     110    1283       0       0       0       0       0       001010001D   2565
     110       0       0       1       0                               0D   2566
     110    1284       0       0       0       0       0       001010001D   2567
     110       0       0       1       0                               0D   2568
     110    1285       0       0       0       0       0       001010001D   2569
     110       0       0       1       0                               0D   2570
     102    1286       0       0       0       0       0       001010001D   2571
     102       0       0       1       0                               0D   2572
     142    1287       0       0       0       0       0       001010001D   2573
     142       0       0       1       0                               0D   2574
     144    1288       0       0   10000       0       0       000000000D   2575
     144       0     -97       1       0                               0D   2576
     110    1289       0       0       0       0       0       001010001D   2577
     110       0       0       1       0                               0D   2578
     110    1290       0       0       0       0       0       001010001D   2579
     110       0       0       1       0                               0D   2580
     110    1291       0       0       0       0       0       001010001D   2581
     110       0       0       1       0                               0D   2582
     110    1292       0       0       0       0       0       001010001D   2583
     110       0       0       1       0                               0D   2584
     102    1293       0       0       0       0       0       001010001D   2585
     102       0       0       1       0                               0D   2586
     142    1294       0       0       0       0       0       001010001D   2587
     142       0       0       1       0                               0D   2588
     144    1295       0       0   10000       0       0       000000000D   2589
     144       0     -97       1       0                               0D   2590
     110    1296       0       0       0       0       0       001010001D   2591
     110       0       0       1       0                               0D   2592
     110    1297       0       0       0       0       0       001010001D   2593
     110       0       0       1       0                               0D   2594
     110    1298       0       0       0       0       0       001010001D   2595
     110       0       0       1       0                               0D   2596
     110    1299       0       0       0       0       0       001010001D   2597
     110       0       0       1       0                               0D   2598
     102    1300       0       0       0       0       0       001010001D   2599
     102       0       0       1       0                               0D   2600
     142    1301       0       0       0       0       0       001010001D   2601
     142       0       0       1       0                               0D   2602
     144    1302       0       0   10000       0       0       000000000D   2603
     144       0     -97       1       0                               0D   2604
     406    1303       0       0       0       0       0       000010201D   2605
     406       0       0       1      15                               0D   2606
     110    1304       0       0       0       0       0       001010001D   2607
     110       0       0       1       0                               0D   2608
     110    1305       0       0       0       0       0       001010001D   2609
     110       0       0       1       0                               0D   2610
     110    1306       0       0       0       0       0       001010001D   2611
     110       0       0       1       0                               0D   2612
     110    1307       0       0       0       0       0       001010001D   2613
     110       0       0       1       0                               0D   2614
     102    1308       0       0       0       0       0       001010001D   2615
     102       0       0       1       0                               0D   2616
     142    1309       0       0       0       0       0       001010001D   2617
     142       0       0       1       0                               0D   2618
     144    1310       0       0   10000       0       0       000000000D   2619
     144       0       0       1       0                               0D   2620
     110    1311       0       0       0       0       0       001010001D   2621
     110       0       0       1       0                               0D   2622
     110    1312       0       0       0       0       0       001010001D   2623
     110       0       0       1       0                               0D   2624
     110    1313       0       0       0       0       0       001010001D   2625
     110       0       0       1       0                               0D   2626
     110    1314       0       0       0       0       0       001010001D   2627
     110       0       0       1       0                               0D   2628
     102    1315       0       0       0       0       0       001010001D   2629
     102       0       0       1       0                               0D   2630
     142    1316       0       0       0       0       0       001010001D   2631
     142       0       0       1       0                               0D   2632
     144    1317       0       0   10000       0       0       000000000D   2633
     144       0       0       1       0                               0D   2634
     110    1318       0       0       0       0       0       001010001D   2635
     110       0       0       1       0                               0D   2636
     110    1319       0       0       0       0       0       001010001D   2637
     110       0       0       1       0                               0D   2638
     110    1320       0       0       0       0       0       001010001D   2639
     110       0       0       1       0                               0D   2640
     110    1321       0       0       0       0       0       001010001D   2641
     110       0       0       1       0                               0D   2642
     102    1322       0       0       0       0       0       001010001D   2643
     102       0       0       1       0                               0D   2644
     142    1323       0       0       0       0       0       001010001D   2645
     142       0       0       1       0                               0D   2646
     144    1324       0       0   10000       0       0       000000000D   2647
     144       0       0       1       0                               0D   2648
     110    1325       0       0       0       0       0       001010001D   2649
     110       0       0       1       0                               0D   2650
     110    1326       0       0       0       0       0       001010001D   2651
     110       0       0       1       0                               0D   2652
     110    1327       0       0       0       0       0       001010001D   2653
     110       0       0       1       0                               0D   2654
     110    1328       0       0       0       0       0       001010001D   2655
     110       0       0       1       0                               0D   2656
     102    1329       0       0       0       0       0       001010001D   2657
     102       0       0       1       0                               0D   2658
     142    1330       0       0       0       0       0       001010001D   2659
     142       0       0       1       0                               0D   2660
     144    1331       0       0   10000       0       0       000000000D   2661
     144       0       0       1       0                               0D   2662
     110    1332       0       0       0       0       0       001010001D   2663
     110       0       0       1       0                               0D   2664
     110    1333       0       0       0       0       0       001010001D   2665
     110       0       0       1       0                               0D   2666
     110    1334       0       0       0       0       0       001010001D   2667
     110       0       0       1       0                               0D   2668
     110    1335       0       0       0       0       0       001010001D   2669
     110       0       0       1       0                               0D   2670
     102    1336       0       0       0       0       0       001010001D   2671
     102       0       0       1       0                               0D   2672
     142    1337       0       0       0       0       0       001010001D   2673
     142       0       0       1       0                               0D   2674
     144    1338       0       0   10000       0       0       000000000D   2675
     144       0       0       1       0                               0D   2676
     110    1339       0       0       0       0       0       001010001D   2677
     110       0       0       1       0                               0D   2678
     110    1340       0       0       0       0       0       001010001D   2679
     110       0       0       1       0                               0D   2680
     110    1341       0       0       0       0       0       001010001D   2681
     110       0       0       1       0                               0D   2682
     110    1342       0       0       0       0       0       001010001D   2683
     110       0       0       1       0                               0D   2684
     102    1343       0       0       0       0       0       001010001D   2685
     102       0       0       1       0                               0D   2686
     142    1344       0       0       0       0       0       001010001D   2687
     142       0       0       1       0                               0D   2688
     144    1345       0       0   10000       0       0       000000000D   2689
     144       0       0       1       0                               0D   2690
     406    1346       0       0       0       0       0       000010201D   2691
     406       0       0       1      15                               0D   2692
     110    1347       0       0       0       0       0       001010001D   2693
     110       0       0       1       0                               0D   2694
     110    1348       0       0       0       0       0       001010001D   2695
     110       0       0       1       0                               0D   2696
     110    1349       0       0       0       0       0       001010001D   2697
     110       0       0       1       0                               0D   2698
     110    1350       0       0       0       0       0       001010001D   2699
     110       0       0       1       0                               0D   2700
     102    1351       0       0       0       0       0       001010001D   2701
     102       0       0       1       0                               0D   2702
     142    1352       0       0       0       0       0       001010001D   2703
     142       0       0       1       0                               0D   2704
     144    1353       0       0   10000       0       0       000000000D   2705
     144       0    -451       1       0                               0D   2706
     110    1354       0       0       0       0       0       001010001D   2707
     110       0       0       1       0                               0D   2708
     110    1355       0       0       0       0       0       001010001D   2709
     110       0       0       1       0                               0D   2710
     110    1356       0       0       0       0       0       001010001D   2711
     110       0       0       1       0                               0D   2712
     110    1357       0       0       0       0       0       001010001D   2713
     110       0       0       1       0                               0D   2714
     102    1358       0       0       0       0       0       001010001D   2715
     102       0       0       1       0                               0D   2716
     142    1359       0       0       0       0       0       001010001D   2717
     142       0       0       1       0                               0D   2718
     144    1360       0       0   10000       0       0       000000000D   2719
     144       0    -451       1       0                               0D   2720
     110    1361       0       0       0       0       0       001010001D   2721
     110       0       0       1       0                               0D   2722
     110    1362       0       0       0       0       0       001010001D   2723
     110       0       0       1       0                               0D   2724
     110    1363       0       0       0       0       0       001010001D   2725
     110       0       0       1       0                               0D   2726
     110    1364       0       0       0       0       0       001010001D   2727
     110       0       0       1       0                               0D   2728
     102    1365       0       0       0       0       0       001010001D   2729
     102       0       0       1       0                               0D   2730
     142    1366       0       0       0       0       0       001010001D   2731
     142       0       0       1       0                               0D   2732
     144    1367       0       0   10000       0       0       000000000D   2733
     144       0    -451       1       0                               0D   2734
     110    1368       0       0       0       0       0       001010001D   2735
     110       0       0       1       0                               0D   2736
     110    1369       0       0       0       0       0       001010001D   2737
     110       0       0       1       0                               0D   2738
     110    1370       0       0       0       0       0       001010001D   2739
     110       0       0       1       0                               0D   2740
     110    1371       0       0       0       0       0       001010001D   2741
     110       0       0       1       0                               0D   2742
     102    1372       0       0       0       0       0       001010001D   2743
     102       0       0       1       0                               0D   2744
     142    1373       0       0       0       0       0       001010001D   2745
     142       0       0       1       0                               0D   2746
     144    1374       0       0   10000       0       0       000000000D   2747
     144       0    -451       1       0                               0D   2748
     110    1375       0       0       0       0       0       001010001D   2749
     110       0       0       1       0                               0D   2750
     110    1376       0       0       0       0       0       001010001D   2751
     110       0       0       1       0                               0D   2752
     110    1377       0       0       0       0       0       001010001D   2753
     110       0       0       1       0                               0D   2754
     110    1378       0       0       0       0       0       001010001D   2755
     110       0       0       1       0                               0D   2756
     102    1379       0       0       0       0       0       001010001D   2757
     102       0       0       1       0                               0D   2758
     142    1380       0       0       0       0       0       001010001D   2759
     142       0       0       1       0                               0D   2760
     144    1381       0       0   10000       0       0       000000000D   2761
     144       0    -451       1       0                               0D   2762
     110    1382       0       0       0       0       0       001010001D   2763
     110       0       0       1       0                               0D   2764
     110    1383       0       0       0       0       0       001010001D   2765
     110       0       0       1       0                               0D   2766
     110    1384       0       0       0       0       0       001010001D   2767
     110       0       0       1       0                               0D   2768
     110    1385       0       0       0       0       0       001010001D   2769
     110       0       0       1       0                               0D   2770
     102    1386       0       0       0       0       0       001010001D   2771
     102       0       0       1       0                               0D   2772
     142    1387       0       0       0       0       0       001010001D   2773
     142       0       0       1       0                               0D   2774
     144    1388       0       0   10000       0       0       000000000D   2775
     144       0    -451       1       0                               0D   2776
     406    1389       0       0       0       0       0       000010201D   2777
     406       0       0       1      15                               0D   2778
     110    1390       0       0       0       0       0       001010001D   2779
     110       0       0       1       0                               0D   2780
     110    1391       0       0       0       0       0       001010001D   2781
     110       0       0       1       0                               0D   2782
     110    1392       0       0       0       0       0       001010001D   2783
     110       0       0       1       0                               0D   2784
     110    1393       0       0       0       0       0       001010001D   2785
     110       0       0       1       0                               0D   2786
     102    1394       0       0       0       0       0       001010001D   2787
     102       0       0       1       0                               0D   2788
     142    1395       0       0       0       0       0       001010001D   2789
     142       0       0       1       0                               0D   2790
     144    1396       0       0   10000       0       0       000000000D   2791
     144       0    -537       1       0                               0D   2792
     110    1397       0       0       0       0       0       001010001D   2793
     110       0       0       1       0                               0D   2794
     110    1398       0       0       0       0       0       001010001D   2795
     110       0       0       1       0                               0D   2796
     110    1399       0       0       0       0       0       001010001D   2797
     110       0       0       1       0                               0D   2798
     110    1400       0       0       0       0       0       001010001D   2799
     110       0       0       1       0                               0D   2800
     102    1401       0       0       0       0       0       001010001D   2801
     102       0       0       1       0                               0D   2802
     142    1402       0       0       0       0       0       001010001D   2803
     142       0       0       1       0                               0D   2804
     144    1403       0       0   10000       0       0       000000000D   2805
     144       0    -537       1       0                               0D   2806
     110    1404       0       0       0       0       0       001010001D   2807
     110       0       0       1       0                               0D   2808
     110    1405       0       0       0       0       0       001010001D   2809
     110       0       0       1       0                               0D   2810
     110    1406       0       0       0       0       0       001010001D   2811
     110       0       0       1       0                               0D   2812
     110    1407       0       0       0       0       0       001010001D   2813
     110       0       0       1       0                               0D   2814
     102    1408       0       0       0       0       0       001010001D   2815
     102       0       0       1       0                               0D   2816
     142    1409       0       0       0       0       0       001010001D   2817
     142       0       0       1       0                               0D   2818
     144    1410       0       0   10000       0       0       000000000D   2819
     144       0    -537       1       0                               0D   2820
     110    1411       0       0       0       0       0       001010001D   2821
     110       0       0       1       0                               0D   2822
     110    1412       0       0       0       0       0       001010001D   2823
     110       0       0       1       0                               0D   2824
     110    1413       0       0       0       0       0       001010001D   2825
     110       0       0       1       0                               0D   2826
     110    1414       0       0       0       0       0       001010001D   2827
     110       0       0       1       0                               0D   2828
     102    1415       0       0       0       0       0       001010001D   2829
     102       0       0       1       0                               0D   2830
     142    1416       0       0       0       0       0       001010001D   2831
     142       0       0       1       0                               0D   2832
     144    1417       0       0   10000       0       0       000000000D   2833
     144       0    -537       1       0                               0D   2834
     110    1418       0       0       0       0       0       001010001D   2835
     110       0       0       1       0                               0D   2836
     110    1419       0       0       0       0       0       001010001D   2837
     110       0       0       1       0                               0D   2838
     110    1420       0       0       0       0       0       001010001D   2839
     110       0       0       1       0                               0D   2840
     110    1421       0       0       0       0       0       001010001D   2841
     110       0       0       1       0                               0D   2842
     102    1422       0       0       0       0       0       001010001D   2843
     102       0       0       1       0                               0D   2844
     142    1423       0       0       0       0       0       001010001D   2845
     142       0       0       1       0                               0D   2846
     144    1424       0       0   10000       0       0       000000000D   2847
     144       0    -537       1       0                               0D   2848
     110    1425       0       0       0       0       0       001010001D   2849
     110       0       0       1       0                               0D   2850
     110    1426       0       0       0       0       0       001010001D   2851
     110       0       0       1       0                               0D   2852
     110    1427       0       0       0       0       0       001010001D   2853
     110       0       0       1       0                               0D   2854
     110    1428       0       0       0       0       0       001010001D   2855
     110       0       0       1       0                               0D   2856
     102    1429       0       0       0       0       0       001010001D   2857
     102       0       0       1       0                               0D   2858
     142    1430       0       0       0       0       0       001010001D   2859
     142       0       0       1       0                               0D   2860
     144    1431       0       0   10000       0       0       000000000D   2861
     144       0    -537       1       0                               0D   2862
     406    1432       0       0       0       0       0       000010201D   2863
     406       0       0       1      15                               0D   2864
     110    1433       0       0       0       0       0       001010001D   2865
     110       0       0       1       0                               0D   2866
     110    1434       0       0       0       0       0       001010001D   2867
     110       0       0       1       0                               0D   2868
     110    1435       0       0       0       0       0       001010001D   2869
     110       0       0       1       0                               0D   2870
     110    1436       0       0       0       0       0       001010001D   2871
     110       0       0       1       0                               0D   2872
     102    1437       0       0       0       0       0       001010001D   2873
     102       0       0       1       0                               0D   2874
     142    1438       0       0       0       0       0       001010001D   2875
     142       0       0       1       0                               0D   2876
     144    1439       0       0   10000       0       0       000000000D   2877
     144       0    -537       1       0                               0D   2878
     110    1440       0       0       0       0       0       001010001D   2879
     110       0       0       1       0                               0D   2880
     110    1441       0       0       0       0       0       001010001D   2881
     110       0       0       1       0                               0D   2882
     110    1442       0       0       0       0       0       001010001D   2883
     110       0       0       1       0                               0D   2884
     110    1443       0       0       0       0       0       001010001D   2885
     110       0       0       1       0                               0D   2886
     102    1444       0       0       0       0       0       001010001D   2887
     102       0       0       1       0                               0D   2888
     142    1445       0       0       0       0       0       001010001D   2889
     142       0       0       1       0                               0D   2890
     144    1446       0       0   10000       0       0       000000000D   2891
     144       0    -537       1       0                               0D   2892
     110    1447       0       0       0       0       0       001010001D   2893
     110       0       0       1       0                               0D   2894
     110    1448       0       0       0       0       0       001010001D   2895
     110       0       0       1       0                               0D   2896
     110    1449       0       0       0       0       0       001010001D   2897
     110       0       0       1       0                               0D   2898
     110    1450       0       0       0       0       0       001010001D   2899
     110       0       0       1       0                               0D   2900
     102    1451       0       0       0       0       0       001010001D   2901
     102       0       0       1       0                               0D   2902
     142    1452       0       0       0       0       0       001010001D   2903
     142       0       0       1       0                               0D   2904
     144    1453       0       0   10000       0       0       000000000D   2905
     144       0    -537       1       0                               0D   2906
     110    1454       0       0       0       0       0       001010001D   2907
     110       0       0       1       0                               0D   2908
     110    1455       0       0       0       0       0       001010001D   2909
     110       0       0       1       0                               0D   2910
     110    1456       0       0       0       0       0       001010001D   2911
     110       0       0       1       0                               0D   2912
     110    1457       0       0       0       0       0       001010001D   2913
     110       0       0       1       0                               0D   2914
     102    1458       0       0       0       0       0       001010001D   2915
     102       0       0       1       0                               0D   2916
     142    1459       0       0       0       0       0       001010001D   2917
     142       0       0       1       0                               0D   2918
     144    1460       0       0   10000       0       0       000000000D   2919
     144       0    -537       1       0                               0D   2920
     110    1461       0       0       0       0       0       001010001D   2921
     110       0       0       1       0                               0D   2922
     110    1462       0       0       0       0       0       001010001D   2923
     110       0       0       1       0                               0D   2924
     110    1463       0       0       0       0       0       001010001D   2925
     110       0       0       1       0                               0D   2926
     110    1464       0       0       0       0       0       001010001D   2927
     110       0       0       1       0                               0D   2928
     102    1465       0       0       0       0       0       001010001D   2929
     102       0       0       1       0                               0D   2930
     142    1466       0       0       0       0       0       001010001D   2931
     142       0       0       1       0                               0D   2932
     144    1467       0       0   10000       0       0       000000000D   2933
     144       0    -537       1       0                               0D   2934
     110    1468       0       0       0       0       0       001010001D   2935
     110       0       0       1       0                               0D   2936
     110    1469       0       0       0       0       0       001010001D   2937
     110       0       0       1       0                               0D   2938
     110    1470       0       0       0       0       0       001010001D   2939
     110       0       0       1       0                               0D   2940
     110    1471       0       0       0       0       0       001010001D   2941
     110       0       0       1       0                               0D   2942
     102    1472       0       0       0       0       0       001010001D   2943
     102       0       0       1       0                               0D   2944
     142    1473       0       0       0       0       0       001010001D   2945
     142       0       0       1       0                               0D   2946
     144    1474       0       0   10000       0       0       000000000D   2947
     144       0    -537       1       0                               0D   2948
108,0.0,-1.0,0.0,0.0,0,0.0,0.0,0.0,1.0,0,0;                            1P      1
110,0.0,0.0,13.0,19.5,0.0,13.0,0,0;                                    3P      2
110,19.5,0.0,13.0,19.5,0.0,0.0,0,0;                                    5P      3
110,19.5,0.0,0.0,0.0,0.0,0.0,0,0;                                      7P      4
110,0.0,0.0,0.0,0.0,0.0,13.0,0,0;                                      9P      5
102,4,3,5,7,9,0,0;                                                    11P      6
142,0,1,0,11,2,0,0;                                                   13P      7
144,1,1,0,13,0,0;                                                     15P      8
108,1.0,0.0,0.0,19.5,0,19.5,0.0,0.0,1.0,0,0;                          17P      9
110,19.5,0.0,13.0,19.5,14.0,13.0,0,0;                                 19P     10
110,19.5,14.0,13.0,19.5,14.0,0.0,0,0;                                 21P     11
110,19.5,14.0,0.0,19.5,0.0,0.0,0,0;                                   23P     12
110,19.5,0.0,0.0,19.5,0.0,13.0,0,0;                                   25P     13
102,4,19,21,23,25,0,0;                                                27P     14
142,0,17,0,27,2,0,0;                                                  29P     15
144,17,1,0,29,0,0;                                                    31P     16
108,0.0,1.0,0.0,14.0,0,19.5,14.0,0.0,1.0,0,0;                         33P     17
110,19.5,14.0,13.0,0.0,14.0,13.0,0,0;                                 35P     18
110,0.0,14.0,13.0,0.0,14.0,0.0,0,0;                                   37P     19
110,0.0,14.0,0.0,19.5,14.0,0.0,0,0;                                   39P     20
110,19.5,14.0,0.0,19.5,14.0,13.0,0,0;                                 41P     21
102,4,35,37,39,41,0,0;                                                43P     22
142,0,33,0,43,2,0,0;                                                  45P     23
144,33,1,0,45,0,0;                                                    47P     24
108,-1.0,0.0,0.0,0.0,0,0.0,14.0,0.0,1.0,0,0;                          49P     25
110,0.0,14.0,13.0,0.0,0.0,13.0,0,0;                                   51P     26
110,0.0,0.0,13.0,0.0,0.0,0.0,0,0;                                     53P     27
110,0.0,0.0,0.0,0.0,14.0,0.0,0,0;                                     55P     28
110,0.0,14.0,0.0,0.0,14.0,13.0,0,0;                                   57P     29
102,4,51,53,55,57,0,0;                                                59P     30
142,0,49,0,59,2,0,0;                                                  61P     31
144,49,1,0,61,0,0;                                                    63P     32
108,0.0,0.0,1.0,0.0,0,0.0,0.0,0.0,1.0,0,0;                            65P     33
110,0.0,0.0,0.0,19.5,0.0,0.0,0,0;                                     67P     34
110,19.5,0.0,0.0,19.5,14.0,0.0,0,0;                                   69P     35
110,19.5,14.0,0.0,0.0,14.0,0.0,0,0;                                   71P     36
110,0.0,14.0,0.0,0.0,0.0,0.0,0,0;                                     73P     37
102,4,67,69,71,73,0,0;                                                75P     38
142,0,65,0,75,2,0,0;                                                  77P     39
144,65,1,0,77,0,0;                                                    79P     40
108,0.0,0.0,1.0,13.0,0,0.0,0.0,13.0,1.0,0,0;                          81P     41
110,0.0,0.0,13.0,0.0,14.0,13.0,0,0;                                   83P     42
110,0.0,14.0,13.0,19.5,14.0,13.0,0,0;                                 85P     43
110,19.5,14.0,13.0,19.5,0.0,13.0,0,0;                                 87P     44
110,19.5,0.0,13.0,0.0,0.0,13.0,0,0;                                   89P     45
102,4,83,85,87,89,0,0;                                                91P     46
142,0,81,0,91,2,0,0;                                                  93P     47
144,81,1,0,93,0,0;                                                    95P     48
314,100.0,50.19607843,50.19607843,5HColor,0,0;                        97P     49
110,19.5,0.0,13.0,24.5,0.0,13.0,0,0;                                  99P     50
110,24.5,0.0,13.0,24.5,0.0,0.0,0,0;                                  101P     51
110,24.5,0.0,0.0,19.5,0.0,0.0,0,0;                                   103P     52
110,19.5,0.0,0.0,19.5,0.0,13.0,0,0;                                  105P     53
102,4,99,101,103,105,0,0;                                            107P     54
142,0,1,0,107,2,0,0;                                                 109P     55
144,1,1,0,109,0,0;                                                   111P     56
108,1.0,0.0,0.0,24.5,0,24.5,0.0,0.0,1.0,0,0;                         113P     57
110,24.5,0.0,13.0,24.5,14.0,13.0,0,0;                                115P     58
110,24.5,14.0,13.0,24.5,14.0,0.0,0,0;                                117P     59
110,24.5,14.0,0.0,24.5,0.0,0.0,0,0;                                  119P     60
110,24.5,0.0,0.0,24.5,0.0,13.0,0,0;                                  121P     61
102,4,115,117,119,121,0,0;                                           123P     62
142,0,113,0,123,2,0,0;                                               125P     63
144,113,1,0,125,0,0;                                                 127P     64
110,24.5,14.0,13.0,19.5,14.0,13.0,0,0;                               129P     65
110,19.5,14.0,13.0,19.5,14.0,0.0,0,0;                                131P     66
110,19.5,14.0,0.0,24.5,14.0,0.0,0,0;                                 133P     67
110,24.5,14.0,0.0,24.5,14.0,13.0,0,0;                                135P     68
102,4,129,131,133,135,0,0;                                           137P     69
142,0,33,0,137,2,0,0;                                                139P     70
144,33,1,0,139,0,0;                                                  141P     71
108,-1.0,0.0,0.0,-19.5,0,19.5,14.0,0.0,1.0,0,0;                      143P     72
110,19.5,14.0,13.0,19.5,0.0,13.0,0,0;                                145P     73
110,19.5,0.0,13.0,19.5,0.0,0.0,0,0;                                  147P     74
110,19.5,0.0,0.0,19.5,14.0,0.0,0,0;                                  149P     75
110,19.5,14.0,0.0,19.5,14.0,13.0,0,0;                                151P     76
102,4,145,147,149,151,0,0;                                           153P     77
142,0,143,0,153,2,0,0;                                               155P     78
144,143,1,0,155,0,0;                                                 157P     79
110,19.5,0.0,0.0,24.5,0.0,0.0,0,0;                                   159P     80
110,24.5,0.0,0.0,24.5,14.0,0.0,0,0;                                  161P     81
110,24.5,14.0,0.0,19.5,14.0,0.0,0,0;                                 163P     82
110,19.5,14.0,0.0,19.5,0.0,0.0,0,0;                                  165P     83
102,4,159,161,163,165,0,0;                                           167P     84
142,0,65,0,167,2,0,0;                                                169P     85
144,65,1,0,169,0,0;                                                  171P     86
110,19.5,0.0,13.0,19.5,14.0,13.0,0,0;                                173P     87
110,19.5,14.0,13.0,24.5,14.0,13.0,0,0;                               175P     88
110,24.5,14.0,13.0,24.5,0.0,13.0,0,0;                                177P     89
110,24.5,0.0,13.0,19.5,0.0,13.0,0,0;                                 179P     90
102,4,173,175,177,179,0,0;                                           181P     91
142,0,81,0,181,2,0,0;                                                183P     92
144,81,1,0,183,0,0;                                                  185P     93
110,24.5,0.0,13.0,327.0,0.0,13.0,0,0;                                187P     94
110,327.0,0.0,13.0,327.0,0.0,0.0,0,0;                                189P     95
110,327.0,0.0,0.0,24.5,0.0,0.0,0,0;                                  191P     96
110,24.5,0.0,0.0,24.5,0.0,13.0,0,0;                                  193P     97
102,4,187,189,191,193,0,0;                                           195P     98
142,0,1,0,195,2,0,0;                                                 197P     99
144,1,1,0,197,0,0;                                                   199P    100
108,1.0,0.0,0.0,327.0,0,327.0,0.0,0.0,1.0,0,0;                       201P    101
110,327.0,0.0,13.0,327.0,14.0,13.0,0,0;                              203P    102
110,327.0,14.0,13.0,327.0,14.0,0.0,0,0;                              205P    103
110,327.0,14.0,0.0,327.0,0.0,0.0,0,0;                                207P    104
110,327.0,0.0,0.0,327.0,0.0,13.0,0,0;                                209P    105
102,4,203,205,207,209,0,0;                                           211P    106
142,0,201,0,211,2,0,0;                                               213P    107
144,201,1,0,213,0,0;                                                 215P    108
110,327.0,14.0,13.0,24.5,14.0,13.0,0,0;                              217P    109
110,24.5,14.0,13.0,24.5,14.0,0.0,0,0;                                219P    110
110,24.5,14.0,0.0,327.0,14.0,0.0,0,0;                                221P    111
110,327.0,14.0,0.0,327.0,14.0,13.0,0,0;                              223P    112
102,4,217,219,221,223,0,0;                                           225P    113
142,0,33,0,225,2,0,0;                                                227P    114
144,33,1,0,227,0,0;                                                  229P    115
108,-1.0,0.0,0.0,-24.5,0,24.5,14.0,0.0,1.0,0,0;                      231P    116
110,24.5,14.0,13.0,24.5,0.0,13.0,0,0;                                233P    117
110,24.5,0.0,13.0,24.5,0.0,0.0,0,0;                                  235P    118
110,24.5,0.0,0.0,24.5,14.0,0.0,0,0;                                  237P    119
110,24.5,14.0,0.0,24.5,14.0,13.0,0,0;                                239P    120
102,4,233,235,237,239,0,0;                                           241P    121
142,0,231,0,241,2,0,0;                                               243P    122
144,231,1,0,243,0,0;                                                 245P    123
110,24.5,0.0,0.0,327.0,0.0,0.0,0,0;                                  247P    124
110,327.0,0.0,0.0,327.0,14.0,0.0,0,0;                                249P    125
110,327.0,14.0,0.0,24.5,14.0,0.0,0,0;                                251P    126
110,24.5,14.0,0.0,24.5,0.0,0.0,0,0;                                  253P    127
102,4,247,249,251,253,0,0;                                           255P    128
142,0,65,0,255,2,0,0;                                                257P    129
144,65,1,0,257,0,0;                                                  259P    130
110,24.5,0.0,13.0,24.5,14.0,13.0,0,0;                                261P    131
110,24.5,14.0,13.0,327.0,14.0,13.0,0,0;                              263P    132
110,327.0,14.0,13.0,327.0,0.0,13.0,0,0;                              265P    133
110,327.0,0.0,13.0,24.5,0.0,13.0,0,0;                                267P    134
102,4,261,263,265,267,0,0;                                           269P    135
142,0,81,0,269,2,0,0;                                                271P    136
144,81,1,0,271,0,0;                                                  273P    137
108,0.0,-1.0,0.0,-14.0,0,0.0,14.0,0.0,1.0,0,0;                       275P    138
110,0.0,14.0,13.0,19.5,14.0,13.0,0,0;                                277P    139
110,19.5,14.0,13.0,19.5,14.0,0.0,0,0;                                279P    140
110,19.5,14.0,0.0,0.0,14.0,0.0,0,0;                                  281P    141
110,0.0,14.0,0.0,0.0,14.0,13.0,0,0;                                  283P    142
102,4,277,279,281,283,0,0;                                           285P    143
142,0,275,0,285,2,0,0;                                               287P    144
144,275,1,0,287,0,0;                                                 289P    145
110,19.5,14.0,13.0,19.5,19.0,13.0,0,0;                               291P    146
110,19.5,19.0,13.0,19.5,19.0,0.0,0,0;                                293P    147
110,19.5,19.0,0.0,19.5,14.0,0.0,0,0;                                 295P    148
110,19.5,14.0,0.0,19.5,14.0,13.0,0,0;                                297P    149
102,4,291,293,295,297,0,0;                                           299P    150
142,0,17,0,299,2,0,0;                                                301P    151
144,17,1,0,301,0,0;                                                  303P    152
108,0.0,1.0,0.0,19.0,0,19.5,19.0,0.0,1.0,0,0;                        305P    153
110,19.5,19.0,13.0,0.0,19.0,13.0,0,0;                                307P    154
110,0.0,19.0,13.0,0.0,19.0,0.0,0,0;                                  309P    155
110,0.0,19.0,0.0,19.5,19.0,0.0,0,0;                                  311P    156
110,19.5,19.0,0.0,19.5,19.0,13.0,0,0;                                313P    157
102,4,307,309,311,313,0,0;                                           315P    158
142,0,305,0,315,2,0,0;                                               317P    159
144,305,1,0,317,0,0;                                                 319P    160
110,0.0,19.0,13.0,0.0,14.0,13.0,0,0;                                 321P    161
110,0.0,14.0,13.0,0.0,14.0,0.0,0,0;                                  323P    162
110,0.0,14.0,0.0,0.0,19.0,0.0,0,0;                                   325P    163
110,0.0,19.0,0.0,0.0,19.0,13.0,0,0;                                  327P    164
102,4,321,323,325,327,0,0;                                           329P    165
142,0,49,0,329,2,0,0;                                                331P    166
144,49,1,0,331,0,0;                                                  333P    167
110,0.0,14.0,0.0,19.5,14.0,0.0,0,0;                                  335P    168
110,19.5,14.0,0.0,19.5,19.0,0.0,0,0;                                 337P    169
110,19.5,19.0,0.0,0.0,19.0,0.0,0,0;                                  339P    170
110,0.0,19.0,0.0,0.0,14.0,0.0,0,0;                                   341P    171
102,4,335,337,339,341,0,0;                                           343P    172
142,0,65,0,343,2,0,0;                                                345P    173
144,65,1,0,345,0,0;                                                  347P    174
110,0.0,14.0,13.0,0.0,19.0,13.0,0,0;                                 349P    175
110,0.0,19.0,13.0,19.5,19.0,13.0,0,0;                                351P    176
110,19.5,19.0,13.0,19.5,14.0,13.0,0,0;                               353P    177
110,19.5,14.0,13.0,0.0,14.0,13.0,0,0;                                355P    178
102,4,349,351,353,355,0,0;                                           357P    179
142,0,81,0,357,2,0,0;                                                359P    180
144,81,1,0,359,0,0;                                                  361P    181
108,0.0,-1.0,0.0,-19.0,0,0.0,19.0,0.0,1.0,0,0;                       363P    182
110,0.0,19.0,13.0,19.5,19.0,13.0,0,0;                                365P    183
110,19.5,19.0,13.0,19.5,19.0,0.0,0,0;                                367P    184
110,19.5,19.0,0.0,0.0,19.0,0.0,0,0;                                  369P    185
110,0.0,19.0,0.0,0.0,19.0,13.0,0,0;                                  371P    186
102,4,365,367,369,371,0,0;                                           373P    187
142,0,363,0,373,2,0,0;                                               375P    188
144,363,1,0,375,0,0;                                                 377P    189
110,19.5,19.0,13.0,19.5,221.5,13.0,0,0;                              379P    190
110,19.5,221.5,13.0,19.5,221.5,0.0,0,0;                              381P    191
110,19.5,221.5,0.0,19.5,19.0,0.0,0,0;                                383P    192
110,19.5,19.0,0.0,19.5,19.0,13.0,0,0;                                385P    193
102,4,379,381,383,385,0,0;                                           387P    194
142,0,17,0,387,2,0,0;                                                389P    195
144,17,1,0,389,0,0;                                                  391P    196
108,0.0,1.0,0.0,221.5,0,19.5,221.5,0.0,1.0,0,0;                      393P    197
110,19.5,221.5,13.0,0.0,221.5,13.0,0,0;                              395P    198
110,0.0,221.5,13.0,0.0,221.5,0.0,0,0;                                397P    199
110,0.0,221.5,0.0,19.5,221.5,0.0,0,0;                                399P    200
110,19.5,221.5,0.0,19.5,221.5,13.0,0,0;                              401P    201
102,4,395,397,399,401,0,0;                                           403P    202
142,0,393,0,403,2,0,0;                                               405P    203
144,393,1,0,405,0,0;                                                 407P    204
110,0.0,221.5,13.0,0.0,19.0,13.0,0,0;                                409P    205
110,0.0,19.0,13.0,0.0,19.0,0.0,0,0;                                  411P    206
110,0.0,19.0,0.0,0.0,221.5,0.0,0,0;                                  413P    207
110,0.0,221.5,0.0,0.0,221.5,13.0,0,0;                                415P    208
102,4,409,411,413,415,0,0;                                           417P    209
142,0,49,0,417,2,0,0;                                                419P    210
144,49,1,0,419,0,0;                                                  421P    211
110,0.0,19.0,0.0,19.5,19.0,0.0,0,0;                                  423P    212
110,19.5,19.0,0.0,19.5,221.5,0.0,0,0;                                425P    213
110,19.5,221.5,0.0,0.0,221.5,0.0,0,0;                                427P    214
110,0.0,221.5,0.0,0.0,19.0,0.0,0,0;                                  429P    215
102,4,423,425,427,429,0,0;                                           431P    216
142,0,65,0,431,2,0,0;                                                433P    217
144,65,1,0,433,0,0;                                                  435P    218
110,0.0,19.0,13.0,0.0,221.5,13.0,0,0;                                437P    219
110,0.0,221.5,13.0,19.5,221.5,13.0,0,0;                              439P    220
110,19.5,221.5,13.0,19.5,19.0,13.0,0,0;                              441P    221
110,19.5,19.0,13.0,0.0,19.0,13.0,0,0;                                443P    222
102,4,437,439,441,443,0,0;                                           445P    223
142,0,81,0,445,2,0,0;                                                447P    224
144,81,1,0,447,0,0;                                                  449P    225
314,100.0,50.19607843,0.0,5HColor,0,0;                               451P    226
110,19.5,14.0,13.0,24.5,14.0,13.0,0,0;                               453P    227
110,24.5,14.0,13.0,24.5,14.0,0.0,0,0;                                455P    228
110,24.5,14.0,0.0,19.5,14.0,0.0,0,0;                                 457P    229
110,19.5,14.0,0.0,19.5,14.0,13.0,0,0;                                459P    230
102,4,453,455,457,459,0,0;                                           461P    231
142,0,275,0,461,2,0,0;                                               463P    232
144,275,1,0,463,0,0;                                                 465P    233
110,24.5,14.0,13.0,24.5,19.0,13.0,0,0;                               467P    234
110,24.5,19.0,13.0,24.5,19.0,0.0,0,0;                                469P    235
110,24.5,19.0,0.0,24.5,14.0,0.0,0,0;                                 471P    236
110,24.5,14.0,0.0,24.5,14.0,13.0,0,0;                                473P    237
102,4,467,469,471,473,0,0;                                           475P    238
142,0,113,0,475,2,0,0;                                               477P    239
144,113,1,0,477,0,0;                                                 479P    240
110,24.5,19.0,13.0,19.5,19.0,13.0,0,0;                               481P    241
110,19.5,19.0,13.0,19.5,19.0,0.0,0,0;                                483P    242
110,19.5,19.0,0.0,24.5,19.0,0.0,0,0;                                 485P    243
110,24.5,19.0,0.0,24.5,19.0,13.0,0,0;                                487P    244
102,4,481,483,485,487,0,0;                                           489P    245
142,0,305,0,489,2,0,0;                                               491P    246
144,305,1,0,491,0,0;                                                 493P    247
110,19.5,19.0,13.0,19.5,14.0,13.0,0,0;                               495P    248
110,19.5,14.0,13.0,19.5,14.0,0.0,0,0;                                497P    249
110,19.5,14.0,0.0,19.5,19.0,0.0,0,0;                                 499P    250
110,19.5,19.0,0.0,19.5,19.0,13.0,0,0;                                501P    251
102,4,495,497,499,501,0,0;                                           503P    252
142,0,143,0,503,2,0,0;                                               505P    253
144,143,1,0,505,0,0;                                                 507P    254
110,19.5,14.0,0.0,24.5,14.0,0.0,0,0;                                 509P    255
110,24.5,14.0,0.0,24.5,19.0,0.0,0,0;                                 511P    256
110,24.5,19.0,0.0,19.5,19.0,0.0,0,0;                                 513P    257
110,19.5,19.0,0.0,19.5,14.0,0.0,0,0;                                 515P    258
102,4,509,511,513,515,0,0;                                           517P    259
142,0,65,0,517,2,0,0;                                                519P    260
144,65,1,0,519,0,0;                                                  521P    261
110,19.5,14.0,13.0,19.5,19.0,13.0,0,0;                               523P    262
110,19.5,19.0,13.0,24.5,19.0,13.0,0,0;                               525P    263
110,24.5,19.0,13.0,24.5,14.0,13.0,0,0;                               527P    264
110,24.5,14.0,13.0,19.5,14.0,13.0,0,0;                               529P    265
102,4,523,525,527,529,0,0;                                           531P    266
142,0,81,0,531,2,0,0;                                                533P    267
144,81,1,0,533,0,0;                                                  535P    268
314,0.0,45.09803922,66.66666667,5HColor,0,0;                         537P    269
110,24.5,19.0,13.0,24.5,14.0,13.0,0,0;                               539P    270
110,24.5,14.0,13.0,24.5,14.0,0.0,0,0;                                541P    271
110,24.5,14.0,0.0,24.5,19.0,0.0,0,0;                                 543P    272
110,24.5,19.0,0.0,24.5,19.0,13.0,0,0;                                545P    273
102,4,539,541,543,545,0,0;                                           547P    274
142,0,231,0,547,2,0,0;                                               549P    275
144,231,1,0,549,0,0;                                                 551P    276
110,24.5,14.0,13.0,327.0,14.0,13.0,0,0;                              553P    277
110,327.0,14.0,13.0,327.0,14.0,0.0,0,0;                              555P    278
110,327.0,14.0,0.0,24.5,14.0,0.0,0,0;                                557P    279
110,24.5,14.0,0.0,24.5,14.0,13.0,0,0;                                559P    280
102,4,553,555,557,559,0,0;                                           561P    281
142,0,33,0,561,2,0,0;                                                563P    282
144,33,1,0,563,0,0;                                                  565P    283
110,327.0,14.0,13.0,327.0,19.0,13.0,0,0;                             567P    284
110,327.0,19.0,13.0,327.0,19.0,0.0,0,0;                              569P    285
110,327.0,19.0,0.0,327.0,14.0,0.0,0,0;                               571P    286
110,327.0,14.0,0.0,327.0,14.0,13.0,0,0;                              573P    287
102,4,567,569,571,573,0,0;                                           575P    288
142,0,201,0,575,2,0,0;                                               577P    289
144,201,1,0,577,0,0;                                                 579P    290
110,327.0,19.0,13.0,24.5,19.0,13.0,0,0;                              581P    291
110,24.5,19.0,13.0,24.5,19.0,0.0,0,0;                                583P    292
110,24.5,19.0,0.0,327.0,19.0,0.0,0,0;                                585P    293
110,327.0,19.0,0.0,327.0,19.0,13.0,0,0;                              587P    294
102,4,581,583,585,587,0,0;                                           589P    295
142,0,363,0,589,2,0,0;                                               591P    296
144,363,1,0,591,0,0;                                                 593P    297
110,24.5,19.0,0.0,24.5,14.0,0.0,0,0;                                 595P    298
110,24.5,14.0,0.0,327.0,14.0,0.0,0,0;                                597P    299
110,327.0,14.0,0.0,327.0,19.0,0.0,0,0;                               599P    300
110,327.0,19.0,0.0,24.5,19.0,0.0,0,0;                                601P    301
102,4,595,597,599,601,0,0;                                           603P    302
142,0,65,0,603,2,0,0;                                                605P    303
144,65,1,0,605,0,0;                                                  607P    304
110,24.5,19.0,13.0,327.0,19.0,13.0,0,0;                              609P    305
110,327.0,19.0,13.0,327.0,14.0,13.0,0,0;                             611P    306
110,327.0,14.0,13.0,24.5,14.0,13.0,0,0;                              613P    307
110,24.5,14.0,13.0,24.5,19.0,13.0,0,0;                               615P    308
102,4,609,611,613,615,0,0;                                           617P    309
142,0,81,0,617,2,0,0;                                                619P    310
144,81,1,0,619,0,0;                                                  621P    311
110,19.5,19.0,13.0,24.5,19.0,13.0,0,0;                               623P    312
110,24.5,19.0,13.0,24.5,19.0,0.0,0,0;                                625P    313
110,24.5,19.0,0.0,19.5,19.0,0.0,0,0;                                 627P    314
110,19.5,19.0,0.0,19.5,19.0,13.0,0,0;                                629P    315
102,4,623,625,627,629,0,0;                                           631P    316
142,0,363,0,631,2,0,0;                                               633P    317
144,363,1,0,633,0,0;                                                 635P    318
110,24.5,19.0,13.0,24.5,221.5,13.0,0,0;                              637P    319
110,24.5,221.5,13.0,24.5,221.5,0.0,0,0;                              639P    320
110,24.5,221.5,0.0,24.5,19.0,0.0,0,0;                                641P    321
110,24.5,19.0,0.0,24.5,19.0,13.0,0,0;                                643P    322
102,4,637,639,641,643,0,0;                                           645P    323
142,0,113,0,645,2,0,0;                                               647P    324
144,113,1,0,647,0,0;                                                 649P    325
110,24.5,221.5,13.0,19.5,221.5,13.0,0,0;                             651P    326
110,19.5,221.5,13.0,19.5,221.5,0.0,0,0;                              653P    327
110,19.5,221.5,0.0,24.5,221.5,0.0,0,0;                               655P    328
110,24.5,221.5,0.0,24.5,221.5,13.0,0,0;                              657P    329
102,4,651,653,655,657,0,0;                                           659P    330
142,0,393,0,659,2,0,0;                                               661P    331
144,393,1,0,661,0,0;                                                 663P    332
110,19.5,221.5,13.0,19.5,19.0,13.0,0,0;                              665P    333
110,19.5,19.0,13.0,19.5,19.0,0.0,0,0;                                667P    334
110,19.5,19.0,0.0,19.5,221.5,0.0,0,0;                                669P    335
110,19.5,221.5,0.0,19.5,221.5,13.0,0,0;                              671P    336
102,4,665,667,669,671,0,0;                                           673P    337
142,0,143,0,673,2,0,0;                                               675P    338
144,143,1,0,675,0,0;                                                 677P    339
110,19.5,19.0,0.0,24.5,19.0,0.0,0,0;                                 679P    340
110,24.5,19.0,0.0,24.5,221.5,0.0,0,0;                                681P    341
110,24.5,221.5,0.0,19.5,221.5,0.0,0,0;                               683P    342
110,19.5,221.5,0.0,19.5,19.0,0.0,0,0;                                685P    343
102,4,679,681,683,685,0,0;                                           687P    344
142,0,65,0,687,2,0,0;                                                689P    345
144,65,1,0,689,0,0;                                                  691P    346
110,19.5,19.0,13.0,19.5,221.5,13.0,0,0;                              693P    347
110,19.5,221.5,13.0,24.5,221.5,13.0,0,0;                             695P    348
110,24.5,221.5,13.0,24.5,19.0,13.0,0,0;                              697P    349
110,24.5,19.0,13.0,19.5,19.0,13.0,0,0;                               699P    350
102,4,693,695,697,699,0,0;                                           701P    351
142,0,81,0,701,2,0,0;                                                703P    352
144,81,1,0,703,0,0;                                                  705P    353
110,24.5,19.0,13.0,327.0,19.0,13.0,0,0;                              707P    354
110,327.0,19.0,13.0,327.0,19.0,0.0,0,0;                              709P    355
110,327.0,19.0,0.0,24.5,19.0,0.0,0,0;                                711P    356
110,24.5,19.0,0.0,24.5,19.0,13.0,0,0;                                713P    357
102,4,707,709,711,713,0,0;                                           715P    358
142,0,363,0,715,2,0,0;                                               717P    359
144,363,1,0,717,0,0;                                                 719P    360
110,327.0,19.0,13.0,327.0,221.5,13.0,0,0;                            721P    361
110,327.0,221.5,13.0,327.0,221.5,0.0,0,0;                            723P    362
110,327.0,221.5,0.0,327.0,19.0,0.0,0,0;                              725P    363
110,327.0,19.0,0.0,327.0,19.0,13.0,0,0;                              727P    364
102,4,721,723,725,727,0,0;                                           729P    365
142,0,201,0,729,2,0,0;                                               731P    366
144,201,1,0,731,0,0;                                                 733P    367
110,327.0,221.5,13.0,24.5,221.5,13.0,0,0;                            735P    368
110,24.5,221.5,13.0,24.5,221.5,0.0,0,0;                              737P    369
110,24.5,221.5,0.0,327.0,221.5,0.0,0,0;                              739P    370
110,327.0,221.5,0.0,327.0,221.5,13.0,0,0;                            741P    371
102,4,735,737,739,741,0,0;                                           743P    372
142,0,393,0,743,2,0,0;                                               745P    373
144,393,1,0,745,0,0;                                                 747P    374
110,24.5,221.5,13.0,24.5,19.0,13.0,0,0;                              749P    375
110,24.5,19.0,13.0,24.5,19.0,0.0,0,0;                                751P    376
110,24.5,19.0,0.0,24.5,221.5,0.0,0,0;                                753P    377
110,24.5,221.5,0.0,24.5,221.5,13.0,0,0;                              755P    378
102,4,749,751,753,755,0,0;                                           757P    379
142,0,231,0,757,2,0,0;                                               759P    380
144,231,1,0,759,0,0;                                                 761P    381
110,24.5,19.0,0.0,327.0,19.0,0.0,0,0;                                763P    382
110,327.0,19.0,0.0,327.0,221.5,0.0,0,0;                              765P    383
110,327.0,221.5,0.0,24.5,221.5,0.0,0,0;                              767P    384
110,24.5,221.5,0.0,24.5,19.0,0.0,0,0;                                769P    385
102,4,763,765,767,769,0,0;                                           771P    386
142,0,65,0,771,2,0,0;                                                773P    387
144,65,1,0,773,0,0;                                                  775P    388
110,24.5,19.0,13.0,24.5,221.5,13.0,0,0;                              777P    389
110,24.5,221.5,13.0,327.0,221.5,13.0,0,0;                            779P    390
110,327.0,221.5,13.0,327.0,19.0,13.0,0,0;                            781P    391
110,327.0,19.0,13.0,24.5,19.0,13.0,0,0;                              783P    392
102,4,777,779,781,783,0,0;                                           785P    393
142,0,81,0,785,2,0,0;                                                787P    394
144,81,1,0,787,0,0;                                                  789P    395
406,1,9HKorper.10,0,0;                                               791P    396
110,0.0,0.0,18.0,19.5,0.0,18.0,0,0;                                  793P    397
110,19.5,0.0,18.0,19.5,0.0,13.0,0,0;                                 795P    398
110,19.5,0.0,13.0,0.0,0.0,13.0,0,0;                                  797P    399
110,0.0,0.0,13.0,0.0,0.0,18.0,0,0;                                   799P    400
102,4,793,795,797,799,0,0;                                           801P    401
142,0,1,0,801,2,0,0;                                                 803P    402
144,1,1,0,803,0,1,791;                                               805P    403
110,19.5,0.0,18.0,19.5,14.0,18.0,0,0;                                807P    404
110,19.5,14.0,18.0,19.5,14.0,13.0,0,0;                               809P    405
110,19.5,14.0,13.0,19.5,0.0,13.0,0,0;                                811P    406
110,19.5,0.0,13.0,19.5,0.0,18.0,0,0;                                 813P    407
102,4,807,809,811,813,0,0;                                           815P    408
142,0,17,0,815,2,0,0;                                                817P    409
144,17,1,0,817,0,1,791;                                              819P    410
110,19.5,14.0,18.0,0.0,14.0,18.0,0,0;                                821P    411
110,0.0,14.0,18.0,0.0,14.0,13.0,0,0;                                 823P    412
110,0.0,14.0,13.0,19.5,14.0,13.0,0,0;                                825P    413
110,19.5,14.0,13.0,19.5,14.0,18.0,0,0;                               827P    414
102,4,821,823,825,827,0,0;                                           829P    415
142,0,33,0,829,2,0,0;                                                831P    416
144,33,1,0,831,0,1,791;                                              833P    417
110,0.0,14.0,18.0,0.0,0.0,18.0,0,0;                                  835P    418
110,0.0,0.0,18.0,0.0,0.0,13.0,0,0;                                   837P    419
110,0.0,0.0,13.0,0.0,14.0,13.0,0,0;                                  839P    420
110,0.0,14.0,13.0,0.0,14.0,18.0,0,0;                                 841P    421
102,4,835,837,839,841,0,0;                                           843P    422
142,0,49,0,843,2,0,0;                                                845P    423
144,49,1,0,845,0,1,791;                                              847P    424
110,0.0,0.0,13.0,19.5,0.0,13.0,0,0;                                  849P    425
110,19.5,0.0,13.0,19.5,14.0,13.0,0,0;                                851P    426
110,19.5,14.0,13.0,0.0,14.0,13.0,0,0;                                853P    427
110,0.0,14.0,13.0,0.0,0.0,13.0,0,0;                                  855P    428
102,4,849,851,853,855,0,0;                                           857P    429
142,0,81,0,857,2,0,0;                                                859P    430
144,81,1,0,859,0,1,791;                                              861P    431
108,0.0,0.0,1.0,18.0,0,0.0,0.0,18.0,1.0,0,0;                         863P    432
110,0.0,0.0,18.0,0.0,14.0,18.0,0,0;                                  865P    433
110,0.0,14.0,18.0,19.5,14.0,18.0,0,0;                                867P    434
110,19.5,14.0,18.0,19.5,0.0,18.0,0,0;                                869P    435
110,19.5,0.0,18.0,0.0,0.0,18.0,0,0;                                  871P    436
102,4,865,867,869,871,0,0;                                           873P    437
142,0,863,0,873,2,0,0;                                               875P    438
144,863,1,0,875,0,1,791;                                             877P    439
406,1,9HKorper.11,0,0;                                               879P    440
110,19.5,0.0,18.0,24.5,0.0,18.0,0,0;                                 881P    441
110,24.5,0.0,18.0,24.5,0.0,13.0,0,0;                                 883P    442
110,24.5,0.0,13.0,19.5,0.0,13.0,0,0;                                 885P    443
110,19.5,0.0,13.0,19.5,0.0,18.0,0,0;                                 887P    444
102,4,881,883,885,887,0,0;                                           889P    445
142,0,1,0,889,2,0,0;                                                 891P    446
144,1,1,0,891,0,1,879;                                               893P    447
110,24.5,0.0,18.0,24.5,14.0,18.0,0,0;                                895P    448
110,24.5,14.0,18.0,24.5,14.0,13.0,0,0;                               897P    449
110,24.5,14.0,13.0,24.5,0.0,13.0,0,0;                                899P    450
110,24.5,0.0,13.0,24.5,0.0,18.0,0,0;                                 901P    451
102,4,895,897,899,901,0,0;                                           903P    452
142,0,113,0,903,2,0,0;                                               905P    453
144,113,1,0,905,0,1,879;                                             907P    454
110,24.5,14.0,18.0,19.5,14.0,18.0,0,0;                               909P    455
110,19.5,14.0,18.0,19.5,14.0,13.0,0,0;                               911P    456
110,19.5,14.0,13.0,24.5,14.0,13.0,0,0;                               913P    457
110,24.5,14.0,13.0,24.5,14.0,18.0,0,0;                               915P    458
102,4,909,911,913,915,0,0;                                           917P    459
142,0,33,0,917,2,0,0;                                                919P    460
144,33,1,0,919,0,1,879;                                              921P    461
110,19.5,14.0,18.0,19.5,0.0,18.0,0,0;                                923P    462
110,19.5,0.0,18.0,19.5,0.0,13.0,0,0;                                 925P    463
110,19.5,0.0,13.0,19.5,14.0,13.0,0,0;                                927P    464
110,19.5,14.0,13.0,19.5,14.0,18.0,0,0;                               929P    465
102,4,923,925,927,929,0,0;                                           931P    466
142,0,143,0,931,2,0,0;                                               933P    467
144,143,1,0,933,0,1,879;                                             935P    468
110,19.5,0.0,13.0,24.5,0.0,13.0,0,0;                                 937P    469
110,24.5,0.0,13.0,24.5,14.0,13.0,0,0;                                939P    470
110,24.5,14.0,13.0,19.5,14.0,13.0,0,0;                               941P    471
110,19.5,14.0,13.0,19.5,0.0,13.0,0,0;                                943P    472
102,4,937,939,941,943,0,0;                                           945P    473
142,0,81,0,945,2,0,0;                                                947P    474
144,81,1,0,947,0,1,879;                                              949P    475
110,19.5,0.0,18.0,19.5,14.0,18.0,0,0;                                951P    476
110,19.5,14.0,18.0,24.5,14.0,18.0,0,0;                               953P    477
110,24.5,14.0,18.0,24.5,0.0,18.0,0,0;                                955P    478
110,24.5,0.0,18.0,19.5,0.0,18.0,0,0;                                 957P    479
102,4,951,953,955,957,0,0;                                           959P    480
142,0,863,0,959,2,0,0;                                               961P    481
144,863,1,0,961,0,1,879;                                             963P    482
406,1,9HKorper.12,0,0;                                               965P    483
110,24.5,0.0,18.0,327.0,0.0,18.0,0,0;                                967P    484
110,327.0,0.0,18.0,327.0,0.0,13.0,0,0;                               969P    485
110,327.0,0.0,13.0,24.5,0.0,13.0,0,0;                                971P    486
110,24.5,0.0,13.0,24.5,0.0,18.0,0,0;                                 973P    487
102,4,967,969,971,973,0,0;                                           975P    488
142,0,1,0,975,2,0,0;                                                 977P    489
144,1,1,0,977,0,1,965;                                               979P    490
110,327.0,0.0,18.0,327.0,14.0,18.0,0,0;                              981P    491
110,327.0,14.0,18.0,327.0,14.0,13.0,0,0;                             983P    492
110,327.0,14.0,13.0,327.0,0.0,13.0,0,0;                              985P    493
110,327.0,0.0,13.0,327.0,0.0,18.0,0,0;                               987P    494
102,4,981,983,985,987,0,0;                                           989P    495
142,0,201,0,989,2,0,0;                                               991P    496
144,201,1,0,991,0,1,965;                                             993P    497
110,327.0,14.0,18.0,24.5,14.0,18.0,0,0;                              995P    498
110,24.5,14.0,18.0,24.5,14.0,13.0,0,0;                               997P    499
110,24.5,14.0,13.0,327.0,14.0,13.0,0,0;                              999P    500
110,327.0,14.0,13.0,327.0,14.0,18.0,0,0;                            1001P    501
102,4,995,997,999,1001,0,0;                                         1003P    502
142,0,33,0,1003,2,0,0;                                              1005P    503
144,33,1,0,1005,0,1,965;                                            1007P    504
110,24.5,14.0,18.0,24.5,0.0,18.0,0,0;                               1009P    505
110,24.5,0.0,18.0,24.5,0.0,13.0,0,0;                                1011P    506
110,24.5,0.0,13.0,24.5,14.0,13.0,0,0;                               1013P    507
110,24.5,14.0,13.0,24.5,14.0,18.0,0,0;                              1015P    508
102,4,1009,1011,1013,1015,0,0;                                      1017P    509
142,0,231,0,1017,2,0,0;                                             1019P    510
144,231,1,0,1019,0,1,965;                                           1021P    511
110,24.5,0.0,13.0,327.0,0.0,13.0,0,0;                               1023P    512
110,327.0,0.0,13.0,327.0,14.0,13.0,0,0;                             1025P    513
110,327.0,14.0,13.0,24.5,14.0,13.0,0,0;                             1027P    514
110,24.5,14.0,13.0,24.5,0.0,13.0,0,0;                               1029P    515
102,4,1023,1025,1027,1029,0,0;                                      1031P    516
142,0,81,0,1031,2,0,0;                                              1033P    517
144,81,1,0,1033,0,1,965;                                            1035P    518
110,24.5,0.0,18.0,24.5,14.0,18.0,0,0;                               1037P    519
110,24.5,14.0,18.0,327.0,14.0,18.0,0,0;                             1039P    520
110,327.0,14.0,18.0,327.0,0.0,18.0,0,0;                             1041P    521
110,327.0,0.0,18.0,24.5,0.0,18.0,0,0;                               1043P    522
102,4,1037,1039,1041,1043,0,0;                                      1045P    523
142,0,863,0,1045,2,0,0;                                             1047P    524
144,863,1,0,1047,0,1,965;                                           1049P    525
406,1,9HKorper.13,0,0;                                              1051P    526
110,0.0,14.0,18.0,19.5,14.0,18.0,0,0;                               1053P    527
110,19.5,14.0,18.0,19.5,14.0,13.0,0,0;                              1055P    528
110,19.5,14.0,13.0,0.0,14.0,13.0,0,0;                               1057P    529
110,0.0,14.0,13.0,0.0,14.0,18.0,0,0;                                1059P    530
102,4,1053,1055,1057,1059,0,0;                                      1061P    531
142,0,275,0,1061,2,0,0;                                             1063P    532
144,275,1,0,1063,0,1,1051;                                          1065P    533
110,19.5,14.0,18.0,19.5,19.0,18.0,0,0;                              1067P    534
110,19.5,19.0,18.0,19.5,19.0,13.0,0,0;                              1069P    535
110,19.5,19.0,13.0,19.5,14.0,13.0,0,0;                              1071P    536
110,19.5,14.0,13.0,19.5,14.0,18.0,0,0;                              1073P    537
102,4,1067,1069,1071,1073,0,0;                                      1075P    538
142,0,17,0,1075,2,0,0;                                              1077P    539
144,17,1,0,1077,0,1,1051;                                           1079P    540
110,19.5,19.0,18.0,0.0,19.0,18.0,0,0;                               1081P    541
110,0.0,19.0,18.0,0.0,19.0,13.0,0,0;                                1083P    542
110,0.0,19.0,13.0,19.5,19.0,13.0,0,0;                               1085P    543
110,19.5,19.0,13.0,19.5,19.0,18.0,0,0;                              1087P    544
102,4,1081,1083,1085,1087,0,0;                                      1089P    545
142,0,305,0,1089,2,0,0;                                             1091P    546
144,305,1,0,1091,0,1,1051;                                          1093P    547
110,0.0,19.0,18.0,0.0,14.0,18.0,0,0;                                1095P    548
110,0.0,14.0,18.0,0.0,14.0,13.0,0,0;                                1097P    549
110,0.0,14.0,13.0,0.0,19.0,13.0,0,0;                                1099P    550
110,0.0,19.0,13.0,0.0,19.0,18.0,0,0;                                1101P    551
102,4,1095,1097,1099,1101,0,0;                                      1103P    552
142,0,49,0,1103,2,0,0;                                              1105P    553
144,49,1,0,1105,0,1,1051;                                           1107P    554
110,0.0,14.0,13.0,19.5,14.0,13.0,0,0;                               1109P    555
110,19.5,14.0,13.0,19.5,19.0,13.0,0,0;                              1111P    556
110,19.5,19.0,13.0,0.0,19.0,13.0,0,0;                               1113P    557
110,0.0,19.0,13.0,0.0,14.0,13.0,0,0;                                1115P    558
102,4,1109,1111,1113,1115,0,0;                                      1117P    559
142,0,81,0,1117,2,0,0;                                              1119P    560
144,81,1,0,1119,0,1,1051;                                           1121P    561
110,0.0,14.0,18.0,0.0,19.0,18.0,0,0;                                1123P    562
110,0.0,19.0,18.0,19.5,19.0,18.0,0,0;                               1125P    563
110,19.5,19.0,18.0,19.5,14.0,18.0,0,0;                              1127P    564
110,19.5,14.0,18.0,0.0,14.0,18.0,0,0;                               1129P    565
102,4,1123,1125,1127,1129,0,0;                                      1131P    566
142,0,863,0,1131,2,0,0;                                             1133P    567
144,863,1,0,1133,0,1,1051;                                          1135P    568
406,1,9HKorper.14,0,0;                                              1137P    569
110,0.0,19.0,18.0,19.5,19.0,18.0,0,0;                               1139P    570
110,19.5,19.0,18.0,19.5,19.0,13.0,0,0;                              1141P    571
110,19.5,19.0,13.0,0.0,19.0,13.0,0,0;                               1143P    572
110,0.0,19.0,13.0,0.0,19.0,18.0,0,0;                                1145P    573
102,4,1139,1141,1143,1145,0,0;                                      1147P    574
142,0,363,0,1147,2,0,0;                                             1149P    575
144,363,1,0,1149,0,1,1137;                                          1151P    576
110,19.5,19.0,18.0,19.5,221.5,18.0,0,0;                             1153P    577
110,19.5,221.5,18.0,19.5,221.5,13.0,0,0;                            1155P    578
110,19.5,221.5,13.0,19.5,19.0,13.0,0,0;                             1157P    579
110,19.5,19.0,13.0,19.5,19.0,18.0,0,0;                              1159P    580
102,4,1153,1155,1157,1159,0,0;                                      1161P    581
142,0,17,0,1161,2,0,0;                                              1163P    582
144,17,1,0,1163,0,1,1137;                                           1165P    583
110,19.5,221.5,18.0,0.0,221.5,18.0,0,0;                             1167P    584
110,0.0,221.5,18.0,0.0,221.5,13.0,0,0;                              1169P    585
110,0.0,221.5,13.0,19.5,221.5,13.0,0,0;                             1171P    586
110,19.5,221.5,13.0,19.5,221.5,18.0,0,0;                            1173P    587
102,4,1167,1169,1171,1173,0,0;                                      1175P    588
142,0,393,0,1175,2,0,0;                                             1177P    589
144,393,1,0,1177,0,1,1137;                                          1179P    590
110,0.0,221.5,18.0,0.0,19.0,18.0,0,0;                               1181P    591
110,0.0,19.0,18.0,0.0,19.0,13.0,0,0;                                1183P    592
110,0.0,19.0,13.0,0.0,221.5,13.0,0,0;                               1185P    593
110,0.0,221.5,13.0,0.0,221.5,18.0,0,0;                              1187P    594
102,4,1181,1183,1185,1187,0,0;                                      1189P    595
142,0,49,0,1189,2,0,0;                                              1191P    596
144,49,1,0,1191,0,1,1137;                                           1193P    597
110,0.0,19.0,13.0,19.5,19.0,13.0,0,0;                               1195P    598
110,19.5,19.0,13.0,19.5,221.5,13.0,0,0;                             1197P    599
110,19.5,221.5,13.0,0.0,221.5,13.0,0,0;                             1199P    600
110,0.0,221.5,13.0,0.0,19.0,13.0,0,0;                               1201P    601
102,4,1195,1197,1199,1201,0,0;                                      1203P    602
142,0,81,0,1203,2,0,0;                                              1205P    603
144,81,1,0,1205,0,1,1137;                                           1207P    604
110,0.0,19.0,18.0,0.0,221.5,18.0,0,0;                               1209P    605
110,0.0,221.5,18.0,19.5,221.5,18.0,0,0;                             1211P    606
110,19.5,221.5,18.0,19.5,19.0,18.0,0,0;                             1213P    607
110,19.5,19.0,18.0,0.0,19.0,18.0,0,0;                               1215P    608
102,4,1209,1211,1213,1215,0,0;                                      1217P    609
142,0,863,0,1217,2,0,0;                                             1219P    610
144,863,1,0,1219,0,1,1137;                                          1221P    611
406,1,9HKorper.15,0,0;                                              1223P    612
110,19.5,14.0,18.0,24.5,14.0,18.0,0,0;                              1225P    613
110,24.5,14.0,18.0,24.5,14.0,13.0,0,0;                              1227P    614
110,24.5,14.0,13.0,19.5,14.0,13.0,0,0;                              1229P    615
110,19.5,14.0,13.0,19.5,14.0,18.0,0,0;                              1231P    616
102,4,1225,1227,1229,1231,0,0;                                      1233P    617
142,0,275,0,1233,2,0,0;                                             1235P    618
144,275,1,0,1235,0,1,1223;                                          1237P    619
110,24.5,14.0,18.0,24.5,19.0,18.0,0,0;                              1239P    620
110,24.5,19.0,18.0,24.5,19.0,13.0,0,0;                              1241P    621
110,24.5,19.0,13.0,24.5,14.0,13.0,0,0;                              1243P    622
110,24.5,14.0,13.0,24.5,14.0,18.0,0,0;                              1245P    623
102,4,1239,1241,1243,1245,0,0;                                      1247P    624
142,0,113,0,1247,2,0,0;                                             1249P    625
144,113,1,0,1249,0,1,1223;                                          1251P    626
110,24.5,19.0,18.0,19.5,19.0,18.0,0,0;                              1253P    627
110,19.5,19.0,18.0,19.5,19.0,13.0,0,0;                              1255P    628
110,19.5,19.0,13.0,24.5,19.0,13.0,0,0;                              1257P    629
110,24.5,19.0,13.0,24.5,19.0,18.0,0,0;                              1259P    630
102,4,1253,1255,1257,1259,0,0;                                      1261P    631
142,0,305,0,1261,2,0,0;                                             1263P    632
144,305,1,0,1263,0,1,1223;                                          1265P    633
110,19.5,19.0,18.0,19.5,14.0,18.0,0,0;                              1267P    634
110,19.5,14.0,18.0,19.5,14.0,13.0,0,0;                              1269P    635
110,19.5,14.0,13.0,19.5,19.0,13.0,0,0;                              1271P    636
110,19.5,19.0,13.0,19.5,19.0,18.0,0,0;                              1273P    637
102,4,1267,1269,1271,1273,0,0;                                      1275P    638
142,0,143,0,1275,2,0,0;                                             1277P    639
144,143,1,0,1277,0,1,1223;                                          1279P    640
110,19.5,14.0,13.0,24.5,14.0,13.0,0,0;                              1281P    641
110,24.5,14.0,13.0,24.5,19.0,13.0,0,0;                              1283P    642
110,24.5,19.0,13.0,19.5,19.0,13.0,0,0;                              1285P    643
110,19.5,19.0,13.0,19.5,14.0,13.0,0,0;                              1287P    644
102,4,1281,1283,1285,1287,0,0;                                      1289P    645
142,0,81,0,1289,2,0,0;                                              1291P    646
144,81,1,0,1291,0,1,1223;                                           1293P    647
110,19.5,14.0,18.0,19.5,19.0,18.0,0,0;                              1295P    648
110,19.5,19.0,18.0,24.5,19.0,18.0,0,0;                              1297P    649
110,24.5,19.0,18.0,24.5,14.0,18.0,0,0;                              1299P    650
110,24.5,14.0,18.0,19.5,14.0,18.0,0,0;                              1301P    651
102,4,1295,1297,1299,1301,0,0;                                      1303P    652
142,0,863,0,1303,2,0,0;                                             1305P    653
144,863,1,0,1305,0,1,1223;                                          1307P    654
406,1,9HKorper.16,0,0;                                              1309P    655
110,24.5,19.0,18.0,24.5,14.0,18.0,0,0;                              1311P    656
110,24.5,14.0,18.0,24.5,14.0,13.0,0,0;                              1313P    657
110,24.5,14.0,13.0,24.5,19.0,13.0,0,0;                              1315P    658
110,24.5,19.0,13.0,24.5,19.0,18.0,0,0;                              1317P    659
102,4,1311,1313,1315,1317,0,0;                                      1319P    660
142,0,231,0,1319,2,0,0;                                             1321P    661
144,231,1,0,1321,0,1,1309;                                          1323P    662
110,24.5,14.0,18.0,327.0,14.0,18.0,0,0;                             1325P    663
110,327.0,14.0,18.0,327.0,14.0,13.0,0,0;                            1327P    664
110,327.0,14.0,13.0,24.5,14.0,13.0,0,0;                             1329P    665
110,24.5,14.0,13.0,24.5,14.0,18.0,0,0;                              1331P    666
102,4,1325,1327,1329,1331,0,0;                                      1333P    667
142,0,33,0,1333,2,0,0;                                              1335P    668
144,33,1,0,1335,0,1,1309;                                           1337P    669
110,327.0,14.0,18.0,327.0,19.0,18.0,0,0;                            1339P    670
110,327.0,19.0,18.0,327.0,19.0,13.0,0,0;                            1341P    671
110,327.0,19.0,13.0,327.0,14.0,13.0,0,0;                            1343P    672
110,327.0,14.0,13.0,327.0,14.0,18.0,0,0;                            1345P    673
102,4,1339,1341,1343,1345,0,0;                                      1347P    674
142,0,201,0,1347,2,0,0;                                             1349P    675
144,201,1,0,1349,0,1,1309;                                          1351P    676
110,327.0,19.0,18.0,24.5,19.0,18.0,0,0;                             1353P    677
110,24.5,19.0,18.0,24.5,19.0,13.0,0,0;                              1355P    678
110,24.5,19.0,13.0,327.0,19.0,13.0,0,0;                             1357P    679
110,327.0,19.0,13.0,327.0,19.0,18.0,0,0;                            1359P    680
102,4,1353,1355,1357,1359,0,0;                                      1361P    681
142,0,363,0,1361,2,0,0;                                             1363P    682
144,363,1,0,1363,0,1,1309;                                          1365P    683
110,24.5,19.0,13.0,24.5,14.0,13.0,0,0;                              1367P    684
110,24.5,14.0,13.0,327.0,14.0,13.0,0,0;                             1369P    685
110,327.0,14.0,13.0,327.0,19.0,13.0,0,0;                            1371P    686
110,327.0,19.0,13.0,24.5,19.0,13.0,0,0;                             1373P    687
102,4,1367,1369,1371,1373,0,0;                                      1375P    688
142,0,81,0,1375,2,0,0;                                              1377P    689
144,81,1,0,1377,0,1,1309;                                           1379P    690
110,24.5,19.0,18.0,327.0,19.0,18.0,0,0;                             1381P    691
110,327.0,19.0,18.0,327.0,14.0,18.0,0,0;                            1383P    692
110,327.0,14.0,18.0,24.5,14.0,18.0,0,0;                             1385P    693
110,24.5,14.0,18.0,24.5,19.0,18.0,0,0;                              1387P    694
102,4,1381,1383,1385,1387,0,0;                                      1389P    695
142,0,863,0,1389,2,0,0;                                             1391P    696
144,863,1,0,1391,0,1,1309;                                          1393P    697
406,1,9HKorper.17,0,0;                                              1395P    698
110,19.5,19.0,18.0,24.5,19.0,18.0,0,0;                              1397P    699
110,24.5,19.0,18.0,24.5,19.0,13.0,0,0;                              1399P    700
110,24.5,19.0,13.0,19.5,19.0,13.0,0,0;                              1401P    701
110,19.5,19.0,13.0,19.5,19.0,18.0,0,0;                              1403P    702
102,4,1397,1399,1401,1403,0,0;                                      1405P    703
142,0,363,0,1405,2,0,0;                                             1407P    704
144,363,1,0,1407,0,1,1395;                                          1409P    705
110,24.5,19.0,18.0,24.5,221.5,18.0,0,0;                             1411P    706
110,24.5,221.5,18.0,24.5,221.5,13.0,0,0;                            1413P    707
110,24.5,221.5,13.0,24.5,19.0,13.0,0,0;                             1415P    708
110,24.5,19.0,13.0,24.5,19.0,18.0,0,0;                              1417P    709
102,4,1411,1413,1415,1417,0,0;                                      1419P    710
142,0,113,0,1419,2,0,0;                                             1421P    711
144,113,1,0,1421,0,1,1395;                                          1423P    712
110,24.5,221.5,18.0,19.5,221.5,18.0,0,0;                            1425P    713
110,19.5,221.5,18.0,19.5,221.5,13.0,0,0;                            1427P    714
110,19.5,221.5,13.0,24.5,221.5,13.0,0,0;                            1429P    715
110,24.5,221.5,13.0,24.5,221.5,18.0,0,0;                            1431P    716
102,4,1425,1427,1429,1431,0,0;                                      1433P    717
142,0,393,0,1433,2,0,0;                                             1435P    718
144,393,1,0,1435,0,1,1395;                                          1437P    719
110,19.5,221.5,18.0,19.5,19.0,18.0,0,0;                             1439P    720
110,19.5,19.0,18.0,19.5,19.0,13.0,0,0;                              1441P    721
110,19.5,19.0,13.0,19.5,221.5,13.0,0,0;                             1443P    722
110,19.5,221.5,13.0,19.5,221.5,18.0,0,0;                            1445P    723
102,4,1439,1441,1443,1445,0,0;                                      1447P    724
142,0,143,0,1447,2,0,0;                                             1449P    725
144,143,1,0,1449,0,1,1395;                                          1451P    726
110,19.5,19.0,13.0,24.5,19.0,13.0,0,0;                              1453P    727
110,24.5,19.0,13.0,24.5,221.5,13.0,0,0;                             1455P    728
110,24.5,221.5,13.0,19.5,221.5,13.0,0,0;                            1457P    729
110,19.5,221.5,13.0,19.5,19.0,13.0,0,0;                             1459P    730
102,4,1453,1455,1457,1459,0,0;                                      1461P    731
142,0,81,0,1461,2,0,0;                                              1463P    732
144,81,1,0,1463,0,1,1395;                                           1465P    733
110,19.5,19.0,18.0,19.5,221.5,18.0,0,0;                             1467P    734
110,19.5,221.5,18.0,24.5,221.5,18.0,0,0;                            1469P    735
110,24.5,221.5,18.0,24.5,19.0,18.0,0,0;                             1471P    736
110,24.5,19.0,18.0,19.5,19.0,18.0,0,0;                              1473P    737
102,4,1467,1469,1471,1473,0,0;                                      1475P    738
142,0,863,0,1475,2,0,0;                                             1477P    739
144,863,1,0,1477,0,1,1395;                                          1479P    740
406,1,9HKorper.18,0,0;                                              1481P    741
110,24.5,19.0,18.0,327.0,19.0,18.0,0,0;                             1483P    742
110,327.0,19.0,18.0,327.0,19.0,13.0,0,0;                            1485P    743
110,327.0,19.0,13.0,24.5,19.0,13.0,0,0;                             1487P    744
110,24.5,19.0,13.0,24.5,19.0,18.0,0,0;                              1489P    745
102,4,1483,1485,1487,1489,0,0;                                      1491P    746
142,0,363,0,1491,2,0,0;                                             1493P    747
144,363,1,0,1493,0,1,1481;                                          1495P    748
110,327.0,19.0,18.0,327.0,221.5,18.0,0,0;                           1497P    749
110,327.0,221.5,18.0,327.0,221.5,13.0,0,0;                          1499P    750
110,327.0,221.5,13.0,327.0,19.0,13.0,0,0;                           1501P    751
110,327.0,19.0,13.0,327.0,19.0,18.0,0,0;                            1503P    752
102,4,1497,1499,1501,1503,0,0;                                      1505P    753
142,0,201,0,1505,2,0,0;                                             1507P    754
144,201,1,0,1507,0,1,1481;                                          1509P    755
110,327.0,221.5,18.0,24.5,221.5,18.0,0,0;                           1511P    756
110,24.5,221.5,18.0,24.5,221.5,13.0,0,0;                            1513P    757
110,24.5,221.5,13.0,327.0,221.5,13.0,0,0;                           1515P    758
110,327.0,221.5,13.0,327.0,221.5,18.0,0,0;                          1517P    759
102,4,1511,1513,1515,1517,0,0;                                      1519P    760
142,0,393,0,1519,2,0,0;                                             1521P    761
144,393,1,0,1521,0,1,1481;                                          1523P    762
110,24.5,221.5,18.0,24.5,19.0,18.0,0,0;                             1525P    763
110,24.5,19.0,18.0,24.5,19.0,13.0,0,0;                              1527P    764
110,24.5,19.0,13.0,24.5,221.5,13.0,0,0;                             1529P    765
110,24.5,221.5,13.0,24.5,221.5,18.0,0,0;                            1531P    766
102,4,1525,1527,1529,1531,0,0;                                      1533P    767
142,0,231,0,1533,2,0,0;                                             1535P    768
144,231,1,0,1535,0,1,1481;                                          1537P    769
110,24.5,19.0,13.0,327.0,19.0,13.0,0,0;                             1539P    770
110,327.0,19.0,13.0,327.0,221.5,13.0,0,0;                           1541P    771
110,327.0,221.5,13.0,24.5,221.5,13.0,0,0;                           1543P    772
110,24.5,221.5,13.0,24.5,19.0,13.0,0,0;                             1545P    773
102,4,1539,1541,1543,1545,0,0;                                      1547P    774
142,0,81,0,1547,2,0,0;                                              1549P    775
144,81,1,0,1549,0,1,1481;                                           1551P    776
110,24.5,19.0,18.0,24.5,221.5,18.0,0,0;                             1553P    777
110,24.5,221.5,18.0,327.0,221.5,18.0,0,0;                           1555P    778
110,327.0,221.5,18.0,327.0,19.0,18.0,0,0;                           1557P    779
110,327.0,19.0,18.0,24.5,19.0,18.0,0,0;                             1559P    780
102,4,1553,1555,1557,1559,0,0;                                      1561P    781
142,0,863,0,1561,2,0,0;                                             1563P    782
144,863,1,0,1563,0,1,1481;                                          1565P    783
406,1,9HKorper.19,0,0;                                              1567P    784
110,0.0,0.0,343.0,19.5,0.0,343.0,0,0;                               1569P    785
110,19.5,0.0,343.0,19.5,0.0,18.0,0,0;                               1571P    786
110,19.5,0.0,18.0,0.0,0.0,18.0,0,0;                                 1573P    787
110,0.0,0.0,18.0,0.0,0.0,343.0,0,0;                                 1575P    788
102,4,1569,1571,1573,1575,0,0;                                      1577P    789
142,0,1,0,1577,2,0,0;                                               1579P    790
144,1,1,0,1579,0,1,1567;                                            1581P    791
110,19.5,0.0,343.0,19.5,14.0,343.0,0,0;                             1583P    792
110,19.5,14.0,343.0,19.5,14.0,18.0,0,0;                             1585P    793
110,19.5,14.0,18.0,19.5,0.0,18.0,0,0;                               1587P    794
110,19.5,0.0,18.0,19.5,0.0,343.0,0,0;                               1589P    795
102,4,1583,1585,1587,1589,0,0;                                      1591P    796
142,0,17,0,1591,2,0,0;                                              1593P    797
144,17,1,0,1593,0,1,1567;                                           1595P    798
110,19.5,14.0,343.0,0.0,14.0,343.0,0,0;                             1597P    799
110,0.0,14.0,343.0,0.0,14.0,18.0,0,0;                               1599P    800
110,0.0,14.0,18.0,19.5,14.0,18.0,0,0;                               1601P    801
110,19.5,14.0,18.0,19.5,14.0,343.0,0,0;                             1603P    802
102,4,1597,1599,1601,1603,0,0;                                      1605P    803
142,0,33,0,1605,2,0,0;                                              1607P    804
144,33,1,0,1607,0,1,1567;                                           1609P    805
110,0.0,14.0,343.0,0.0,0.0,343.0,0,0;                               1611P    806
110,0.0,0.0,343.0,0.0,0.0,18.0,0,0;                                 1613P    807
110,0.0,0.0,18.0,0.0,14.0,18.0,0,0;                                 1615P    808
110,0.0,14.0,18.0,0.0,14.0,343.0,0,0;                               1617P    809
102,4,1611,1613,1615,1617,0,0;                                      1619P    810
142,0,49,0,1619,2,0,0;                                              1621P    811
144,49,1,0,1621,0,1,1567;                                           1623P    812
110,0.0,0.0,18.0,19.5,0.0,18.0,0,0;                                 1625P    813
110,19.5,0.0,18.0,19.5,14.0,18.0,0,0;                               1627P    814
110,19.5,14.0,18.0,0.0,14.0,18.0,0,0;                               1629P    815
110,0.0,14.0,18.0,0.0,0.0,18.0,0,0;                                 1631P    816
102,4,1625,1627,1629,1631,0,0;                                      1633P    817
142,0,863,0,1633,2,0,0;                                             1635P    818
144,863,1,0,1635,0,1,1567;                                          1637P    819
108,0.0,0.0,1.0,343.0,0,0.0,0.0,343.0,1.0,0,0;                      1639P    820
110,0.0,0.0,343.0,0.0,14.0,343.0,0,0;                               1641P    821
110,0.0,14.0,343.0,19.5,14.0,343.0,0,0;                             1643P    822
110,19.5,14.0,343.0,19.5,0.0,343.0,0,0;                             1645P    823
110,19.5,0.0,343.0,0.0,0.0,343.0,0,0;                               1647P    824
102,4,1641,1643,1645,1647,0,0;                                      1649P    825
142,0,1639,0,1649,2,0,0;                                            1651P    826
144,1639,1,0,1651,0,1,1567;                                         1653P    827
406,1,9HKorper.20,0,0;                                              1655P    828
110,19.5,0.0,343.0,24.5,0.0,343.0,0,0;                              1657P    829
110,24.5,0.0,343.0,24.5,0.0,18.0,0,0;                               1659P    830
110,24.5,0.0,18.0,19.5,0.0,18.0,0,0;                                1661P    831
110,19.5,0.0,18.0,19.5,0.0,343.0,0,0;                               1663P    832
102,4,1657,1659,1661,1663,0,0;                                      1665P    833
142,0,1,0,1665,2,0,0;                                               1667P    834
144,1,1,0,1667,0,1,1655;                                            1669P    835
110,24.5,0.0,343.0,24.5,14.0,343.0,0,0;                             1671P    836
110,24.5,14.0,343.0,24.5,14.0,18.0,0,0;                             1673P    837
110,24.5,14.0,18.0,24.5,0.0,18.0,0,0;                               1675P    838
110,24.5,0.0,18.0,24.5,0.0,343.0,0,0;                               1677P    839
102,4,1671,1673,1675,1677,0,0;                                      1679P    840
142,0,113,0,1679,2,0,0;                                             1681P    841
144,113,1,0,1681,0,1,1655;                                          1683P    842
110,24.5,14.0,343.0,19.5,14.0,343.0,0,0;                            1685P    843
110,19.5,14.0,343.0,19.5,14.0,18.0,0,0;                             1687P    844
110,19.5,14.0,18.0,24.5,14.0,18.0,0,0;                              1689P    845
110,24.5,14.0,18.0,24.5,14.0,343.0,0,0;                             1691P    846
102,4,1685,1687,1689,1691,0,0;                                      1693P    847
142,0,33,0,1693,2,0,0;                                              1695P    848
144,33,1,0,1695,0,1,1655;                                           1697P    849
110,19.5,14.0,343.0,19.5,0.0,343.0,0,0;                             1699P    850
110,19.5,0.0,343.0,19.5,0.0,18.0,0,0;                               1701P    851
110,19.5,0.0,18.0,19.5,14.0,18.0,0,0;                               1703P    852
110,19.5,14.0,18.0,19.5,14.0,343.0,0,0;                             1705P    853
102,4,1699,1701,1703,1705,0,0;                                      1707P    854
142,0,143,0,1707,2,0,0;                                             1709P    855
144,143,1,0,1709,0,1,1655;                                          1711P    856
110,19.5,0.0,18.0,24.5,0.0,18.0,0,0;                                1713P    857
110,24.5,0.0,18.0,24.5,14.0,18.0,0,0;                               1715P    858
110,24.5,14.0,18.0,19.5,14.0,18.0,0,0;                              1717P    859
110,19.5,14.0,18.0,19.5,0.0,18.0,0,0;                               1719P    860
102,4,1713,1715,1717,1719,0,0;                                      1721P    861
142,0,863,0,1721,2,0,0;                                             1723P    862
144,863,1,0,1723,0,1,1655;                                          1725P    863
110,19.5,0.0,343.0,19.5,14.0,343.0,0,0;                             1727P    864
110,19.5,14.0,343.0,24.5,14.0,343.0,0,0;                            1729P    865
110,24.5,14.0,343.0,24.5,0.0,343.0,0,0;                             1731P    866
110,24.5,0.0,343.0,19.5,0.0,343.0,0,0;                              1733P    867
102,4,1727,1729,1731,1733,0,0;                                      1735P    868
142,0,1639,0,1735,2,0,0;                                            1737P    869
144,1639,1,0,1737,0,1,1655;                                         1739P    870
406,1,9HKorper.21,0,0;                                              1741P    871
110,24.5,0.0,343.0,327.0,0.0,343.0,0,0;                             1743P    872
110,327.0,0.0,343.0,327.0,0.0,18.0,0,0;                             1745P    873
110,327.0,0.0,18.0,24.5,0.0,18.0,0,0;                               1747P    874
110,24.5,0.0,18.0,24.5,0.0,343.0,0,0;                               1749P    875
102,4,1743,1745,1747,1749,0,0;                                      1751P    876
142,0,1,0,1751,2,0,0;                                               1753P    877
144,1,1,0,1753,0,1,1741;                                            1755P    878
110,327.0,0.0,343.0,327.0,14.0,343.0,0,0;                           1757P    879
110,327.0,14.0,343.0,327.0,14.0,18.0,0,0;                           1759P    880
110,327.0,14.0,18.0,327.0,0.0,18.0,0,0;                             1761P    881
110,327.0,0.0,18.0,327.0,0.0,343.0,0,0;                             1763P    882
102,4,1757,1759,1761,1763,0,0;                                      1765P    883
142,0,201,0,1765,2,0,0;                                             1767P    884
144,201,1,0,1767,0,1,1741;                                          1769P    885
110,327.0,14.0,343.0,24.5,14.0,343.0,0,0;                           1771P    886
110,24.5,14.0,343.0,24.5,14.0,18.0,0,0;                             1773P    887
110,24.5,14.0,18.0,327.0,14.0,18.0,0,0;                             1775P    888
110,327.0,14.0,18.0,327.0,14.0,343.0,0,0;                           1777P    889
102,4,1771,1773,1775,1777,0,0;                                      1779P    890
142,0,33,0,1779,2,0,0;                                              1781P    891
144,33,1,0,1781,0,1,1741;                                           1783P    892
110,24.5,14.0,343.0,24.5,0.0,343.0,0,0;                             1785P    893
110,24.5,0.0,343.0,24.5,0.0,18.0,0,0;                               1787P    894
110,24.5,0.0,18.0,24.5,14.0,18.0,0,0;                               1789P    895
110,24.5,14.0,18.0,24.5,14.0,343.0,0,0;                             1791P    896
102,4,1785,1787,1789,1791,0,0;                                      1793P    897
142,0,231,0,1793,2,0,0;                                             1795P    898
144,231,1,0,1795,0,1,1741;                                          1797P    899
110,24.5,0.0,18.0,327.0,0.0,18.0,0,0;                               1799P    900
110,327.0,0.0,18.0,327.0,14.0,18.0,0,0;                             1801P    901
110,327.0,14.0,18.0,24.5,14.0,18.0,0,0;                             1803P    902
110,24.5,14.0,18.0,24.5,0.0,18.0,0,0;                               1805P    903
102,4,1799,1801,1803,1805,0,0;                                      1807P    904
142,0,863,0,1807,2,0,0;                                             1809P    905
144,863,1,0,1809,0,1,1741;                                          1811P    906
110,24.5,0.0,343.0,24.5,14.0,343.0,0,0;                             1813P    907
110,24.5,14.0,343.0,327.0,14.0,343.0,0,0;                           1815P    908
110,327.0,14.0,343.0,327.0,0.0,343.0,0,0;                           1817P    909
110,327.0,0.0,343.0,24.5,0.0,343.0,0,0;                             1819P    910
102,4,1813,1815,1817,1819,0,0;                                      1821P    911
142,0,1639,0,1821,2,0,0;                                            1823P    912
144,1639,1,0,1823,0,1,1741;                                         1825P    913
406,1,9HKorper.22,0,0;                                              1827P    914
110,0.0,14.0,343.0,19.5,14.0,343.0,0,0;                             1829P    915
110,19.5,14.0,343.0,19.5,14.0,18.0,0,0;                             1831P    916
110,19.5,14.0,18.0,0.0,14.0,18.0,0,0;                               1833P    917
110,0.0,14.0,18.0,0.0,14.0,343.0,0,0;                               1835P    918
102,4,1829,1831,1833,1835,0,0;                                      1837P    919
142,0,275,0,1837,2,0,0;                                             1839P    920
144,275,1,0,1839,0,1,1827;                                          1841P    921
110,19.5,14.0,343.0,19.5,19.0,343.0,0,0;                            1843P    922
110,19.5,19.0,343.0,19.5,19.0,18.0,0,0;                             1845P    923
110,19.5,19.0,18.0,19.5,14.0,18.0,0,0;                              1847P    924
110,19.5,14.0,18.0,19.5,14.0,343.0,0,0;                             1849P    925
102,4,1843,1845,1847,1849,0,0;                                      1851P    926
142,0,17,0,1851,2,0,0;                                              1853P    927
144,17,1,0,1853,0,1,1827;                                           1855P    928
110,19.5,19.0,343.0,0.0,19.0,343.0,0,0;                             1857P    929
110,0.0,19.0,343.0,0.0,19.0,18.0,0,0;                               1859P    930
110,0.0,19.0,18.0,19.5,19.0,18.0,0,0;                               1861P    931
110,19.5,19.0,18.0,19.5,19.0,343.0,0,0;                             1863P    932
102,4,1857,1859,1861,1863,0,0;                                      1865P    933
142,0,305,0,1865,2,0,0;                                             1867P    934
144,305,1,0,1867,0,1,1827;                                          1869P    935
110,0.0,19.0,343.0,0.0,14.0,343.0,0,0;                              1871P    936
110,0.0,14.0,343.0,0.0,14.0,18.0,0,0;                               1873P    937
110,0.0,14.0,18.0,0.0,19.0,18.0,0,0;                                1875P    938
110,0.0,19.0,18.0,0.0,19.0,343.0,0,0;                               1877P    939
102,4,1871,1873,1875,1877,0,0;                                      1879P    940
142,0,49,0,1879,2,0,0;                                              1881P    941
144,49,1,0,1881,0,1,1827;                                           1883P    942
110,0.0,14.0,18.0,19.5,14.0,18.0,0,0;                               1885P    943
110,19.5,14.0,18.0,19.5,19.0,18.0,0,0;                              1887P    944
110,19.5,19.0,18.0,0.0,19.0,18.0,0,0;                               1889P    945
110,0.0,19.0,18.0,0.0,14.0,18.0,0,0;                                1891P    946
102,4,1885,1887,1889,1891,0,0;                                      1893P    947
142,0,863,0,1893,2,0,0;                                             1895P    948
144,863,1,0,1895,0,1,1827;                                          1897P    949
110,0.0,14.0,343.0,0.0,19.0,343.0,0,0;                              1899P    950
110,0.0,19.0,343.0,19.5,19.0,343.0,0,0;                             1901P    951
110,19.5,19.0,343.0,19.5,14.0,343.0,0,0;                            1903P    952
110,19.5,14.0,343.0,0.0,14.0,343.0,0,0;                             1905P    953
102,4,1899,1901,1903,1905,0,0;                                      1907P    954
142,0,1639,0,1907,2,0,0;                                            1909P    955
144,1639,1,0,1909,0,1,1827;                                         1911P    956
406,1,9HKorper.23,0,0;                                              1913P    957
110,0.0,19.0,343.0,19.5,19.0,343.0,0,0;                             1915P    958
110,19.5,19.0,343.0,19.5,19.0,18.0,0,0;                             1917P    959
110,19.5,19.0,18.0,0.0,19.0,18.0,0,0;                               1919P    960
110,0.0,19.0,18.0,0.0,19.0,343.0,0,0;                               1921P    961
102,4,1915,1917,1919,1921,0,0;                                      1923P    962
142,0,363,0,1923,2,0,0;                                             1925P    963
144,363,1,0,1925,0,1,1913;                                          1927P    964
110,19.5,19.0,343.0,19.5,221.5,343.0,0,0;                           1929P    965
110,19.5,221.5,343.0,19.5,221.5,18.0,0,0;                           1931P    966
110,19.5,221.5,18.0,19.5,19.0,18.0,0,0;                             1933P    967
110,19.5,19.0,18.0,19.5,19.0,343.0,0,0;                             1935P    968
102,4,1929,1931,1933,1935,0,0;                                      1937P    969
142,0,17,0,1937,2,0,0;                                              1939P    970
144,17,1,0,1939,0,1,1913;                                           1941P    971
110,19.5,221.5,343.0,0.0,221.5,343.0,0,0;                           1943P    972
110,0.0,221.5,343.0,0.0,221.5,18.0,0,0;                             1945P    973
110,0.0,221.5,18.0,19.5,221.5,18.0,0,0;                             1947P    974
110,19.5,221.5,18.0,19.5,221.5,343.0,0,0;                           1949P    975
102,4,1943,1945,1947,1949,0,0;                                      1951P    976
142,0,393,0,1951,2,0,0;                                             1953P    977
144,393,1,0,1953,0,1,1913;                                          1955P    978
110,0.0,221.5,343.0,0.0,19.0,343.0,0,0;                             1957P    979
110,0.0,19.0,343.0,0.0,19.0,18.0,0,0;                               1959P    980
110,0.0,19.0,18.0,0.0,221.5,18.0,0,0;                               1961P    981
110,0.0,221.5,18.0,0.0,221.5,343.0,0,0;                             1963P    982
102,4,1957,1959,1961,1963,0,0;                                      1965P    983
142,0,49,0,1965,2,0,0;                                              1967P    984
144,49,1,0,1967,0,1,1913;                                           1969P    985
110,0.0,19.0,18.0,19.5,19.0,18.0,0,0;                               1971P    986
110,19.5,19.0,18.0,19.5,221.5,18.0,0,0;                             1973P    987
110,19.5,221.5,18.0,0.0,221.5,18.0,0,0;                             1975P    988
110,0.0,221.5,18.0,0.0,19.0,18.0,0,0;                               1977P    989
102,4,1971,1973,1975,1977,0,0;                                      1979P    990
142,0,863,0,1979,2,0,0;                                             1981P    991
144,863,1,0,1981,0,1,1913;                                          1983P    992
110,0.0,19.0,343.0,0.0,221.5,343.0,0,0;                             1985P    993
110,0.0,221.5,343.0,19.5,221.5,343.0,0,0;                           1987P    994
110,19.5,221.5,343.0,19.5,19.0,343.0,0,0;                           1989P    995
110,19.5,19.0,343.0,0.0,19.0,343.0,0,0;                             1991P    996
102,4,1985,1987,1989,1991,0,0;                                      1993P    997
142,0,1639,0,1993,2,0,0;                                            1995P    998
144,1639,1,0,1995,0,1,1913;                                         1997P    999
406,1,9HKorper.24,0,0;                                              1999P   1000
110,19.5,14.0,338.0,24.5,14.0,338.0,0,0;                            2001P   1001
110,24.5,14.0,338.0,24.5,14.0,13.0,0,0;                             2003P   1002
110,24.5,14.0,13.0,19.5,14.0,13.0,0,0;                              2005P   1003
110,19.5,14.0,13.0,19.5,14.0,338.0,0,0;                             2007P   1004
102,4,2001,2003,2005,2007,0,0;                                      2009P   1005
142,0,275,0,2009,2,0,0;                                             2011P   1006
144,275,1,0,2011,0,1,1999;                                          2013P   1007
110,24.5,14.0,338.0,24.5,19.0,338.0,0,0;                            2015P   1008
110,24.5,19.0,338.0,24.5,19.0,13.0,0,0;                             2017P   1009
110,24.5,19.0,13.0,24.5,14.0,13.0,0,0;                              2019P   1010
110,24.5,14.0,13.0,24.5,14.0,338.0,0,0;                             2021P   1011
102,4,2015,2017,2019,2021,0,0;                                      2023P   1012
142,0,113,0,2023,2,0,0;                                             2025P   1013
144,113,1,0,2025,0,1,1999;                                          2027P   1014
110,24.5,19.0,338.0,19.5,19.0,338.0,0,0;                            2029P   1015
110,19.5,19.0,338.0,19.5,19.0,13.0,0,0;                             2031P   1016
110,19.5,19.0,13.0,24.5,19.0,13.0,0,0;                              2033P   1017
110,24.5,19.0,13.0,24.5,19.0,338.0,0,0;                             2035P   1018
102,4,2029,2031,2033,2035,0,0;                                      2037P   1019
142,0,305,0,2037,2,0,0;                                             2039P   1020
144,305,1,0,2039,0,1,1999;                                          2041P   1021
110,19.5,19.0,338.0,19.5,14.0,338.0,0,0;                            2043P   1022
110,19.5,14.0,338.0,19.5,14.0,13.0,0,0;                             2045P   1023
110,19.5,14.0,13.0,19.5,19.0,13.0,0,0;                              2047P   1024
110,19.5,19.0,13.0,19.5,19.0,338.0,0,0;                             2049P   1025
102,4,2043,2045,2047,2049,0,0;                                      2051P   1026
142,0,143,0,2051,2,0,0;                                             2053P   1027
144,143,1,0,2053,0,1,1999;                                          2055P   1028
110,19.5,14.0,13.0,24.5,14.0,13.0,0,0;                              2057P   1029
110,24.5,14.0,13.0,24.5,19.0,13.0,0,0;                              2059P   1030
110,24.5,19.0,13.0,19.5,19.0,13.0,0,0;                              2061P   1031
110,19.5,19.0,13.0,19.5,14.0,13.0,0,0;                              2063P   1032
102,4,2057,2059,2061,2063,0,0;                                      2065P   1033
142,0,81,0,2065,2,0,0;                                              2067P   1034
144,81,1,0,2067,0,1,1999;                                           2069P   1035
108,0.0,0.0,1.0,338.0,0,0.0,0.0,338.0,1.0,0,0;                      2071P   1036
110,19.5,14.0,338.0,19.5,19.0,338.0,0,0;                            2073P   1037
110,19.5,19.0,338.0,24.5,19.0,338.0,0,0;                            2075P   1038
110,24.5,19.0,338.0,24.5,14.0,338.0,0,0;                            2077P   1039
110,24.5,14.0,338.0,19.5,14.0,338.0,0,0;                            2079P   1040
102,4,2073,2075,2077,2079,0,0;                                      2081P   1041
142,0,2071,0,2081,2,0,0;                                            2083P   1042
144,2071,1,0,2083,0,1,1999;                                         2085P   1043
406,1,9HKorper.25,0,0;                                              2087P   1044
110,24.5,19.0,343.0,24.5,14.0,343.0,0,0;                            2089P   1045
110,24.5,14.0,343.0,24.5,14.0,18.0,0,0;                             2091P   1046
110,24.5,14.0,18.0,24.5,19.0,18.0,0,0;                              2093P   1047
110,24.5,19.0,18.0,24.5,19.0,343.0,0,0;                             2095P   1048
102,4,2089,2091,2093,2095,0,0;                                      2097P   1049
142,0,231,0,2097,2,0,0;                                             2099P   1050
144,231,1,0,2099,0,1,2087;                                          2101P   1051
110,24.5,14.0,343.0,327.0,14.0,343.0,0,0;                           2103P   1052
110,327.0,14.0,343.0,327.0,14.0,18.0,0,0;                           2105P   1053
110,327.0,14.0,18.0,24.5,14.0,18.0,0,0;                             2107P   1054
110,24.5,14.0,18.0,24.5,14.0,343.0,0,0;                             2109P   1055
102,4,2103,2105,2107,2109,0,0;                                      2111P   1056
142,0,33,0,2111,2,0,0;                                              2113P   1057
144,33,1,0,2113,0,1,2087;                                           2115P   1058
110,327.0,14.0,343.0,327.0,19.0,343.0,0,0;                          2117P   1059
110,327.0,19.0,343.0,327.0,19.0,18.0,0,0;                           2119P   1060
110,327.0,19.0,18.0,327.0,14.0,18.0,0,0;                            2121P   1061
110,327.0,14.0,18.0,327.0,14.0,343.0,0,0;                           2123P   1062
102,4,2117,2119,2121,2123,0,0;                                      2125P   1063
142,0,201,0,2125,2,0,0;                                             2127P   1064
144,201,1,0,2127,0,1,2087;                                          2129P   1065
110,327.0,19.0,343.0,24.5,19.0,343.0,0,0;                           2131P   1066
110,24.5,19.0,343.0,24.5,19.0,18.0,0,0;                             2133P   1067
110,24.5,19.0,18.0,327.0,19.0,18.0,0,0;                             2135P   1068
110,327.0,19.0,18.0,327.0,19.0,343.0,0,0;                           2137P   1069
102,4,2131,2133,2135,2137,0,0;                                      2139P   1070
142,0,363,0,2139,2,0,0;                                             2141P   1071
144,363,1,0,2141,0,1,2087;                                          2143P   1072
110,24.5,19.0,18.0,24.5,14.0,18.0,0,0;                              2145P   1073
110,24.5,14.0,18.0,327.0,14.0,18.0,0,0;                             2147P   1074
110,327.0,14.0,18.0,327.0,19.0,18.0,0,0;                            2149P   1075
110,327.0,19.0,18.0,24.5,19.0,18.0,0,0;                             2151P   1076
102,4,2145,2147,2149,2151,0,0;                                      2153P   1077
142,0,863,0,2153,2,0,0;                                             2155P   1078
144,863,1,0,2155,0,1,2087;                                          2157P   1079
110,24.5,19.0,343.0,327.0,19.0,343.0,0,0;                           2159P   1080
110,327.0,19.0,343.0,327.0,14.0,343.0,0,0;                          2161P   1081
110,327.0,14.0,343.0,24.5,14.0,343.0,0,0;                           2163P   1082
110,24.5,14.0,343.0,24.5,19.0,343.0,0,0;                            2165P   1083
102,4,2159,2161,2163,2165,0,0;                                      2167P   1084
142,0,1639,0,2167,2,0,0;                                            2169P   1085
144,1639,1,0,2169,0,1,2087;                                         2171P   1086
406,1,9HKorper.26,0,0;                                              2173P   1087
110,19.5,19.0,343.0,24.5,19.0,343.0,0,0;                            2175P   1088
110,24.5,19.0,343.0,24.5,19.0,18.0,0,0;                             2177P   1089
110,24.5,19.0,18.0,19.5,19.0,18.0,0,0;                              2179P   1090
110,19.5,19.0,18.0,19.5,19.0,343.0,0,0;                             2181P   1091
102,4,2175,2177,2179,2181,0,0;                                      2183P   1092
142,0,363,0,2183,2,0,0;                                             2185P   1093
144,363,1,0,2185,0,1,2173;                                          2187P   1094
110,24.5,19.0,343.0,24.5,221.5,343.0,0,0;                           2189P   1095
110,24.5,221.5,343.0,24.5,221.5,18.0,0,0;                           2191P   1096
110,24.5,221.5,18.0,24.5,19.0,18.0,0,0;                             2193P   1097
110,24.5,19.0,18.0,24.5,19.0,343.0,0,0;                             2195P   1098
102,4,2189,2191,2193,2195,0,0;                                      2197P   1099
142,0,113,0,2197,2,0,0;                                             2199P   1100
144,113,1,0,2199,0,1,2173;                                          2201P   1101
110,24.5,221.5,343.0,19.5,221.5,343.0,0,0;                          2203P   1102
110,19.5,221.5,343.0,19.5,221.5,18.0,0,0;                           2205P   1103
110,19.5,221.5,18.0,24.5,221.5,18.0,0,0;                            2207P   1104
110,24.5,221.5,18.0,24.5,221.5,343.0,0,0;                           2209P   1105
102,4,2203,2205,2207,2209,0,0;                                      2211P   1106
142,0,393,0,2211,2,0,0;                                             2213P   1107
144,393,1,0,2213,0,1,2173;                                          2215P   1108
110,19.5,221.5,343.0,19.5,19.0,343.0,0,0;                           2217P   1109
110,19.5,19.0,343.0,19.5,19.0,18.0,0,0;                             2219P   1110
110,19.5,19.0,18.0,19.5,221.5,18.0,0,0;                             2221P   1111
110,19.5,221.5,18.0,19.5,221.5,343.0,0,0;                           2223P   1112
102,4,2217,2219,2221,2223,0,0;                                      2225P   1113
142,0,143,0,2225,2,0,0;                                             2227P   1114
144,143,1,0,2227,0,1,2173;                                          2229P   1115
110,19.5,19.0,18.0,24.5,19.0,18.0,0,0;                              2231P   1116
110,24.5,19.0,18.0,24.5,221.5,18.0,0,0;                             2233P   1117
110,24.5,221.5,18.0,19.5,221.5,18.0,0,0;                            2235P   1118
110,19.5,221.5,18.0,19.5,19.0,18.0,0,0;                             2237P   1119
102,4,2231,2233,2235,2237,0,0;                                      2239P   1120
142,0,863,0,2239,2,0,0;                                             2241P   1121
144,863,1,0,2241,0,1,2173;                                          2243P   1122
110,19.5,19.0,343.0,19.5,221.5,343.0,0,0;                           2245P   1123
110,19.5,221.5,343.0,24.5,221.5,343.0,0,0;                          2247P   1124
110,24.5,221.5,343.0,24.5,19.0,343.0,0,0;                           2249P   1125
110,24.5,19.0,343.0,19.5,19.0,343.0,0,0;                            2251P   1126
102,4,2245,2247,2249,2251,0,0;                                      2253P   1127
142,0,1639,0,2253,2,0,0;                                            2255P   1128
144,1639,1,0,2255,0,1,2173;                                         2257P   1129
406,1,9HKorper.27,0,0;                                              2259P   1130
110,0.0,0.0,362.0,19.5,0.0,362.0,0,0;                               2261P   1131
110,19.5,0.0,362.0,19.5,0.0,343.0,0,0;                              2263P   1132
110,19.5,0.0,343.0,0.0,0.0,343.0,0,0;                               2265P   1133
110,0.0,0.0,343.0,0.0,0.0,362.0,0,0;                                2267P   1134
102,4,2261,2263,2265,2267,0,0;                                      2269P   1135
142,0,1,0,2269,2,0,0;                                               2271P   1136
144,1,1,0,2271,0,1,2259;                                            2273P   1137
110,19.5,0.0,362.0,19.5,14.0,362.0,0,0;                             2275P   1138
110,19.5,14.0,362.0,19.5,14.0,343.0,0,0;                            2277P   1139
110,19.5,14.0,343.0,19.5,0.0,343.0,0,0;                             2279P   1140
110,19.5,0.0,343.0,19.5,0.0,362.0,0,0;                              2281P   1141
102,4,2275,2277,2279,2281,0,0;                                      2283P   1142
142,0,17,0,2283,2,0,0;                                              2285P   1143
144,17,1,0,2285,0,1,2259;                                           2287P   1144
110,19.5,14.0,362.0,0.0,14.0,362.0,0,0;                             2289P   1145
110,0.0,14.0,362.0,0.0,14.0,343.0,0,0;                              2291P   1146
110,0.0,14.0,343.0,19.5,14.0,343.0,0,0;                             2293P   1147
110,19.5,14.0,343.0,19.5,14.0,362.0,0,0;                            2295P   1148
102,4,2289,2291,2293,2295,0,0;                                      2297P   1149
142,0,33,0,2297,2,0,0;                                              2299P   1150
144,33,1,0,2299,0,1,2259;                                           2301P   1151
110,0.0,14.0,362.0,0.0,0.0,362.0,0,0;                               2303P   1152
110,0.0,0.0,362.0,0.0,0.0,343.0,0,0;                                2305P   1153
110,0.0,0.0,343.0,0.0,14.0,343.0,0,0;                               2307P   1154
110,0.0,14.0,343.0,0.0,14.0,362.0,0,0;                              2309P   1155
102,4,2303,2305,2307,2309,0,0;                                      2311P   1156
142,0,49,0,2311,2,0,0;                                              2313P   1157
144,49,1,0,2313,0,1,2259;                                           2315P   1158
110,0.0,0.0,343.0,19.5,0.0,343.0,0,0;                               2317P   1159
110,19.5,0.0,343.0,19.5,14.0,343.0,0,0;                             2319P   1160
110,19.5,14.0,343.0,0.0,14.0,343.0,0,0;                             2321P   1161
110,0.0,14.0,343.0,0.0,0.0,343.0,0,0;                               2323P   1162
102,4,2317,2319,2321,2323,0,0;                                      2325P   1163
142,0,1639,0,2325,2,0,0;                                            2327P   1164
144,1639,1,0,2327,0,1,2259;                                         2329P   1165
108,0.0,0.0,1.0,362.0,0,0.0,0.0,362.0,1.0,0,0;                      2331P   1166
110,0.0,0.0,362.0,0.0,14.0,362.0,0,0;                               2333P   1167
110,0.0,14.0,362.0,19.5,14.0,362.0,0,0;                             2335P   1168
110,19.5,14.0,362.0,19.5,0.0,362.0,0,0;                             2337P   1169
110,19.5,0.0,362.0,0.0,0.0,362.0,0,0;                               2339P   1170
102,4,2333,2335,2337,2339,0,0;                                      2341P   1171
142,0,2331,0,2341,2,0,0;                                            2343P   1172
144,2331,1,0,2343,0,1,2259;                                         2345P   1173
406,1,9HKorper.28,0,0;                                              2347P   1174
110,19.5,0.0,362.0,24.5,0.0,362.0,0,0;                              2349P   1175
110,24.5,0.0,362.0,24.5,0.0,343.0,0,0;                              2351P   1176
110,24.5,0.0,343.0,19.5,0.0,343.0,0,0;                              2353P   1177
110,19.5,0.0,343.0,19.5,0.0,362.0,0,0;                              2355P   1178
102,4,2349,2351,2353,2355,0,0;                                      2357P   1179
142,0,1,0,2357,2,0,0;                                               2359P   1180
144,1,1,0,2359,0,1,2347;                                            2361P   1181
110,24.5,0.0,362.0,24.5,14.0,362.0,0,0;                             2363P   1182
110,24.5,14.0,362.0,24.5,14.0,343.0,0,0;                            2365P   1183
110,24.5,14.0,343.0,24.5,0.0,343.0,0,0;                             2367P   1184
110,24.5,0.0,343.0,24.5,0.0,362.0,0,0;                              2369P   1185
102,4,2363,2365,2367,2369,0,0;                                      2371P   1186
142,0,113,0,2371,2,0,0;                                             2373P   1187
144,113,1,0,2373,0,1,2347;                                          2375P   1188
110,24.5,14.0,362.0,19.5,14.0,362.0,0,0;                            2377P   1189
110,19.5,14.0,362.0,19.5,14.0,343.0,0,0;                            2379P   1190
110,19.5,14.0,343.0,24.5,14.0,343.0,0,0;                            2381P   1191
110,24.5,14.0,343.0,24.5,14.0,362.0,0,0;                            2383P   1192
102,4,2377,2379,2381,2383,0,0;                                      2385P   1193
142,0,33,0,2385,2,0,0;                                              2387P   1194
144,33,1,0,2387,0,1,2347;                                           2389P   1195
110,19.5,14.0,362.0,19.5,0.0,362.0,0,0;                             2391P   1196
110,19.5,0.0,362.0,19.5,0.0,343.0,0,0;                              2393P   1197
110,19.5,0.0,343.0,19.5,14.0,343.0,0,0;                             2395P   1198
110,19.5,14.0,343.0,19.5,14.0,362.0,0,0;                            2397P   1199
102,4,2391,2393,2395,2397,0,0;                                      2399P   1200
142,0,143,0,2399,2,0,0;                                             2401P   1201
144,143,1,0,2401,0,1,2347;                                          2403P   1202
110,19.5,0.0,343.0,24.5,0.0,343.0,0,0;                              2405P   1203
110,24.5,0.0,343.0,24.5,14.0,343.0,0,0;                             2407P   1204
110,24.5,14.0,343.0,19.5,14.0,343.0,0,0;                            2409P   1205
110,19.5,14.0,343.0,19.5,0.0,343.0,0,0;                             2411P   1206
102,4,2405,2407,2409,2411,0,0;                                      2413P   1207
142,0,1639,0,2413,2,0,0;                                            2415P   1208
144,1639,1,0,2415,0,1,2347;                                         2417P   1209
110,19.5,0.0,362.0,19.5,14.0,362.0,0,0;                             2419P   1210
110,19.5,14.0,362.0,24.5,14.0,362.0,0,0;                            2421P   1211
110,24.5,14.0,362.0,24.5,0.0,362.0,0,0;                             2423P   1212
110,24.5,0.0,362.0,19.5,0.0,362.0,0,0;                              2425P   1213
102,4,2419,2421,2423,2425,0,0;                                      2427P   1214
142,0,2331,0,2427,2,0,0;                                            2429P   1215
144,2331,1,0,2429,0,1,2347;                                         2431P   1216
406,1,9HKorper.29,0,0;                                              2433P   1217
110,24.5,0.0,362.0,327.0,0.0,362.0,0,0;                             2435P   1218
110,327.0,0.0,362.0,327.0,0.0,343.0,0,0;                            2437P   1219
110,327.0,0.0,343.0,24.5,0.0,343.0,0,0;                             2439P   1220
110,24.5,0.0,343.0,24.5,0.0,362.0,0,0;                              2441P   1221
102,4,2435,2437,2439,2441,0,0;                                      2443P   1222
142,0,1,0,2443,2,0,0;                                               2445P   1223
144,1,1,0,2445,0,1,2433;                                            2447P   1224
110,327.0,0.0,362.0,327.0,14.0,362.0,0,0;                           2449P   1225
110,327.0,14.0,362.0,327.0,14.0,343.0,0,0;                          2451P   1226
110,327.0,14.0,343.0,327.0,0.0,343.0,0,0;                           2453P   1227
110,327.0,0.0,343.0,327.0,0.0,362.0,0,0;                            2455P   1228
102,4,2449,2451,2453,2455,0,0;                                      2457P   1229
142,0,201,0,2457,2,0,0;                                             2459P   1230
144,201,1,0,2459,0,1,2433;                                          2461P   1231
110,327.0,14.0,362.0,24.5,14.0,362.0,0,0;                           2463P   1232
110,24.5,14.0,362.0,24.5,14.0,343.0,0,0;                            2465P   1233
110,24.5,14.0,343.0,327.0,14.0,343.0,0,0;                           2467P   1234
110,327.0,14.0,343.0,327.0,14.0,362.0,0,0;                          2469P   1235
102,4,2463,2465,2467,2469,0,0;                                      2471P   1236
142,0,33,0,2471,2,0,0;                                              2473P   1237
144,33,1,0,2473,0,1,2433;                                           2475P   1238
110,24.5,14.0,362.0,24.5,0.0,362.0,0,0;                             2477P   1239
110,24.5,0.0,362.0,24.5,0.0,343.0,0,0;                              2479P   1240
110,24.5,0.0,343.0,24.5,14.0,343.0,0,0;                             2481P   1241
110,24.5,14.0,343.0,24.5,14.0,362.0,0,0;                            2483P   1242
102,4,2477,2479,2481,2483,0,0;                                      2485P   1243
142,0,231,0,2485,2,0,0;                                             2487P   1244
144,231,1,0,2487,0,1,2433;                                          2489P   1245
110,24.5,0.0,343.0,327.0,0.0,343.0,0,0;                             2491P   1246
110,327.0,0.0,343.0,327.0,14.0,343.0,0,0;                           2493P   1247
110,327.0,14.0,343.0,24.5,14.0,343.0,0,0;                           2495P   1248
110,24.5,14.0,343.0,24.5,0.0,343.0,0,0;                             2497P   1249
102,4,2491,2493,2495,2497,0,0;                                      2499P   1250
142,0,1639,0,2499,2,0,0;                                            2501P   1251
144,1639,1,0,2501,0,1,2433;                                         2503P   1252
110,24.5,0.0,362.0,24.5,14.0,362.0,0,0;                             2505P   1253
110,24.5,14.0,362.0,327.0,14.0,362.0,0,0;                           2507P   1254
110,327.0,14.0,362.0,327.0,0.0,362.0,0,0;                           2509P   1255
110,327.0,0.0,362.0,24.5,0.0,362.0,0,0;                             2511P   1256
102,4,2505,2507,2509,2511,0,0;                                      2513P   1257
142,0,2331,0,2513,2,0,0;                                            2515P   1258
144,2331,1,0,2515,0,1,2433;                                         2517P   1259
406,1,9HKorper.30,0,0;                                              2519P   1260
110,0.0,14.0,362.0,19.5,14.0,362.0,0,0;                             2521P   1261
110,19.5,14.0,362.0,19.5,14.0,343.0,0,0;                            2523P   1262
110,19.5,14.0,343.0,0.0,14.0,343.0,0,0;                             2525P   1263
110,0.0,14.0,343.0,0.0,14.0,362.0,0,0;                              2527P   1264
102,4,2521,2523,2525,2527,0,0;                                      2529P   1265
142,0,275,0,2529,2,0,0;                                             2531P   1266
144,275,1,0,2531,0,1,2519;                                          2533P   1267
110,19.5,14.0,362.0,19.5,19.0,362.0,0,0;                            2535P   1268
110,19.5,19.0,362.0,19.5,19.0,343.0,0,0;                            2537P   1269
110,19.5,19.0,343.0,19.5,14.0,343.0,0,0;                            2539P   1270
110,19.5,14.0,343.0,19.5,14.0,362.0,0,0;                            2541P   1271
102,4,2535,2537,2539,2541,0,0;                                      2543P   1272
142,0,17,0,2543,2,0,0;                                              2545P   1273
144,17,1,0,2545,0,1,2519;                                           2547P   1274
110,19.5,19.0,362.0,0.0,19.0,362.0,0,0;                             2549P   1275
110,0.0,19.0,362.0,0.0,19.0,343.0,0,0;                              2551P   1276
110,0.0,19.0,343.0,19.5,19.0,343.0,0,0;                             2553P   1277
110,19.5,19.0,343.0,19.5,19.0,362.0,0,0;                            2555P   1278
102,4,2549,2551,2553,2555,0,0;                                      2557P   1279
142,0,305,0,2557,2,0,0;                                             2559P   1280
144,305,1,0,2559,0,1,2519;                                          2561P   1281
110,0.0,19.0,362.0,0.0,14.0,362.0,0,0;                              2563P   1282
110,0.0,14.0,362.0,0.0,14.0,343.0,0,0;                              2565P   1283
110,0.0,14.0,343.0,0.0,19.0,343.0,0,0;                              2567P   1284
110,0.0,19.0,343.0,0.0,19.0,362.0,0,0;                              2569P   1285
102,4,2563,2565,2567,2569,0,0;                                      2571P   1286
142,0,49,0,2571,2,0,0;                                              2573P   1287
144,49,1,0,2573,0,1,2519;                                           2575P   1288
110,0.0,14.0,343.0,19.5,14.0,343.0,0,0;                             2577P   1289
110,19.5,14.0,343.0,19.5,19.0,343.0,0,0;                            2579P   1290
110,19.5,19.0,343.0,0.0,19.0,343.0,0,0;                             2581P   1291
110,0.0,19.0,343.0,0.0,14.0,343.0,0,0;                              2583P   1292
102,4,2577,2579,2581,2583,0,0;                                      2585P   1293
142,0,1639,0,2585,2,0,0;                                            2587P   1294
144,1639,1,0,2587,0,1,2519;                                         2589P   1295
110,0.0,14.0,362.0,0.0,19.0,362.0,0,0;                              2591P   1296
110,0.0,19.0,362.0,19.5,19.0,362.0,0,0;                             2593P   1297
110,19.5,19.0,362.0,19.5,14.0,362.0,0,0;                            2595P   1298
110,19.5,14.0,362.0,0.0,14.0,362.0,0,0;                             2597P   1299
102,4,2591,2593,2595,2597,0,0;                                      2599P   1300
142,0,2331,0,2599,2,0,0;                                            2601P   1301
144,2331,1,0,2601,0,1,2519;                                         2603P   1302
406,1,9HKorper.31,0,0;                                              2605P   1303
110,0.0,19.0,362.0,19.5,19.0,362.0,0,0;                             2607P   1304
110,19.5,19.0,362.0,19.5,19.0,343.0,0,0;                            2609P   1305
110,19.5,19.0,343.0,0.0,19.0,343.0,0,0;                             2611P   1306
110,0.0,19.0,343.0,0.0,19.0,362.0,0,0;                              2613P   1307
102,4,2607,2609,2611,2613,0,0;                                      2615P   1308
142,0,363,0,2615,2,0,0;                                             2617P   1309
144,363,1,0,2617,0,1,2605;                                          2619P   1310
110,19.5,19.0,362.0,19.5,221.5,362.0,0,0;                           2621P   1311
110,19.5,221.5,362.0,19.5,221.5,343.0,0,0;                          2623P   1312
110,19.5,221.5,343.0,19.5,19.0,343.0,0,0;                           2625P   1313
110,19.5,19.0,343.0,19.5,19.0,362.0,0,0;                            2627P   1314
102,4,2621,2623,2625,2627,0,0;                                      2629P   1315
142,0,17,0,2629,2,0,0;                                              2631P   1316
144,17,1,0,2631,0,1,2605;                                           2633P   1317
110,19.5,221.5,362.0,0.0,221.5,362.0,0,0;                           2635P   1318
110,0.0,221.5,362.0,0.0,221.5,343.0,0,0;                            2637P   1319
110,0.0,221.5,343.0,19.5,221.5,343.0,0,0;                           2639P   1320
110,19.5,221.5,343.0,19.5,221.5,362.0,0,0;                          2641P   1321
102,4,2635,2637,2639,2641,0,0;                                      2643P   1322
142,0,393,0,2643,2,0,0;                                             2645P   1323
144,393,1,0,2645,0,1,2605;                                          2647P   1324
110,0.0,221.5,362.0,0.0,19.0,362.0,0,0;                             2649P   1325
110,0.0,19.0,362.0,0.0,19.0,343.0,0,0;                              2651P   1326
110,0.0,19.0,343.0,0.0,221.5,343.0,0,0;                             2653P   1327
110,0.0,221.5,343.0,0.0,221.5,362.0,0,0;                            2655P   1328
102,4,2649,2651,2653,2655,0,0;                                      2657P   1329
142,0,49,0,2657,2,0,0;                                              2659P   1330
144,49,1,0,2659,0,1,2605;                                           2661P   1331
110,0.0,19.0,343.0,19.5,19.0,343.0,0,0;                             2663P   1332
110,19.5,19.0,343.0,19.5,221.5,343.0,0,0;                           2665P   1333
110,19.5,221.5,343.0,0.0,221.5,343.0,0,0;                           2667P   1334
110,0.0,221.5,343.0,0.0,19.0,343.0,0,0;                             2669P   1335
102,4,2663,2665,2667,2669,0,0;                                      2671P   1336
142,0,1639,0,2671,2,0,0;                                            2673P   1337
144,1639,1,0,2673,0,1,2605;                                         2675P   1338
110,0.0,19.0,362.0,0.0,221.5,362.0,0,0;                             2677P   1339
110,0.0,221.5,362.0,19.5,221.5,362.0,0,0;                           2679P   1340
110,19.5,221.5,362.0,19.5,19.0,362.0,0,0;                           2681P   1341
110,19.5,19.0,362.0,0.0,19.0,362.0,0,0;                             2683P   1342
102,4,2677,2679,2681,2683,0,0;                                      2685P   1343
142,0,2331,0,2685,2,0,0;                                            2687P   1344
144,2331,1,0,2687,0,1,2605;                                         2689P   1345
406,1,9HKorper.32,0,0;                                              2691P   1346
110,19.5,14.0,362.0,24.5,14.0,362.0,0,0;                            2693P   1347
110,24.5,14.0,362.0,24.5,14.0,343.0,0,0;                            2695P   1348
110,24.5,14.0,343.0,19.5,14.0,343.0,0,0;                            2697P   1349
110,19.5,14.0,343.0,19.5,14.0,362.0,0,0;                            2699P   1350
102,4,2693,2695,2697,2699,0,0;                                      2701P   1351
142,0,275,0,2701,2,0,0;                                             2703P   1352
144,275,1,0,2703,0,1,2691;                                          2705P   1353
110,24.5,14.0,362.0,24.5,19.0,362.0,0,0;                            2707P   1354
110,24.5,19.0,362.0,24.5,19.0,343.0,0,0;                            2709P   1355
110,24.5,19.0,343.0,24.5,14.0,343.0,0,0;                            2711P   1356
110,24.5,14.0,343.0,24.5,14.0,362.0,0,0;                            2713P   1357
102,4,2707,2709,2711,2713,0,0;                                      2715P   1358
142,0,113,0,2715,2,0,0;                                             2717P   1359
144,113,1,0,2717,0,1,2691;                                          2719P   1360
110,24.5,19.0,362.0,19.5,19.0,362.0,0,0;                            2721P   1361
110,19.5,19.0,362.0,19.5,19.0,343.0,0,0;                            2723P   1362
110,19.5,19.0,343.0,24.5,19.0,343.0,0,0;                            2725P   1363
110,24.5,19.0,343.0,24.5,19.0,362.0,0,0;                            2727P   1364
102,4,2721,2723,2725,2727,0,0;                                      2729P   1365
142,0,305,0,2729,2,0,0;                                             2731P   1366
144,305,1,0,2731,0,1,2691;                                          2733P   1367
110,19.5,19.0,362.0,19.5,14.0,362.0,0,0;                            2735P   1368
110,19.5,14.0,362.0,19.5,14.0,343.0,0,0;                            2737P   1369
110,19.5,14.0,343.0,19.5,19.0,343.0,0,0;                            2739P   1370
110,19.5,19.0,343.0,19.5,19.0,362.0,0,0;                            2741P   1371
102,4,2735,2737,2739,2741,0,0;                                      2743P   1372
142,0,143,0,2743,2,0,0;                                             2745P   1373
144,143,1,0,2745,0,1,2691;                                          2747P   1374
110,19.5,14.0,343.0,24.5,14.0,343.0,0,0;                            2749P   1375
110,24.5,14.0,343.0,24.5,19.0,343.0,0,0;                            2751P   1376
110,24.5,19.0,343.0,19.5,19.0,343.0,0,0;                            2753P   1377
110,19.5,19.0,343.0,19.5,14.0,343.0,0,0;                            2755P   1378
102,4,2749,2751,2753,2755,0,0;                                      2757P   1379
142,0,1639,0,2757,2,0,0;                                            2759P   1380
144,1639,1,0,2759,0,1,2691;                                         2761P   1381
110,19.5,14.0,362.0,19.5,19.0,362.0,0,0;                            2763P   1382
110,19.5,19.0,362.0,24.5,19.0,362.0,0,0;                            2765P   1383
110,24.5,19.0,362.0,24.5,14.0,362.0,0,0;                            2767P   1384
110,24.5,14.0,362.0,19.5,14.0,362.0,0,0;                            2769P   1385
102,4,2763,2765,2767,2769,0,0;                                      2771P   1386
142,0,2331,0,2771,2,0,0;                                            2773P   1387
144,2331,1,0,2773,0,1,2691;                                         2775P   1388
406,1,9HKorper.33,0,0;                                              2777P   1389
110,24.5,19.0,362.0,24.5,14.0,362.0,0,0;                            2779P   1390
110,24.5,14.0,362.0,24.5,14.0,343.0,0,0;                            2781P   1391
110,24.5,14.0,343.0,24.5,19.0,343.0,0,0;                            2783P   1392
110,24.5,19.0,343.0,24.5,19.0,362.0,0,0;                            2785P   1393
102,4,2779,2781,2783,2785,0,0;                                      2787P   1394
142,0,231,0,2787,2,0,0;                                             2789P   1395
144,231,1,0,2789,0,1,2777;                                          2791P   1396
110,24.5,14.0,362.0,327.0,14.0,362.0,0,0;                           2793P   1397
110,327.0,14.0,362.0,327.0,14.0,343.0,0,0;                          2795P   1398
110,327.0,14.0,343.0,24.5,14.0,343.0,0,0;                           2797P   1399
110,24.5,14.0,343.0,24.5,14.0,362.0,0,0;                            2799P   1400
102,4,2793,2795,2797,2799,0,0;                                      2801P   1401
142,0,33,0,2801,2,0,0;                                              2803P   1402
144,33,1,0,2803,0,1,2777;                                           2805P   1403
110,327.0,14.0,362.0,327.0,19.0,362.0,0,0;                          2807P   1404
110,327.0,19.0,362.0,327.0,19.0,343.0,0,0;                          2809P   1405
110,327.0,19.0,343.0,327.0,14.0,343.0,0,0;                          2811P   1406
110,327.0,14.0,343.0,327.0,14.0,362.0,0,0;                          2813P   1407
102,4,2807,2809,2811,2813,0,0;                                      2815P   1408
142,0,201,0,2815,2,0,0;                                             2817P   1409
144,201,1,0,2817,0,1,2777;                                          2819P   1410
110,327.0,19.0,362.0,24.5,19.0,362.0,0,0;                           2821P   1411
110,24.5,19.0,362.0,24.5,19.0,343.0,0,0;                            2823P   1412
110,24.5,19.0,343.0,327.0,19.0,343.0,0,0;                           2825P   1413
110,327.0,19.0,343.0,327.0,19.0,362.0,0,0;                          2827P   1414
102,4,2821,2823,2825,2827,0,0;                                      2829P   1415
142,0,363,0,2829,2,0,0;                                             2831P   1416
144,363,1,0,2831,0,1,2777;                                          2833P   1417
110,24.5,19.0,343.0,24.5,14.0,343.0,0,0;                            2835P   1418
110,24.5,14.0,343.0,327.0,14.0,343.0,0,0;                           2837P   1419
110,327.0,14.0,343.0,327.0,19.0,343.0,0,0;                          2839P   1420
110,327.0,19.0,343.0,24.5,19.0,343.0,0,0;                           2841P   1421
102,4,2835,2837,2839,2841,0,0;                                      2843P   1422
142,0,1639,0,2843,2,0,0;                                            2845P   1423
144,1639,1,0,2845,0,1,2777;                                         2847P   1424
110,24.5,19.0,362.0,327.0,19.0,362.0,0,0;                           2849P   1425
110,327.0,19.0,362.0,327.0,14.0,362.0,0,0;                          2851P   1426
110,327.0,14.0,362.0,24.5,14.0,362.0,0,0;                           2853P   1427
110,24.5,14.0,362.0,24.5,19.0,362.0,0,0;                            2855P   1428
102,4,2849,2851,2853,2855,0,0;                                      2857P   1429
142,0,2331,0,2857,2,0,0;                                            2859P   1430
144,2331,1,0,2859,0,1,2777;                                         2861P   1431
406,1,9HKorper.34,0,0;                                              2863P   1432
110,19.5,19.0,362.0,24.5,19.0,362.0,0,0;                            2865P   1433
110,24.5,19.0,362.0,24.5,19.0,343.0,0,0;                            2867P   1434
110,24.5,19.0,343.0,19.5,19.0,343.0,0,0;                            2869P   1435
110,19.5,19.0,343.0,19.5,19.0,362.0,0,0;                            2871P   1436
102,4,2865,2867,2869,2871,0,0;                                      2873P   1437
142,0,363,0,2873,2,0,0;                                             2875P   1438
144,363,1,0,2875,0,1,2863;                                          2877P   1439
110,24.5,19.0,362.0,24.5,221.5,362.0,0,0;                           2879P   1440
110,24.5,221.5,362.0,24.5,221.5,343.0,0,0;                          2881P   1441
110,24.5,221.5,343.0,24.5,19.0,343.0,0,0;                           2883P   1442
110,24.5,19.0,343.0,24.5,19.0,362.0,0,0;                            2885P   1443
102,4,2879,2881,2883,2885,0,0;                                      2887P   1444
142,0,113,0,2887,2,0,0;                                             2889P   1445
144,113,1,0,2889,0,1,2863;                                          2891P   1446
110,24.5,221.5,362.0,19.5,221.5,362.0,0,0;                          2893P   1447
110,19.5,221.5,362.0,19.5,221.5,343.0,0,0;                          2895P   1448
110,19.5,221.5,343.0,24.5,221.5,343.0,0,0;                          2897P   1449
110,24.5,221.5,343.0,24.5,221.5,362.0,0,0;                          2899P   1450
102,4,2893,2895,2897,2899,0,0;                                      2901P   1451
142,0,393,0,2901,2,0,0;                                             2903P   1452
144,393,1,0,2903,0,1,2863;                                          2905P   1453
110,19.5,221.5,362.0,19.5,19.0,362.0,0,0;                           2907P   1454
110,19.5,19.0,362.0,19.5,19.0,343.0,0,0;                            2909P   1455
110,19.5,19.0,343.0,19.5,221.5,343.0,0,0;                           2911P   1456
110,19.5,221.5,343.0,19.5,221.5,362.0,0,0;                          2913P   1457
102,4,2907,2909,2911,2913,0,0;                                      2915P   1458
142,0,143,0,2915,2,0,0;                                             2917P   1459
144,143,1,0,2917,0,1,2863;                                          2919P   1460
110,19.5,19.0,343.0,24.5,19.0,343.0,0,0;                            2921P   1461
110,24.5,19.0,343.0,24.5,221.5,343.0,0,0;                           2923P   1462
110,24.5,221.5,343.0,19.5,221.5,343.0,0,0;                          2925P   1463
110,19.5,221.5,343.0,19.5,19.0,343.0,0,0;                           2927P   1464
102,4,2921,2923,2925,2927,0,0;                                      2929P   1465
142,0,1639,0,2929,2,0,0;                                            2931P   1466
144,1639,1,0,2931,0,1,2863;                                         2933P   1467
110,19.5,19.0,362.0,19.5,221.5,362.0,0,0;                           2935P   1468
110,19.5,221.5,362.0,24.5,221.5,362.0,0,0;                          2937P   1469
110,24.5,221.5,362.0,24.5,19.0,362.0,0,0;                           2939P   1470
110,24.5,19.0,362.0,19.5,19.0,362.0,0,0;                            2941P   1471
102,4,2935,2937,2939,2941,0,0;                                      2943P   1472
142,0,2331,0,2943,2,0,0;                                            2945P   1473
144,2331,1,0,2945,0,1,2863;                                         2947P   1474
S      1G      4D   2948P   1474                                        T      1
