ISO-10303-21;
HEADER;
FILE_DESCRIPTION(('CATIA V5 STEP Exchange','CAx-IF Rec.Pracs.--- Model Styling and Organization---1.5--- 2016-08-15','CAx-IF Rec.Pracs.---Supplemental Geometry---1.0---2011-11-01','CAx-IF Rec.Pracs.--- Composite Materials ---1.1---2010-07-15'),'2;1');

FILE_NAME('C:\\git\\TopOpt.jl\\projects\\hive\\hive_blocked_RevB.stp','2025-05-05T15:31:52+00:00',('none'),('none'),'CATIA Version 5-6 Release 2024 SP1','CATIA V5 STEP AP214 v3','none');

FILE_SCHEMA(('AUTOMOTIVE_DESIGN { 1 0 10303 214 1 1 1 1 }'));

ENDSEC;
DATA;
#5=PRODUCT('hive3','','',(#2)) ;
#2=PRODUCT_CONTEXT(' ',#1,'mechanical') ;
#1=APPLICATION_CONTEXT('automotive design') ;
#10=PRODUCT_DEFINITION('',' ',#6,#3) ;
#3=PRODUCT_DEFINITION_CONTEXT('part definition',#1,' ') ;
#11=PRODUCT_DEFINITION_SHAPE(' ',' ',#10) ;
#5185=MECHANICAL_DESIGN_GEOMETRIC_PRESENTATION_REPRESENTATION(' ',(#29,#189,#340,#491,#642,#800,#958,#1109,#1260,#1411,#1562,#1713,#1864,#2015,#2166,#2317,#2468,#2619,#2770,#2921,#3072,#3223,#3374,#3525,#3676,#3827,#3978,#4129,#4280,#4431,#4582,#4733,#4884,#5035),#16) ;
#19=SHAPE_REPRESENTATION(' ',(#18),#16) ;
#18=AXIS2_PLACEMENT_3D(' ',#17,$,$) ;
#34=AXIS2_PLACEMENT_3D('Plane Axis2P3D',#31,#32,#33) ;
#74=AXIS2_PLACEMENT_3D('Plane Axis2P3D',#71,#72,#73) ;
#105=AXIS2_PLACEMENT_3D('Plane Axis2P3D',#102,#103,#104) ;
#136=AXIS2_PLACEMENT_3D('Plane Axis2P3D',#133,#134,#135) ;
#158=AXIS2_PLACEMENT_3D('Plane Axis2P3D',#155,#156,#157) ;
#170=AXIS2_PLACEMENT_3D('Plane Axis2P3D',#167,#168,#169) ;
#194=AXIS2_PLACEMENT_3D('Plane Axis2P3D',#191,#192,#193) ;
#234=AXIS2_PLACEMENT_3D('Plane Axis2P3D',#231,#232,#233) ;
#265=AXIS2_PLACEMENT_3D('Plane Axis2P3D',#262,#263,#264) ;
#296=AXIS2_PLACEMENT_3D('Plane Axis2P3D',#293,#294,#295) ;
#318=AXIS2_PLACEMENT_3D('Plane Axis2P3D',#315,#316,#317) ;
#330=AXIS2_PLACEMENT_3D('Plane Axis2P3D',#327,#328,#329) ;
#345=AXIS2_PLACEMENT_3D('Plane Axis2P3D',#342,#343,#344) ;
#385=AXIS2_PLACEMENT_3D('Plane Axis2P3D',#382,#383,#384) ;
#416=AXIS2_PLACEMENT_3D('Plane Axis2P3D',#413,#414,#415) ;
#447=AXIS2_PLACEMENT_3D('Plane Axis2P3D',#444,#445,#446) ;
#469=AXIS2_PLACEMENT_3D('Plane Axis2P3D',#466,#467,#468) ;
#481=AXIS2_PLACEMENT_3D('Plane Axis2P3D',#478,#479,#480) ;
#496=AXIS2_PLACEMENT_3D('Plane Axis2P3D',#493,#494,#495) ;
#536=AXIS2_PLACEMENT_3D('Plane Axis2P3D',#533,#534,#535) ;
#567=AXIS2_PLACEMENT_3D('Plane Axis2P3D',#564,#565,#566) ;
#598=AXIS2_PLACEMENT_3D('Plane Axis2P3D',#595,#596,#597) ;
#620=AXIS2_PLACEMENT_3D('Plane Axis2P3D',#617,#618,#619) ;
#632=AXIS2_PLACEMENT_3D('Plane Axis2P3D',#629,#630,#631) ;
#647=AXIS2_PLACEMENT_3D('Plane Axis2P3D',#644,#645,#646) ;
#687=AXIS2_PLACEMENT_3D('Plane Axis2P3D',#684,#685,#686) ;
#718=AXIS2_PLACEMENT_3D('Plane Axis2P3D',#715,#716,#717) ;
#749=AXIS2_PLACEMENT_3D('Plane Axis2P3D',#746,#747,#748) ;
#771=AXIS2_PLACEMENT_3D('Plane Axis2P3D',#768,#769,#770) ;
#783=AXIS2_PLACEMENT_3D('Plane Axis2P3D',#780,#781,#782) ;
#805=AXIS2_PLACEMENT_3D('Plane Axis2P3D',#802,#803,#804) ;
#845=AXIS2_PLACEMENT_3D('Plane Axis2P3D',#842,#843,#844) ;
#876=AXIS2_PLACEMENT_3D('Plane Axis2P3D',#873,#874,#875) ;
#907=AXIS2_PLACEMENT_3D('Plane Axis2P3D',#904,#905,#906) ;
#929=AXIS2_PLACEMENT_3D('Plane Axis2P3D',#926,#927,#928) ;
#941=AXIS2_PLACEMENT_3D('Plane Axis2P3D',#938,#939,#940) ;
#963=AXIS2_PLACEMENT_3D('Plane Axis2P3D',#960,#961,#962) ;
#1003=AXIS2_PLACEMENT_3D('Plane Axis2P3D',#1000,#1001,#1002) ;
#1034=AXIS2_PLACEMENT_3D('Plane Axis2P3D',#1031,#1032,#1033) ;
#1065=AXIS2_PLACEMENT_3D('Plane Axis2P3D',#1062,#1063,#1064) ;
#1087=AXIS2_PLACEMENT_3D('Plane Axis2P3D',#1084,#1085,#1086) ;
#1099=AXIS2_PLACEMENT_3D('Plane Axis2P3D',#1096,#1097,#1098) ;
#1114=AXIS2_PLACEMENT_3D('Plane Axis2P3D',#1111,#1112,#1113) ;
#1154=AXIS2_PLACEMENT_3D('Plane Axis2P3D',#1151,#1152,#1153) ;
#1185=AXIS2_PLACEMENT_3D('Plane Axis2P3D',#1182,#1183,#1184) ;
#1216=AXIS2_PLACEMENT_3D('Plane Axis2P3D',#1213,#1214,#1215) ;
#1238=AXIS2_PLACEMENT_3D('Plane Axis2P3D',#1235,#1236,#1237) ;
#1250=AXIS2_PLACEMENT_3D('Plane Axis2P3D',#1247,#1248,#1249) ;
#1265=AXIS2_PLACEMENT_3D('Plane Axis2P3D',#1262,#1263,#1264) ;
#1305=AXIS2_PLACEMENT_3D('Plane Axis2P3D',#1302,#1303,#1304) ;
#1336=AXIS2_PLACEMENT_3D('Plane Axis2P3D',#1333,#1334,#1335) ;
#1367=AXIS2_PLACEMENT_3D('Plane Axis2P3D',#1364,#1365,#1366) ;
#1389=AXIS2_PLACEMENT_3D('Plane Axis2P3D',#1386,#1387,#1388) ;
#1401=AXIS2_PLACEMENT_3D('Plane Axis2P3D',#1398,#1399,#1400) ;
#1416=AXIS2_PLACEMENT_3D('Plane Axis2P3D',#1413,#1414,#1415) ;
#1456=AXIS2_PLACEMENT_3D('Plane Axis2P3D',#1453,#1454,#1455) ;
#1487=AXIS2_PLACEMENT_3D('Plane Axis2P3D',#1484,#1485,#1486) ;
#1518=AXIS2_PLACEMENT_3D('Plane Axis2P3D',#1515,#1516,#1517) ;
#1540=AXIS2_PLACEMENT_3D('Plane Axis2P3D',#1537,#1538,#1539) ;
#1552=AXIS2_PLACEMENT_3D('Plane Axis2P3D',#1549,#1550,#1551) ;
#1567=AXIS2_PLACEMENT_3D('Plane Axis2P3D',#1564,#1565,#1566) ;
#1607=AXIS2_PLACEMENT_3D('Plane Axis2P3D',#1604,#1605,#1606) ;
#1638=AXIS2_PLACEMENT_3D('Plane Axis2P3D',#1635,#1636,#1637) ;
#1669=AXIS2_PLACEMENT_3D('Plane Axis2P3D',#1666,#1667,#1668) ;
#1691=AXIS2_PLACEMENT_3D('Plane Axis2P3D',#1688,#1689,#1690) ;
#1703=AXIS2_PLACEMENT_3D('Plane Axis2P3D',#1700,#1701,#1702) ;
#1718=AXIS2_PLACEMENT_3D('Plane Axis2P3D',#1715,#1716,#1717) ;
#1758=AXIS2_PLACEMENT_3D('Plane Axis2P3D',#1755,#1756,#1757) ;
#1789=AXIS2_PLACEMENT_3D('Plane Axis2P3D',#1786,#1787,#1788) ;
#1820=AXIS2_PLACEMENT_3D('Plane Axis2P3D',#1817,#1818,#1819) ;
#1842=AXIS2_PLACEMENT_3D('Plane Axis2P3D',#1839,#1840,#1841) ;
#1854=AXIS2_PLACEMENT_3D('Plane Axis2P3D',#1851,#1852,#1853) ;
#1869=AXIS2_PLACEMENT_3D('Plane Axis2P3D',#1866,#1867,#1868) ;
#1909=AXIS2_PLACEMENT_3D('Plane Axis2P3D',#1906,#1907,#1908) ;
#1940=AXIS2_PLACEMENT_3D('Plane Axis2P3D',#1937,#1938,#1939) ;
#1971=AXIS2_PLACEMENT_3D('Plane Axis2P3D',#1968,#1969,#1970) ;
#1993=AXIS2_PLACEMENT_3D('Plane Axis2P3D',#1990,#1991,#1992) ;
#2005=AXIS2_PLACEMENT_3D('Plane Axis2P3D',#2002,#2003,#2004) ;
#2020=AXIS2_PLACEMENT_3D('Plane Axis2P3D',#2017,#2018,#2019) ;
#2060=AXIS2_PLACEMENT_3D('Plane Axis2P3D',#2057,#2058,#2059) ;
#2091=AXIS2_PLACEMENT_3D('Plane Axis2P3D',#2088,#2089,#2090) ;
#2122=AXIS2_PLACEMENT_3D('Plane Axis2P3D',#2119,#2120,#2121) ;
#2144=AXIS2_PLACEMENT_3D('Plane Axis2P3D',#2141,#2142,#2143) ;
#2156=AXIS2_PLACEMENT_3D('Plane Axis2P3D',#2153,#2154,#2155) ;
#2171=AXIS2_PLACEMENT_3D('Plane Axis2P3D',#2168,#2169,#2170) ;
#2211=AXIS2_PLACEMENT_3D('Plane Axis2P3D',#2208,#2209,#2210) ;
#2242=AXIS2_PLACEMENT_3D('Plane Axis2P3D',#2239,#2240,#2241) ;
#2273=AXIS2_PLACEMENT_3D('Plane Axis2P3D',#2270,#2271,#2272) ;
#2295=AXIS2_PLACEMENT_3D('Plane Axis2P3D',#2292,#2293,#2294) ;
#2307=AXIS2_PLACEMENT_3D('Plane Axis2P3D',#2304,#2305,#2306) ;
#2322=AXIS2_PLACEMENT_3D('Plane Axis2P3D',#2319,#2320,#2321) ;
#2362=AXIS2_PLACEMENT_3D('Plane Axis2P3D',#2359,#2360,#2361) ;
#2393=AXIS2_PLACEMENT_3D('Plane Axis2P3D',#2390,#2391,#2392) ;
#2424=AXIS2_PLACEMENT_3D('Plane Axis2P3D',#2421,#2422,#2423) ;
#2446=AXIS2_PLACEMENT_3D('Plane Axis2P3D',#2443,#2444,#2445) ;
#2458=AXIS2_PLACEMENT_3D('Plane Axis2P3D',#2455,#2456,#2457) ;
#2473=AXIS2_PLACEMENT_3D('Plane Axis2P3D',#2470,#2471,#2472) ;
#2513=AXIS2_PLACEMENT_3D('Plane Axis2P3D',#2510,#2511,#2512) ;
#2544=AXIS2_PLACEMENT_3D('Plane Axis2P3D',#2541,#2542,#2543) ;
#2575=AXIS2_PLACEMENT_3D('Plane Axis2P3D',#2572,#2573,#2574) ;
#2597=AXIS2_PLACEMENT_3D('Plane Axis2P3D',#2594,#2595,#2596) ;
#2609=AXIS2_PLACEMENT_3D('Plane Axis2P3D',#2606,#2607,#2608) ;
#2624=AXIS2_PLACEMENT_3D('Plane Axis2P3D',#2621,#2622,#2623) ;
#2664=AXIS2_PLACEMENT_3D('Plane Axis2P3D',#2661,#2662,#2663) ;
#2695=AXIS2_PLACEMENT_3D('Plane Axis2P3D',#2692,#2693,#2694) ;
#2726=AXIS2_PLACEMENT_3D('Plane Axis2P3D',#2723,#2724,#2725) ;
#2748=AXIS2_PLACEMENT_3D('Plane Axis2P3D',#2745,#2746,#2747) ;
#2760=AXIS2_PLACEMENT_3D('Plane Axis2P3D',#2757,#2758,#2759) ;
#2775=AXIS2_PLACEMENT_3D('Plane Axis2P3D',#2772,#2773,#2774) ;
#2815=AXIS2_PLACEMENT_3D('Plane Axis2P3D',#2812,#2813,#2814) ;
#2846=AXIS2_PLACEMENT_3D('Plane Axis2P3D',#2843,#2844,#2845) ;
#2877=AXIS2_PLACEMENT_3D('Plane Axis2P3D',#2874,#2875,#2876) ;
#2899=AXIS2_PLACEMENT_3D('Plane Axis2P3D',#2896,#2897,#2898) ;
#2911=AXIS2_PLACEMENT_3D('Plane Axis2P3D',#2908,#2909,#2910) ;
#2926=AXIS2_PLACEMENT_3D('Plane Axis2P3D',#2923,#2924,#2925) ;
#2966=AXIS2_PLACEMENT_3D('Plane Axis2P3D',#2963,#2964,#2965) ;
#2997=AXIS2_PLACEMENT_3D('Plane Axis2P3D',#2994,#2995,#2996) ;
#3028=AXIS2_PLACEMENT_3D('Plane Axis2P3D',#3025,#3026,#3027) ;
#3050=AXIS2_PLACEMENT_3D('Plane Axis2P3D',#3047,#3048,#3049) ;
#3062=AXIS2_PLACEMENT_3D('Plane Axis2P3D',#3059,#3060,#3061) ;
#3077=AXIS2_PLACEMENT_3D('Plane Axis2P3D',#3074,#3075,#3076) ;
#3117=AXIS2_PLACEMENT_3D('Plane Axis2P3D',#3114,#3115,#3116) ;
#3148=AXIS2_PLACEMENT_3D('Plane Axis2P3D',#3145,#3146,#3147) ;
#3179=AXIS2_PLACEMENT_3D('Plane Axis2P3D',#3176,#3177,#3178) ;
#3201=AXIS2_PLACEMENT_3D('Plane Axis2P3D',#3198,#3199,#3200) ;
#3213=AXIS2_PLACEMENT_3D('Plane Axis2P3D',#3210,#3211,#3212) ;
#3228=AXIS2_PLACEMENT_3D('Plane Axis2P3D',#3225,#3226,#3227) ;
#3268=AXIS2_PLACEMENT_3D('Plane Axis2P3D',#3265,#3266,#3267) ;
#3299=AXIS2_PLACEMENT_3D('Plane Axis2P3D',#3296,#3297,#3298) ;
#3330=AXIS2_PLACEMENT_3D('Plane Axis2P3D',#3327,#3328,#3329) ;
#3352=AXIS2_PLACEMENT_3D('Plane Axis2P3D',#3349,#3350,#3351) ;
#3364=AXIS2_PLACEMENT_3D('Plane Axis2P3D',#3361,#3362,#3363) ;
#3379=AXIS2_PLACEMENT_3D('Plane Axis2P3D',#3376,#3377,#3378) ;
#3419=AXIS2_PLACEMENT_3D('Plane Axis2P3D',#3416,#3417,#3418) ;
#3450=AXIS2_PLACEMENT_3D('Plane Axis2P3D',#3447,#3448,#3449) ;
#3481=AXIS2_PLACEMENT_3D('Plane Axis2P3D',#3478,#3479,#3480) ;
#3503=AXIS2_PLACEMENT_3D('Plane Axis2P3D',#3500,#3501,#3502) ;
#3515=AXIS2_PLACEMENT_3D('Plane Axis2P3D',#3512,#3513,#3514) ;
#3530=AXIS2_PLACEMENT_3D('Plane Axis2P3D',#3527,#3528,#3529) ;
#3570=AXIS2_PLACEMENT_3D('Plane Axis2P3D',#3567,#3568,#3569) ;
#3601=AXIS2_PLACEMENT_3D('Plane Axis2P3D',#3598,#3599,#3600) ;
#3632=AXIS2_PLACEMENT_3D('Plane Axis2P3D',#3629,#3630,#3631) ;
#3654=AXIS2_PLACEMENT_3D('Plane Axis2P3D',#3651,#3652,#3653) ;
#3666=AXIS2_PLACEMENT_3D('Plane Axis2P3D',#3663,#3664,#3665) ;
#3681=AXIS2_PLACEMENT_3D('Plane Axis2P3D',#3678,#3679,#3680) ;
#3721=AXIS2_PLACEMENT_3D('Plane Axis2P3D',#3718,#3719,#3720) ;
#3752=AXIS2_PLACEMENT_3D('Plane Axis2P3D',#3749,#3750,#3751) ;
#3783=AXIS2_PLACEMENT_3D('Plane Axis2P3D',#3780,#3781,#3782) ;
#3805=AXIS2_PLACEMENT_3D('Plane Axis2P3D',#3802,#3803,#3804) ;
#3817=AXIS2_PLACEMENT_3D('Plane Axis2P3D',#3814,#3815,#3816) ;
#3832=AXIS2_PLACEMENT_3D('Plane Axis2P3D',#3829,#3830,#3831) ;
#3872=AXIS2_PLACEMENT_3D('Plane Axis2P3D',#3869,#3870,#3871) ;
#3903=AXIS2_PLACEMENT_3D('Plane Axis2P3D',#3900,#3901,#3902) ;
#3934=AXIS2_PLACEMENT_3D('Plane Axis2P3D',#3931,#3932,#3933) ;
#3956=AXIS2_PLACEMENT_3D('Plane Axis2P3D',#3953,#3954,#3955) ;
#3968=AXIS2_PLACEMENT_3D('Plane Axis2P3D',#3965,#3966,#3967) ;
#3983=AXIS2_PLACEMENT_3D('Plane Axis2P3D',#3980,#3981,#3982) ;
#4023=AXIS2_PLACEMENT_3D('Plane Axis2P3D',#4020,#4021,#4022) ;
#4054=AXIS2_PLACEMENT_3D('Plane Axis2P3D',#4051,#4052,#4053) ;
#4085=AXIS2_PLACEMENT_3D('Plane Axis2P3D',#4082,#4083,#4084) ;
#4107=AXIS2_PLACEMENT_3D('Plane Axis2P3D',#4104,#4105,#4106) ;
#4119=AXIS2_PLACEMENT_3D('Plane Axis2P3D',#4116,#4117,#4118) ;
#4134=AXIS2_PLACEMENT_3D('Plane Axis2P3D',#4131,#4132,#4133) ;
#4174=AXIS2_PLACEMENT_3D('Plane Axis2P3D',#4171,#4172,#4173) ;
#4205=AXIS2_PLACEMENT_3D('Plane Axis2P3D',#4202,#4203,#4204) ;
#4236=AXIS2_PLACEMENT_3D('Plane Axis2P3D',#4233,#4234,#4235) ;
#4258=AXIS2_PLACEMENT_3D('Plane Axis2P3D',#4255,#4256,#4257) ;
#4270=AXIS2_PLACEMENT_3D('Plane Axis2P3D',#4267,#4268,#4269) ;
#4285=AXIS2_PLACEMENT_3D('Plane Axis2P3D',#4282,#4283,#4284) ;
#4325=AXIS2_PLACEMENT_3D('Plane Axis2P3D',#4322,#4323,#4324) ;
#4356=AXIS2_PLACEMENT_3D('Plane Axis2P3D',#4353,#4354,#4355) ;
#4387=AXIS2_PLACEMENT_3D('Plane Axis2P3D',#4384,#4385,#4386) ;
#4409=AXIS2_PLACEMENT_3D('Plane Axis2P3D',#4406,#4407,#4408) ;
#4421=AXIS2_PLACEMENT_3D('Plane Axis2P3D',#4418,#4419,#4420) ;
#4436=AXIS2_PLACEMENT_3D('Plane Axis2P3D',#4433,#4434,#4435) ;
#4476=AXIS2_PLACEMENT_3D('Plane Axis2P3D',#4473,#4474,#4475) ;
#4507=AXIS2_PLACEMENT_3D('Plane Axis2P3D',#4504,#4505,#4506) ;
#4538=AXIS2_PLACEMENT_3D('Plane Axis2P3D',#4535,#4536,#4537) ;
#4560=AXIS2_PLACEMENT_3D('Plane Axis2P3D',#4557,#4558,#4559) ;
#4572=AXIS2_PLACEMENT_3D('Plane Axis2P3D',#4569,#4570,#4571) ;
#4587=AXIS2_PLACEMENT_3D('Plane Axis2P3D',#4584,#4585,#4586) ;
#4627=AXIS2_PLACEMENT_3D('Plane Axis2P3D',#4624,#4625,#4626) ;
#4658=AXIS2_PLACEMENT_3D('Plane Axis2P3D',#4655,#4656,#4657) ;
#4689=AXIS2_PLACEMENT_3D('Plane Axis2P3D',#4686,#4687,#4688) ;
#4711=AXIS2_PLACEMENT_3D('Plane Axis2P3D',#4708,#4709,#4710) ;
#4723=AXIS2_PLACEMENT_3D('Plane Axis2P3D',#4720,#4721,#4722) ;
#4738=AXIS2_PLACEMENT_3D('Plane Axis2P3D',#4735,#4736,#4737) ;
#4778=AXIS2_PLACEMENT_3D('Plane Axis2P3D',#4775,#4776,#4777) ;
#4809=AXIS2_PLACEMENT_3D('Plane Axis2P3D',#4806,#4807,#4808) ;
#4840=AXIS2_PLACEMENT_3D('Plane Axis2P3D',#4837,#4838,#4839) ;
#4862=AXIS2_PLACEMENT_3D('Plane Axis2P3D',#4859,#4860,#4861) ;
#4874=AXIS2_PLACEMENT_3D('Plane Axis2P3D',#4871,#4872,#4873) ;
#4889=AXIS2_PLACEMENT_3D('Plane Axis2P3D',#4886,#4887,#4888) ;
#4929=AXIS2_PLACEMENT_3D('Plane Axis2P3D',#4926,#4927,#4928) ;
#4960=AXIS2_PLACEMENT_3D('Plane Axis2P3D',#4957,#4958,#4959) ;
#4991=AXIS2_PLACEMENT_3D('Plane Axis2P3D',#4988,#4989,#4990) ;
#5013=AXIS2_PLACEMENT_3D('Plane Axis2P3D',#5010,#5011,#5012) ;
#5025=AXIS2_PLACEMENT_3D('Plane Axis2P3D',#5022,#5023,#5024) ;
#5040=AXIS2_PLACEMENT_3D('Plane Axis2P3D',#5037,#5038,#5039) ;
#5080=AXIS2_PLACEMENT_3D('Plane Axis2P3D',#5077,#5078,#5079) ;
#5111=AXIS2_PLACEMENT_3D('Plane Axis2P3D',#5108,#5109,#5110) ;
#5142=AXIS2_PLACEMENT_3D('Plane Axis2P3D',#5139,#5140,#5141) ;
#5164=AXIS2_PLACEMENT_3D('Plane Axis2P3D',#5161,#5162,#5163) ;
#5176=AXIS2_PLACEMENT_3D('Plane Axis2P3D',#5173,#5174,#5175) ;
#17=CARTESIAN_POINT(' ',(0.,0.,0.)) ;
#31=CARTESIAN_POINT('Axis2P3D Location',(0.,0.,0.)) ;
#36=CARTESIAN_POINT('Line Origine',(0.,0.,6.5)) ;
#40=CARTESIAN_POINT('Vertex',(0.,0.,0.)) ;
#42=CARTESIAN_POINT('Vertex',(0.,0.,13.)) ;
#45=CARTESIAN_POINT('Line Origine',(9.75,0.,0.)) ;
#49=CARTESIAN_POINT('Vertex',(19.5,0.,0.)) ;
#52=CARTESIAN_POINT('Line Origine',(19.5,0.,6.5)) ;
#56=CARTESIAN_POINT('Vertex',(19.5,0.,13.)) ;
#59=CARTESIAN_POINT('Line Origine',(9.75,0.,13.)) ;
#71=CARTESIAN_POINT('Axis2P3D Location',(19.5,0.,0.)) ;
#76=CARTESIAN_POINT('Line Origine',(19.5,7.,0.)) ;
#80=CARTESIAN_POINT('Vertex',(19.5,14.,0.)) ;
#83=CARTESIAN_POINT('Line Origine',(19.5,14.,6.5)) ;
#87=CARTESIAN_POINT('Vertex',(19.5,14.,13.)) ;
#90=CARTESIAN_POINT('Line Origine',(19.5,7.,13.)) ;
#102=CARTESIAN_POINT('Axis2P3D Location',(19.5,14.,0.)) ;
#107=CARTESIAN_POINT('Line Origine',(9.75,14.,0.)) ;
#111=CARTESIAN_POINT('Vertex',(0.,14.,0.)) ;
#114=CARTESIAN_POINT('Line Origine',(0.,14.,6.5)) ;
#118=CARTESIAN_POINT('Vertex',(0.,14.,13.)) ;
#121=CARTESIAN_POINT('Line Origine',(9.75,14.,13.)) ;
#133=CARTESIAN_POINT('Axis2P3D Location',(0.,14.,0.)) ;
#138=CARTESIAN_POINT('Line Origine',(0.,7.,0.)) ;
#143=CARTESIAN_POINT('Line Origine',(0.,7.,13.)) ;
#155=CARTESIAN_POINT('Axis2P3D Location',(0.,0.,0.)) ;
#167=CARTESIAN_POINT('Axis2P3D Location',(0.,0.,13.)) ;
#191=CARTESIAN_POINT('Axis2P3D Location',(19.5,0.,0.)) ;
#196=CARTESIAN_POINT('Line Origine',(19.5,0.,6.5)) ;
#200=CARTESIAN_POINT('Vertex',(19.5,0.,0.)) ;
#202=CARTESIAN_POINT('Vertex',(19.5,0.,13.)) ;
#205=CARTESIAN_POINT('Line Origine',(22.,0.,0.)) ;
#209=CARTESIAN_POINT('Vertex',(24.5,0.,0.)) ;
#212=CARTESIAN_POINT('Line Origine',(24.5,0.,6.5)) ;
#216=CARTESIAN_POINT('Vertex',(24.5,0.,13.)) ;
#219=CARTESIAN_POINT('Line Origine',(22.,0.,13.)) ;
#231=CARTESIAN_POINT('Axis2P3D Location',(24.5,0.,0.)) ;
#236=CARTESIAN_POINT('Line Origine',(24.5,7.,0.)) ;
#240=CARTESIAN_POINT('Vertex',(24.5,14.,0.)) ;
#243=CARTESIAN_POINT('Line Origine',(24.5,14.,6.5)) ;
#247=CARTESIAN_POINT('Vertex',(24.5,14.,13.)) ;
#250=CARTESIAN_POINT('Line Origine',(24.5,7.,13.)) ;
#262=CARTESIAN_POINT('Axis2P3D Location',(24.5,14.,0.)) ;
#267=CARTESIAN_POINT('Line Origine',(22.,14.,0.)) ;
#271=CARTESIAN_POINT('Vertex',(19.5,14.,0.)) ;
#274=CARTESIAN_POINT('Line Origine',(19.5,14.,6.5)) ;
#278=CARTESIAN_POINT('Vertex',(19.5,14.,13.)) ;
#281=CARTESIAN_POINT('Line Origine',(22.,14.,13.)) ;
#293=CARTESIAN_POINT('Axis2P3D Location',(19.5,14.,0.)) ;
#298=CARTESIAN_POINT('Line Origine',(19.5,7.,0.)) ;
#303=CARTESIAN_POINT('Line Origine',(19.5,7.,13.)) ;
#315=CARTESIAN_POINT('Axis2P3D Location',(0.,0.,0.)) ;
#327=CARTESIAN_POINT('Axis2P3D Location',(0.,0.,13.)) ;
#342=CARTESIAN_POINT('Axis2P3D Location',(24.5,0.,0.)) ;
#347=CARTESIAN_POINT('Line Origine',(24.5,0.,6.5)) ;
#351=CARTESIAN_POINT('Vertex',(24.5,0.,0.)) ;
#353=CARTESIAN_POINT('Vertex',(24.5,0.,13.)) ;
#356=CARTESIAN_POINT('Line Origine',(175.75,0.,0.)) ;
#360=CARTESIAN_POINT('Vertex',(327.,0.,0.)) ;
#363=CARTESIAN_POINT('Line Origine',(327.,0.,6.5)) ;
#367=CARTESIAN_POINT('Vertex',(327.,0.,13.)) ;
#370=CARTESIAN_POINT('Line Origine',(175.75,0.,13.)) ;
#382=CARTESIAN_POINT('Axis2P3D Location',(327.,4.4408920985E-16,0.)) ;
#387=CARTESIAN_POINT('Line Origine',(327.,7.,0.)) ;
#391=CARTESIAN_POINT('Vertex',(327.,14.,0.)) ;
#394=CARTESIAN_POINT('Line Origine',(327.,14.,6.5)) ;
#398=CARTESIAN_POINT('Vertex',(327.,14.,13.)) ;
#401=CARTESIAN_POINT('Line Origine',(327.,7.,13.)) ;
#413=CARTESIAN_POINT('Axis2P3D Location',(327.,14.,0.)) ;
#418=CARTESIAN_POINT('Line Origine',(175.75,14.,0.)) ;
#422=CARTESIAN_POINT('Vertex',(24.5,14.,0.)) ;
#425=CARTESIAN_POINT('Line Origine',(24.5,14.,6.5)) ;
#429=CARTESIAN_POINT('Vertex',(24.5,14.,13.)) ;
#432=CARTESIAN_POINT('Line Origine',(175.75,14.,13.)) ;
#444=CARTESIAN_POINT('Axis2P3D Location',(24.5,14.,0.)) ;
#449=CARTESIAN_POINT('Line Origine',(24.5,7.,0.)) ;
#454=CARTESIAN_POINT('Line Origine',(24.5,7.,13.)) ;
#466=CARTESIAN_POINT('Axis2P3D Location',(0.,0.,0.)) ;
#478=CARTESIAN_POINT('Axis2P3D Location',(0.,0.,13.)) ;
#493=CARTESIAN_POINT('Axis2P3D Location',(0.,14.,0.)) ;
#498=CARTESIAN_POINT('Line Origine',(0.,14.,6.5)) ;
#502=CARTESIAN_POINT('Vertex',(0.,14.,0.)) ;
#504=CARTESIAN_POINT('Vertex',(0.,14.,13.)) ;
#507=CARTESIAN_POINT('Line Origine',(9.75,14.,0.)) ;
#511=CARTESIAN_POINT('Vertex',(19.5,14.,0.)) ;
#514=CARTESIAN_POINT('Line Origine',(19.5,14.,6.5)) ;
#518=CARTESIAN_POINT('Vertex',(19.5,14.,13.)) ;
#521=CARTESIAN_POINT('Line Origine',(9.75,14.,13.)) ;
#533=CARTESIAN_POINT('Axis2P3D Location',(19.5,14.,0.)) ;
#538=CARTESIAN_POINT('Line Origine',(19.5,16.5,0.)) ;
#542=CARTESIAN_POINT('Vertex',(19.5,19.,0.)) ;
#545=CARTESIAN_POINT('Line Origine',(19.5,19.,6.5)) ;
#549=CARTESIAN_POINT('Vertex',(19.5,19.,13.)) ;
#552=CARTESIAN_POINT('Line Origine',(19.5,16.5,13.)) ;
#564=CARTESIAN_POINT('Axis2P3D Location',(19.5,19.,0.)) ;
#569=CARTESIAN_POINT('Line Origine',(9.75,19.,0.)) ;
#573=CARTESIAN_POINT('Vertex',(0.,19.,0.)) ;
#576=CARTESIAN_POINT('Line Origine',(0.,19.,6.5)) ;
#580=CARTESIAN_POINT('Vertex',(0.,19.,13.)) ;
#583=CARTESIAN_POINT('Line Origine',(9.75,19.,13.)) ;
#595=CARTESIAN_POINT('Axis2P3D Location',(0.,19.,0.)) ;
#600=CARTESIAN_POINT('Line Origine',(0.,16.5,0.)) ;
#605=CARTESIAN_POINT('Line Origine',(0.,16.5,13.)) ;
#617=CARTESIAN_POINT('Axis2P3D Location',(0.,0.,0.)) ;
#629=CARTESIAN_POINT('Axis2P3D Location',(0.,0.,13.)) ;
#644=CARTESIAN_POINT('Axis2P3D Location',(0.,19.,0.)) ;
#649=CARTESIAN_POINT('Line Origine',(0.,19.,6.5)) ;
#653=CARTESIAN_POINT('Vertex',(0.,19.,0.)) ;
#655=CARTESIAN_POINT('Vertex',(0.,19.,13.)) ;
#658=CARTESIAN_POINT('Line Origine',(9.75,19.,0.)) ;
#662=CARTESIAN_POINT('Vertex',(19.5,19.,0.)) ;
#665=CARTESIAN_POINT('Line Origine',(19.5,19.,6.5)) ;
#669=CARTESIAN_POINT('Vertex',(19.5,19.,13.)) ;
#672=CARTESIAN_POINT('Line Origine',(9.75,19.,13.)) ;
#684=CARTESIAN_POINT('Axis2P3D Location',(19.5,19.,0.)) ;
#689=CARTESIAN_POINT('Line Origine',(19.5,120.25,0.)) ;
#693=CARTESIAN_POINT('Vertex',(19.5,221.5,0.)) ;
#696=CARTESIAN_POINT('Line Origine',(19.5,221.5,6.5)) ;
#700=CARTESIAN_POINT('Vertex',(19.5,221.5,13.)) ;
#703=CARTESIAN_POINT('Line Origine',(19.5,120.25,13.)) ;
#715=CARTESIAN_POINT('Axis2P3D Location',(19.5,221.5,0.)) ;
#720=CARTESIAN_POINT('Line Origine',(9.75,221.5,0.)) ;
#724=CARTESIAN_POINT('Vertex',(0.,221.5,0.)) ;
#727=CARTESIAN_POINT('Line Origine',(0.,221.5,6.5)) ;
#731=CARTESIAN_POINT('Vertex',(0.,221.5,13.)) ;
#734=CARTESIAN_POINT('Line Origine',(9.75,221.5,13.)) ;
#746=CARTESIAN_POINT('Axis2P3D Location',(0.,221.5,0.)) ;
#751=CARTESIAN_POINT('Line Origine',(0.,120.25,0.)) ;
#756=CARTESIAN_POINT('Line Origine',(0.,120.25,13.)) ;
#768=CARTESIAN_POINT('Axis2P3D Location',(0.,0.,0.)) ;
#780=CARTESIAN_POINT('Axis2P3D Location',(0.,0.,13.)) ;
#802=CARTESIAN_POINT('Axis2P3D Location',(19.5,14.,0.)) ;
#807=CARTESIAN_POINT('Line Origine',(19.5,14.,6.5)) ;
#811=CARTESIAN_POINT('Vertex',(19.5,14.,0.)) ;
#813=CARTESIAN_POINT('Vertex',(19.5,14.,13.)) ;
#816=CARTESIAN_POINT('Line Origine',(22.,14.,0.)) ;
#820=CARTESIAN_POINT('Vertex',(24.5,14.,0.)) ;
#823=CARTESIAN_POINT('Line Origine',(24.5,14.,6.5)) ;
#827=CARTESIAN_POINT('Vertex',(24.5,14.,13.)) ;
#830=CARTESIAN_POINT('Line Origine',(22.,14.,13.)) ;
#842=CARTESIAN_POINT('Axis2P3D Location',(24.5,14.,0.)) ;
#847=CARTESIAN_POINT('Line Origine',(24.5,16.5,0.)) ;
#851=CARTESIAN_POINT('Vertex',(24.5,19.,0.)) ;
#854=CARTESIAN_POINT('Line Origine',(24.5,19.,6.5)) ;
#858=CARTESIAN_POINT('Vertex',(24.5,19.,13.)) ;
#861=CARTESIAN_POINT('Line Origine',(24.5,16.5,13.)) ;
#873=CARTESIAN_POINT('Axis2P3D Location',(24.5,19.,0.)) ;
#878=CARTESIAN_POINT('Line Origine',(22.,19.,0.)) ;
#882=CARTESIAN_POINT('Vertex',(19.5,19.,0.)) ;
#885=CARTESIAN_POINT('Line Origine',(19.5,19.,6.5)) ;
#889=CARTESIAN_POINT('Vertex',(19.5,19.,13.)) ;
#892=CARTESIAN_POINT('Line Origine',(22.,19.,13.)) ;
#904=CARTESIAN_POINT('Axis2P3D Location',(19.5,19.,0.)) ;
#909=CARTESIAN_POINT('Line Origine',(19.5,16.5,0.)) ;
#914=CARTESIAN_POINT('Line Origine',(19.5,16.5,13.)) ;
#926=CARTESIAN_POINT('Axis2P3D Location',(0.,0.,0.)) ;
#938=CARTESIAN_POINT('Axis2P3D Location',(0.,0.,13.)) ;
#960=CARTESIAN_POINT('Axis2P3D Location',(24.5,19.,0.)) ;
#965=CARTESIAN_POINT('Line Origine',(24.5,19.,6.5)) ;
#969=CARTESIAN_POINT('Vertex',(24.5,19.,0.)) ;
#971=CARTESIAN_POINT('Vertex',(24.5,19.,13.)) ;
#974=CARTESIAN_POINT('Line Origine',(24.5,16.5,0.)) ;
#978=CARTESIAN_POINT('Vertex',(24.5,14.,0.)) ;
#981=CARTESIAN_POINT('Line Origine',(24.5,14.,6.5)) ;
#985=CARTESIAN_POINT('Vertex',(24.5,14.,13.)) ;
#988=CARTESIAN_POINT('Line Origine',(24.5,16.5,13.)) ;
#1000=CARTESIAN_POINT('Axis2P3D Location',(327.,14.,0.)) ;
#1005=CARTESIAN_POINT('Line Origine',(175.75,14.,0.)) ;
#1009=CARTESIAN_POINT('Vertex',(327.,14.,0.)) ;
#1012=CARTESIAN_POINT('Line Origine',(327.,14.,6.5)) ;
#1016=CARTESIAN_POINT('Vertex',(327.,14.,13.)) ;
#1019=CARTESIAN_POINT('Line Origine',(175.75,14.,13.)) ;
#1031=CARTESIAN_POINT('Axis2P3D Location',(327.,14.,0.)) ;
#1036=CARTESIAN_POINT('Line Origine',(327.,16.5,0.)) ;
#1040=CARTESIAN_POINT('Vertex',(327.,19.,0.)) ;
#1043=CARTESIAN_POINT('Line Origine',(327.,19.,6.5)) ;
#1047=CARTESIAN_POINT('Vertex',(327.,19.,13.)) ;
#1050=CARTESIAN_POINT('Line Origine',(327.,16.5,13.)) ;
#1062=CARTESIAN_POINT('Axis2P3D Location',(24.5,19.,0.)) ;
#1067=CARTESIAN_POINT('Line Origine',(175.75,19.,0.)) ;
#1072=CARTESIAN_POINT('Line Origine',(175.75,19.,13.)) ;
#1084=CARTESIAN_POINT('Axis2P3D Location',(0.,0.,0.)) ;
#1096=CARTESIAN_POINT('Axis2P3D Location',(0.,0.,13.)) ;
#1111=CARTESIAN_POINT('Axis2P3D Location',(19.5,19.,0.)) ;
#1116=CARTESIAN_POINT('Line Origine',(19.5,19.,6.5)) ;
#1120=CARTESIAN_POINT('Vertex',(19.5,19.,0.)) ;
#1122=CARTESIAN_POINT('Vertex',(19.5,19.,13.)) ;
#1125=CARTESIAN_POINT('Line Origine',(22.,19.,0.)) ;
#1129=CARTESIAN_POINT('Vertex',(24.5,19.,0.)) ;
#1132=CARTESIAN_POINT('Line Origine',(24.5,19.,6.5)) ;
#1136=CARTESIAN_POINT('Vertex',(24.5,19.,13.)) ;
#1139=CARTESIAN_POINT('Line Origine',(22.,19.,13.)) ;
#1151=CARTESIAN_POINT('Axis2P3D Location',(24.5,19.,0.)) ;
#1156=CARTESIAN_POINT('Line Origine',(24.5,120.25,0.)) ;
#1160=CARTESIAN_POINT('Vertex',(24.5,221.5,0.)) ;
#1163=CARTESIAN_POINT('Line Origine',(24.5,221.5,6.5)) ;
#1167=CARTESIAN_POINT('Vertex',(24.5,221.5,13.)) ;
#1170=CARTESIAN_POINT('Line Origine',(24.5,120.25,13.)) ;
#1182=CARTESIAN_POINT('Axis2P3D Location',(24.5,221.5,0.)) ;
#1187=CARTESIAN_POINT('Line Origine',(22.,221.5,0.)) ;
#1191=CARTESIAN_POINT('Vertex',(19.5,221.5,0.)) ;
#1194=CARTESIAN_POINT('Line Origine',(19.5,221.5,6.5)) ;
#1198=CARTESIAN_POINT('Vertex',(19.5,221.5,13.)) ;
#1201=CARTESIAN_POINT('Line Origine',(22.,221.5,13.)) ;
#1213=CARTESIAN_POINT('Axis2P3D Location',(19.5,221.5,0.)) ;
#1218=CARTESIAN_POINT('Line Origine',(19.5,120.25,0.)) ;
#1223=CARTESIAN_POINT('Line Origine',(19.5,120.25,13.)) ;
#1235=CARTESIAN_POINT('Axis2P3D Location',(0.,0.,0.)) ;
#1247=CARTESIAN_POINT('Axis2P3D Location',(0.,0.,13.)) ;
#1262=CARTESIAN_POINT('Axis2P3D Location',(24.5,19.,0.)) ;
#1267=CARTESIAN_POINT('Line Origine',(24.5,19.,6.5)) ;
#1271=CARTESIAN_POINT('Vertex',(24.5,19.,0.)) ;
#1273=CARTESIAN_POINT('Vertex',(24.5,19.,13.)) ;
#1276=CARTESIAN_POINT('Line Origine',(175.75,19.,0.)) ;
#1280=CARTESIAN_POINT('Vertex',(327.,19.,0.)) ;
#1283=CARTESIAN_POINT('Line Origine',(327.,19.,6.5)) ;
#1287=CARTESIAN_POINT('Vertex',(327.,19.,13.)) ;
#1290=CARTESIAN_POINT('Line Origine',(175.75,19.,13.)) ;
#1302=CARTESIAN_POINT('Axis2P3D Location',(327.,19.,0.)) ;
#1307=CARTESIAN_POINT('Line Origine',(327.,120.25,0.)) ;
#1311=CARTESIAN_POINT('Vertex',(327.,221.5,0.)) ;
#1314=CARTESIAN_POINT('Line Origine',(327.,221.5,6.5)) ;
#1318=CARTESIAN_POINT('Vertex',(327.,221.5,13.)) ;
#1321=CARTESIAN_POINT('Line Origine',(327.,120.25,13.)) ;
#1333=CARTESIAN_POINT('Axis2P3D Location',(327.,221.5,0.)) ;
#1338=CARTESIAN_POINT('Line Origine',(175.75,221.5,0.)) ;
#1342=CARTESIAN_POINT('Vertex',(24.5,221.5,0.)) ;
#1345=CARTESIAN_POINT('Line Origine',(24.5,221.5,6.5)) ;
#1349=CARTESIAN_POINT('Vertex',(24.5,221.5,13.)) ;
#1352=CARTESIAN_POINT('Line Origine',(175.75,221.5,13.)) ;
#1364=CARTESIAN_POINT('Axis2P3D Location',(24.5,221.5,0.)) ;
#1369=CARTESIAN_POINT('Line Origine',(24.5,120.25,0.)) ;
#1374=CARTESIAN_POINT('Line Origine',(24.5,120.25,13.)) ;
#1386=CARTESIAN_POINT('Axis2P3D Location',(0.,0.,0.)) ;
#1398=CARTESIAN_POINT('Axis2P3D Location',(0.,0.,13.)) ;
#1413=CARTESIAN_POINT('Axis2P3D Location',(0.,0.,13.)) ;
#1418=CARTESIAN_POINT('Line Origine',(0.,0.,15.5)) ;
#1422=CARTESIAN_POINT('Vertex',(0.,0.,13.)) ;
#1424=CARTESIAN_POINT('Vertex',(0.,0.,18.)) ;
#1427=CARTESIAN_POINT('Line Origine',(9.75,0.,13.)) ;
#1431=CARTESIAN_POINT('Vertex',(19.5,0.,13.)) ;
#1434=CARTESIAN_POINT('Line Origine',(19.5,0.,15.5)) ;
#1438=CARTESIAN_POINT('Vertex',(19.5,0.,18.)) ;
#1441=CARTESIAN_POINT('Line Origine',(9.75,0.,18.)) ;
#1453=CARTESIAN_POINT('Axis2P3D Location',(19.5,0.,13.)) ;
#1458=CARTESIAN_POINT('Line Origine',(19.5,7.,13.)) ;
#1462=CARTESIAN_POINT('Vertex',(19.5,14.,13.)) ;
#1465=CARTESIAN_POINT('Line Origine',(19.5,14.,15.5)) ;
#1469=CARTESIAN_POINT('Vertex',(19.5,14.,18.)) ;
#1472=CARTESIAN_POINT('Line Origine',(19.5,7.,18.)) ;
#1484=CARTESIAN_POINT('Axis2P3D Location',(19.5,14.,13.)) ;
#1489=CARTESIAN_POINT('Line Origine',(9.75,14.,13.)) ;
#1493=CARTESIAN_POINT('Vertex',(0.,14.,13.)) ;
#1496=CARTESIAN_POINT('Line Origine',(0.,14.,15.5)) ;
#1500=CARTESIAN_POINT('Vertex',(0.,14.,18.)) ;
#1503=CARTESIAN_POINT('Line Origine',(9.75,14.,18.)) ;
#1515=CARTESIAN_POINT('Axis2P3D Location',(0.,14.,13.)) ;
#1520=CARTESIAN_POINT('Line Origine',(0.,7.,13.)) ;
#1525=CARTESIAN_POINT('Line Origine',(0.,7.,18.)) ;
#1537=CARTESIAN_POINT('Axis2P3D Location',(0.,0.,13.)) ;
#1549=CARTESIAN_POINT('Axis2P3D Location',(0.,0.,18.)) ;
#1564=CARTESIAN_POINT('Axis2P3D Location',(19.5,0.,13.)) ;
#1569=CARTESIAN_POINT('Line Origine',(19.5,0.,15.5)) ;
#1573=CARTESIAN_POINT('Vertex',(19.5,0.,13.)) ;
#1575=CARTESIAN_POINT('Vertex',(19.5,0.,18.)) ;
#1578=CARTESIAN_POINT('Line Origine',(22.,0.,13.)) ;
#1582=CARTESIAN_POINT('Vertex',(24.5,0.,13.)) ;
#1585=CARTESIAN_POINT('Line Origine',(24.5,0.,15.5)) ;
#1589=CARTESIAN_POINT('Vertex',(24.5,0.,18.)) ;
#1592=CARTESIAN_POINT('Line Origine',(22.,0.,18.)) ;
#1604=CARTESIAN_POINT('Axis2P3D Location',(24.5,0.,13.)) ;
#1609=CARTESIAN_POINT('Line Origine',(24.5,7.,13.)) ;
#1613=CARTESIAN_POINT('Vertex',(24.5,14.,13.)) ;
#1616=CARTESIAN_POINT('Line Origine',(24.5,14.,15.5)) ;
#1620=CARTESIAN_POINT('Vertex',(24.5,14.,18.)) ;
#1623=CARTESIAN_POINT('Line Origine',(24.5,7.,18.)) ;
#1635=CARTESIAN_POINT('Axis2P3D Location',(24.5,14.,13.)) ;
#1640=CARTESIAN_POINT('Line Origine',(22.,14.,13.)) ;
#1644=CARTESIAN_POINT('Vertex',(19.5,14.,13.)) ;
#1647=CARTESIAN_POINT('Line Origine',(19.5,14.,15.5)) ;
#1651=CARTESIAN_POINT('Vertex',(19.5,14.,18.)) ;
#1654=CARTESIAN_POINT('Line Origine',(22.,14.,18.)) ;
#1666=CARTESIAN_POINT('Axis2P3D Location',(19.5,14.,13.)) ;
#1671=CARTESIAN_POINT('Line Origine',(19.5,7.,13.)) ;
#1676=CARTESIAN_POINT('Line Origine',(19.5,7.,18.)) ;
#1688=CARTESIAN_POINT('Axis2P3D Location',(0.,0.,13.)) ;
#1700=CARTESIAN_POINT('Axis2P3D Location',(0.,0.,18.)) ;
#1715=CARTESIAN_POINT('Axis2P3D Location',(24.5,0.,13.)) ;
#1720=CARTESIAN_POINT('Line Origine',(24.5,0.,15.5)) ;
#1724=CARTESIAN_POINT('Vertex',(24.5,0.,13.)) ;
#1726=CARTESIAN_POINT('Vertex',(24.5,0.,18.)) ;
#1729=CARTESIAN_POINT('Line Origine',(175.75,0.,13.)) ;
#1733=CARTESIAN_POINT('Vertex',(327.,0.,13.)) ;
#1736=CARTESIAN_POINT('Line Origine',(327.,0.,15.5)) ;
#1740=CARTESIAN_POINT('Vertex',(327.,0.,18.)) ;
#1743=CARTESIAN_POINT('Line Origine',(175.75,0.,18.)) ;
#1755=CARTESIAN_POINT('Axis2P3D Location',(327.,4.4408920985E-16,13.)) ;
#1760=CARTESIAN_POINT('Line Origine',(327.,7.,13.)) ;
#1764=CARTESIAN_POINT('Vertex',(327.,14.,13.)) ;
#1767=CARTESIAN_POINT('Line Origine',(327.,14.,15.5)) ;
#1771=CARTESIAN_POINT('Vertex',(327.,14.,18.)) ;
#1774=CARTESIAN_POINT('Line Origine',(327.,7.,18.)) ;
#1786=CARTESIAN_POINT('Axis2P3D Location',(327.,14.,13.)) ;
#1791=CARTESIAN_POINT('Line Origine',(175.75,14.,13.)) ;
#1795=CARTESIAN_POINT('Vertex',(24.5,14.,13.)) ;
#1798=CARTESIAN_POINT('Line Origine',(24.5,14.,15.5)) ;
#1802=CARTESIAN_POINT('Vertex',(24.5,14.,18.)) ;
#1805=CARTESIAN_POINT('Line Origine',(175.75,14.,18.)) ;
#1817=CARTESIAN_POINT('Axis2P3D Location',(24.5,14.,13.)) ;
#1822=CARTESIAN_POINT('Line Origine',(24.5,7.,13.)) ;
#1827=CARTESIAN_POINT('Line Origine',(24.5,7.,18.)) ;
#1839=CARTESIAN_POINT('Axis2P3D Location',(0.,0.,13.)) ;
#1851=CARTESIAN_POINT('Axis2P3D Location',(0.,0.,18.)) ;
#1866=CARTESIAN_POINT('Axis2P3D Location',(0.,14.,13.)) ;
#1871=CARTESIAN_POINT('Line Origine',(0.,14.,15.5)) ;
#1875=CARTESIAN_POINT('Vertex',(0.,14.,13.)) ;
#1877=CARTESIAN_POINT('Vertex',(0.,14.,18.)) ;
#1880=CARTESIAN_POINT('Line Origine',(9.75,14.,13.)) ;
#1884=CARTESIAN_POINT('Vertex',(19.5,14.,13.)) ;
#1887=CARTESIAN_POINT('Line Origine',(19.5,14.,15.5)) ;
#1891=CARTESIAN_POINT('Vertex',(19.5,14.,18.)) ;
#1894=CARTESIAN_POINT('Line Origine',(9.75,14.,18.)) ;
#1906=CARTESIAN_POINT('Axis2P3D Location',(19.5,14.,13.)) ;
#1911=CARTESIAN_POINT('Line Origine',(19.5,16.5,13.)) ;
#1915=CARTESIAN_POINT('Vertex',(19.5,19.,13.)) ;
#1918=CARTESIAN_POINT('Line Origine',(19.5,19.,15.5)) ;
#1922=CARTESIAN_POINT('Vertex',(19.5,19.,18.)) ;
#1925=CARTESIAN_POINT('Line Origine',(19.5,16.5,18.)) ;
#1937=CARTESIAN_POINT('Axis2P3D Location',(19.5,19.,13.)) ;
#1942=CARTESIAN_POINT('Line Origine',(9.75,19.,13.)) ;
#1946=CARTESIAN_POINT('Vertex',(0.,19.,13.)) ;
#1949=CARTESIAN_POINT('Line Origine',(0.,19.,15.5)) ;
#1953=CARTESIAN_POINT('Vertex',(0.,19.,18.)) ;
#1956=CARTESIAN_POINT('Line Origine',(9.75,19.,18.)) ;
#1968=CARTESIAN_POINT('Axis2P3D Location',(0.,19.,13.)) ;
#1973=CARTESIAN_POINT('Line Origine',(0.,16.5,13.)) ;
#1978=CARTESIAN_POINT('Line Origine',(0.,16.5,18.)) ;
#1990=CARTESIAN_POINT('Axis2P3D Location',(0.,0.,13.)) ;
#2002=CARTESIAN_POINT('Axis2P3D Location',(0.,0.,18.)) ;
#2017=CARTESIAN_POINT('Axis2P3D Location',(0.,19.,13.)) ;
#2022=CARTESIAN_POINT('Line Origine',(0.,19.,15.5)) ;
#2026=CARTESIAN_POINT('Vertex',(0.,19.,13.)) ;
#2028=CARTESIAN_POINT('Vertex',(0.,19.,18.)) ;
#2031=CARTESIAN_POINT('Line Origine',(9.75,19.,13.)) ;
#2035=CARTESIAN_POINT('Vertex',(19.5,19.,13.)) ;
#2038=CARTESIAN_POINT('Line Origine',(19.5,19.,15.5)) ;
#2042=CARTESIAN_POINT('Vertex',(19.5,19.,18.)) ;
#2045=CARTESIAN_POINT('Line Origine',(9.75,19.,18.)) ;
#2057=CARTESIAN_POINT('Axis2P3D Location',(19.5,19.,13.)) ;
#2062=CARTESIAN_POINT('Line Origine',(19.5,120.25,13.)) ;
#2066=CARTESIAN_POINT('Vertex',(19.5,221.5,13.)) ;
#2069=CARTESIAN_POINT('Line Origine',(19.5,221.5,15.5)) ;
#2073=CARTESIAN_POINT('Vertex',(19.5,221.5,18.)) ;
#2076=CARTESIAN_POINT('Line Origine',(19.5,120.25,18.)) ;
#2088=CARTESIAN_POINT('Axis2P3D Location',(19.5,221.5,13.)) ;
#2093=CARTESIAN_POINT('Line Origine',(9.75,221.5,13.)) ;
#2097=CARTESIAN_POINT('Vertex',(0.,221.5,13.)) ;
#2100=CARTESIAN_POINT('Line Origine',(0.,221.5,15.5)) ;
#2104=CARTESIAN_POINT('Vertex',(0.,221.5,18.)) ;
#2107=CARTESIAN_POINT('Line Origine',(9.75,221.5,18.)) ;
#2119=CARTESIAN_POINT('Axis2P3D Location',(0.,221.5,13.)) ;
#2124=CARTESIAN_POINT('Line Origine',(0.,120.25,13.)) ;
#2129=CARTESIAN_POINT('Line Origine',(0.,120.25,18.)) ;
#2141=CARTESIAN_POINT('Axis2P3D Location',(0.,0.,13.)) ;
#2153=CARTESIAN_POINT('Axis2P3D Location',(0.,0.,18.)) ;
#2168=CARTESIAN_POINT('Axis2P3D Location',(19.5,14.,13.)) ;
#2173=CARTESIAN_POINT('Line Origine',(19.5,14.,15.5)) ;
#2177=CARTESIAN_POINT('Vertex',(19.5,14.,13.)) ;
#2179=CARTESIAN_POINT('Vertex',(19.5,14.,18.)) ;
#2182=CARTESIAN_POINT('Line Origine',(22.,14.,13.)) ;
#2186=CARTESIAN_POINT('Vertex',(24.5,14.,13.)) ;
#2189=CARTESIAN_POINT('Line Origine',(24.5,14.,15.5)) ;
#2193=CARTESIAN_POINT('Vertex',(24.5,14.,18.)) ;
#2196=CARTESIAN_POINT('Line Origine',(22.,14.,18.)) ;
#2208=CARTESIAN_POINT('Axis2P3D Location',(24.5,14.,13.)) ;
#2213=CARTESIAN_POINT('Line Origine',(24.5,16.5,13.)) ;
#2217=CARTESIAN_POINT('Vertex',(24.5,19.,13.)) ;
#2220=CARTESIAN_POINT('Line Origine',(24.5,19.,15.5)) ;
#2224=CARTESIAN_POINT('Vertex',(24.5,19.,18.)) ;
#2227=CARTESIAN_POINT('Line Origine',(24.5,16.5,18.)) ;
#2239=CARTESIAN_POINT('Axis2P3D Location',(24.5,19.,13.)) ;
#2244=CARTESIAN_POINT('Line Origine',(22.,19.,13.)) ;
#2248=CARTESIAN_POINT('Vertex',(19.5,19.,13.)) ;
#2251=CARTESIAN_POINT('Line Origine',(19.5,19.,15.5)) ;
#2255=CARTESIAN_POINT('Vertex',(19.5,19.,18.)) ;
#2258=CARTESIAN_POINT('Line Origine',(22.,19.,18.)) ;
#2270=CARTESIAN_POINT('Axis2P3D Location',(19.5,19.,13.)) ;
#2275=CARTESIAN_POINT('Line Origine',(19.5,16.5,13.)) ;
#2280=CARTESIAN_POINT('Line Origine',(19.5,16.5,18.)) ;
#2292=CARTESIAN_POINT('Axis2P3D Location',(0.,0.,13.)) ;
#2304=CARTESIAN_POINT('Axis2P3D Location',(0.,0.,18.)) ;
#2319=CARTESIAN_POINT('Axis2P3D Location',(24.5,19.,13.)) ;
#2324=CARTESIAN_POINT('Line Origine',(24.5,19.,15.5)) ;
#2328=CARTESIAN_POINT('Vertex',(24.5,19.,13.)) ;
#2330=CARTESIAN_POINT('Vertex',(24.5,19.,18.)) ;
#2333=CARTESIAN_POINT('Line Origine',(24.5,16.5,13.)) ;
#2337=CARTESIAN_POINT('Vertex',(24.5,14.,13.)) ;
#2340=CARTESIAN_POINT('Line Origine',(24.5,14.,15.5)) ;
#2344=CARTESIAN_POINT('Vertex',(24.5,14.,18.)) ;
#2347=CARTESIAN_POINT('Line Origine',(24.5,16.5,18.)) ;
#2359=CARTESIAN_POINT('Axis2P3D Location',(327.,14.,13.)) ;
#2364=CARTESIAN_POINT('Line Origine',(175.75,14.,13.)) ;
#2368=CARTESIAN_POINT('Vertex',(327.,14.,13.)) ;
#2371=CARTESIAN_POINT('Line Origine',(327.,14.,15.5)) ;
#2375=CARTESIAN_POINT('Vertex',(327.,14.,18.)) ;
#2378=CARTESIAN_POINT('Line Origine',(175.75,14.,18.)) ;
#2390=CARTESIAN_POINT('Axis2P3D Location',(327.,14.,13.)) ;
#2395=CARTESIAN_POINT('Line Origine',(327.,16.5,13.)) ;
#2399=CARTESIAN_POINT('Vertex',(327.,19.,13.)) ;
#2402=CARTESIAN_POINT('Line Origine',(327.,19.,15.5)) ;
#2406=CARTESIAN_POINT('Vertex',(327.,19.,18.)) ;
#2409=CARTESIAN_POINT('Line Origine',(327.,16.5,18.)) ;
#2421=CARTESIAN_POINT('Axis2P3D Location',(24.5,19.,13.)) ;
#2426=CARTESIAN_POINT('Line Origine',(175.75,19.,13.)) ;
#2431=CARTESIAN_POINT('Line Origine',(175.75,19.,18.)) ;
#2443=CARTESIAN_POINT('Axis2P3D Location',(0.,0.,13.)) ;
#2455=CARTESIAN_POINT('Axis2P3D Location',(0.,0.,18.)) ;
#2470=CARTESIAN_POINT('Axis2P3D Location',(19.5,19.,13.)) ;
#2475=CARTESIAN_POINT('Line Origine',(19.5,19.,15.5)) ;
#2479=CARTESIAN_POINT('Vertex',(19.5,19.,13.)) ;
#2481=CARTESIAN_POINT('Vertex',(19.5,19.,18.)) ;
#2484=CARTESIAN_POINT('Line Origine',(22.,19.,13.)) ;
#2488=CARTESIAN_POINT('Vertex',(24.5,19.,13.)) ;
#2491=CARTESIAN_POINT('Line Origine',(24.5,19.,15.5)) ;
#2495=CARTESIAN_POINT('Vertex',(24.5,19.,18.)) ;
#2498=CARTESIAN_POINT('Line Origine',(22.,19.,18.)) ;
#2510=CARTESIAN_POINT('Axis2P3D Location',(24.5,19.,13.)) ;
#2515=CARTESIAN_POINT('Line Origine',(24.5,120.25,13.)) ;
#2519=CARTESIAN_POINT('Vertex',(24.5,221.5,13.)) ;
#2522=CARTESIAN_POINT('Line Origine',(24.5,221.5,15.5)) ;
#2526=CARTESIAN_POINT('Vertex',(24.5,221.5,18.)) ;
#2529=CARTESIAN_POINT('Line Origine',(24.5,120.25,18.)) ;
#2541=CARTESIAN_POINT('Axis2P3D Location',(24.5,221.5,13.)) ;
#2546=CARTESIAN_POINT('Line Origine',(22.,221.5,13.)) ;
#2550=CARTESIAN_POINT('Vertex',(19.5,221.5,13.)) ;
#2553=CARTESIAN_POINT('Line Origine',(19.5,221.5,15.5)) ;
#2557=CARTESIAN_POINT('Vertex',(19.5,221.5,18.)) ;
#2560=CARTESIAN_POINT('Line Origine',(22.,221.5,18.)) ;
#2572=CARTESIAN_POINT('Axis2P3D Location',(19.5,221.5,13.)) ;
#2577=CARTESIAN_POINT('Line Origine',(19.5,120.25,13.)) ;
#2582=CARTESIAN_POINT('Line Origine',(19.5,120.25,18.)) ;
#2594=CARTESIAN_POINT('Axis2P3D Location',(0.,0.,13.)) ;
#2606=CARTESIAN_POINT('Axis2P3D Location',(0.,0.,18.)) ;
#2621=CARTESIAN_POINT('Axis2P3D Location',(24.5,19.,13.)) ;
#2626=CARTESIAN_POINT('Line Origine',(24.5,19.,15.5)) ;
#2630=CARTESIAN_POINT('Vertex',(24.5,19.,13.)) ;
#2632=CARTESIAN_POINT('Vertex',(24.5,19.,18.)) ;
#2635=CARTESIAN_POINT('Line Origine',(175.75,19.,13.)) ;
#2639=CARTESIAN_POINT('Vertex',(327.,19.,13.)) ;
#2642=CARTESIAN_POINT('Line Origine',(327.,19.,15.5)) ;
#2646=CARTESIAN_POINT('Vertex',(327.,19.,18.)) ;
#2649=CARTESIAN_POINT('Line Origine',(175.75,19.,18.)) ;
#2661=CARTESIAN_POINT('Axis2P3D Location',(327.,19.,13.)) ;
#2666=CARTESIAN_POINT('Line Origine',(327.,120.25,13.)) ;
#2670=CARTESIAN_POINT('Vertex',(327.,221.5,13.)) ;
#2673=CARTESIAN_POINT('Line Origine',(327.,221.5,15.5)) ;
#2677=CARTESIAN_POINT('Vertex',(327.,221.5,18.)) ;
#2680=CARTESIAN_POINT('Line Origine',(327.,120.25,18.)) ;
#2692=CARTESIAN_POINT('Axis2P3D Location',(327.,221.5,13.)) ;
#2697=CARTESIAN_POINT('Line Origine',(175.75,221.5,13.)) ;
#2701=CARTESIAN_POINT('Vertex',(24.5,221.5,13.)) ;
#2704=CARTESIAN_POINT('Line Origine',(24.5,221.5,15.5)) ;
#2708=CARTESIAN_POINT('Vertex',(24.5,221.5,18.)) ;
#2711=CARTESIAN_POINT('Line Origine',(175.75,221.5,18.)) ;
#2723=CARTESIAN_POINT('Axis2P3D Location',(24.5,221.5,13.)) ;
#2728=CARTESIAN_POINT('Line Origine',(24.5,120.25,13.)) ;
#2733=CARTESIAN_POINT('Line Origine',(24.5,120.25,18.)) ;
#2745=CARTESIAN_POINT('Axis2P3D Location',(0.,0.,13.)) ;
#2757=CARTESIAN_POINT('Axis2P3D Location',(0.,0.,18.)) ;
#2772=CARTESIAN_POINT('Axis2P3D Location',(0.,0.,18.)) ;
#2777=CARTESIAN_POINT('Line Origine',(0.,0.,180.5)) ;
#2781=CARTESIAN_POINT('Vertex',(0.,0.,18.)) ;
#2783=CARTESIAN_POINT('Vertex',(0.,0.,343.)) ;
#2786=CARTESIAN_POINT('Line Origine',(9.75,0.,18.)) ;
#2790=CARTESIAN_POINT('Vertex',(19.5,0.,18.)) ;
#2793=CARTESIAN_POINT('Line Origine',(19.5,0.,180.5)) ;
#2797=CARTESIAN_POINT('Vertex',(19.5,0.,343.)) ;
#2800=CARTESIAN_POINT('Line Origine',(9.75,0.,343.)) ;
#2812=CARTESIAN_POINT('Axis2P3D Location',(19.5,0.,18.)) ;
#2817=CARTESIAN_POINT('Line Origine',(19.5,7.,18.)) ;
#2821=CARTESIAN_POINT('Vertex',(19.5,14.,18.)) ;
#2824=CARTESIAN_POINT('Line Origine',(19.5,14.,180.5)) ;
#2828=CARTESIAN_POINT('Vertex',(19.5,14.,343.)) ;
#2831=CARTESIAN_POINT('Line Origine',(19.5,7.,343.)) ;
#2843=CARTESIAN_POINT('Axis2P3D Location',(19.5,14.,18.)) ;
#2848=CARTESIAN_POINT('Line Origine',(9.75,14.,18.)) ;
#2852=CARTESIAN_POINT('Vertex',(0.,14.,18.)) ;
#2855=CARTESIAN_POINT('Line Origine',(0.,14.,180.5)) ;
#2859=CARTESIAN_POINT('Vertex',(0.,14.,343.)) ;
#2862=CARTESIAN_POINT('Line Origine',(9.75,14.,343.)) ;
#2874=CARTESIAN_POINT('Axis2P3D Location',(0.,14.,18.)) ;
#2879=CARTESIAN_POINT('Line Origine',(0.,7.,18.)) ;
#2884=CARTESIAN_POINT('Line Origine',(0.,7.,343.)) ;
#2896=CARTESIAN_POINT('Axis2P3D Location',(0.,0.,18.)) ;
#2908=CARTESIAN_POINT('Axis2P3D Location',(0.,0.,343.)) ;
#2923=CARTESIAN_POINT('Axis2P3D Location',(19.5,0.,18.)) ;
#2928=CARTESIAN_POINT('Line Origine',(19.5,0.,180.5)) ;
#2932=CARTESIAN_POINT('Vertex',(19.5,0.,18.)) ;
#2934=CARTESIAN_POINT('Vertex',(19.5,0.,343.)) ;
#2937=CARTESIAN_POINT('Line Origine',(22.,0.,18.)) ;
#2941=CARTESIAN_POINT('Vertex',(24.5,0.,18.)) ;
#2944=CARTESIAN_POINT('Line Origine',(24.5,0.,180.5)) ;
#2948=CARTESIAN_POINT('Vertex',(24.5,0.,343.)) ;
#2951=CARTESIAN_POINT('Line Origine',(22.,0.,343.)) ;
#2963=CARTESIAN_POINT('Axis2P3D Location',(24.5,0.,18.)) ;
#2968=CARTESIAN_POINT('Line Origine',(24.5,7.,18.)) ;
#2972=CARTESIAN_POINT('Vertex',(24.5,14.,18.)) ;
#2975=CARTESIAN_POINT('Line Origine',(24.5,14.,180.5)) ;
#2979=CARTESIAN_POINT('Vertex',(24.5,14.,343.)) ;
#2982=CARTESIAN_POINT('Line Origine',(24.5,7.,343.)) ;
#2994=CARTESIAN_POINT('Axis2P3D Location',(24.5,14.,18.)) ;
#2999=CARTESIAN_POINT('Line Origine',(22.,14.,18.)) ;
#3003=CARTESIAN_POINT('Vertex',(19.5,14.,18.)) ;
#3006=CARTESIAN_POINT('Line Origine',(19.5,14.,180.5)) ;
#3010=CARTESIAN_POINT('Vertex',(19.5,14.,343.)) ;
#3013=CARTESIAN_POINT('Line Origine',(22.,14.,343.)) ;
#3025=CARTESIAN_POINT('Axis2P3D Location',(19.5,14.,18.)) ;
#3030=CARTESIAN_POINT('Line Origine',(19.5,7.,18.)) ;
#3035=CARTESIAN_POINT('Line Origine',(19.5,7.,343.)) ;
#3047=CARTESIAN_POINT('Axis2P3D Location',(0.,0.,18.)) ;
#3059=CARTESIAN_POINT('Axis2P3D Location',(0.,0.,343.)) ;
#3074=CARTESIAN_POINT('Axis2P3D Location',(24.5,0.,18.)) ;
#3079=CARTESIAN_POINT('Line Origine',(24.5,0.,180.5)) ;
#3083=CARTESIAN_POINT('Vertex',(24.5,0.,18.)) ;
#3085=CARTESIAN_POINT('Vertex',(24.5,0.,343.)) ;
#3088=CARTESIAN_POINT('Line Origine',(175.75,0.,18.)) ;
#3092=CARTESIAN_POINT('Vertex',(327.,0.,18.)) ;
#3095=CARTESIAN_POINT('Line Origine',(327.,0.,180.5)) ;
#3099=CARTESIAN_POINT('Vertex',(327.,0.,343.)) ;
#3102=CARTESIAN_POINT('Line Origine',(175.75,0.,343.)) ;
#3114=CARTESIAN_POINT('Axis2P3D Location',(327.,4.4408920985E-16,18.)) ;
#3119=CARTESIAN_POINT('Line Origine',(327.,7.,18.)) ;
#3123=CARTESIAN_POINT('Vertex',(327.,14.,18.)) ;
#3126=CARTESIAN_POINT('Line Origine',(327.,14.,180.5)) ;
#3130=CARTESIAN_POINT('Vertex',(327.,14.,343.)) ;
#3133=CARTESIAN_POINT('Line Origine',(327.,7.,343.)) ;
#3145=CARTESIAN_POINT('Axis2P3D Location',(327.,14.,18.)) ;
#3150=CARTESIAN_POINT('Line Origine',(175.75,14.,18.)) ;
#3154=CARTESIAN_POINT('Vertex',(24.5,14.,18.)) ;
#3157=CARTESIAN_POINT('Line Origine',(24.5,14.,180.5)) ;
#3161=CARTESIAN_POINT('Vertex',(24.5,14.,343.)) ;
#3164=CARTESIAN_POINT('Line Origine',(175.75,14.,343.)) ;
#3176=CARTESIAN_POINT('Axis2P3D Location',(24.5,14.,18.)) ;
#3181=CARTESIAN_POINT('Line Origine',(24.5,7.,18.)) ;
#3186=CARTESIAN_POINT('Line Origine',(24.5,7.,343.)) ;
#3198=CARTESIAN_POINT('Axis2P3D Location',(0.,0.,18.)) ;
#3210=CARTESIAN_POINT('Axis2P3D Location',(0.,0.,343.)) ;
#3225=CARTESIAN_POINT('Axis2P3D Location',(0.,14.,18.)) ;
#3230=CARTESIAN_POINT('Line Origine',(0.,14.,180.5)) ;
#3234=CARTESIAN_POINT('Vertex',(0.,14.,18.)) ;
#3236=CARTESIAN_POINT('Vertex',(0.,14.,343.)) ;
#3239=CARTESIAN_POINT('Line Origine',(9.75,14.,18.)) ;
#3243=CARTESIAN_POINT('Vertex',(19.5,14.,18.)) ;
#3246=CARTESIAN_POINT('Line Origine',(19.5,14.,180.5)) ;
#3250=CARTESIAN_POINT('Vertex',(19.5,14.,343.)) ;
#3253=CARTESIAN_POINT('Line Origine',(9.75,14.,343.)) ;
#3265=CARTESIAN_POINT('Axis2P3D Location',(19.5,14.,18.)) ;
#3270=CARTESIAN_POINT('Line Origine',(19.5,16.5,18.)) ;
#3274=CARTESIAN_POINT('Vertex',(19.5,19.,18.)) ;
#3277=CARTESIAN_POINT('Line Origine',(19.5,19.,180.5)) ;
#3281=CARTESIAN_POINT('Vertex',(19.5,19.,343.)) ;
#3284=CARTESIAN_POINT('Line Origine',(19.5,16.5,343.)) ;
#3296=CARTESIAN_POINT('Axis2P3D Location',(19.5,19.,18.)) ;
#3301=CARTESIAN_POINT('Line Origine',(9.75,19.,18.)) ;
#3305=CARTESIAN_POINT('Vertex',(0.,19.,18.)) ;
#3308=CARTESIAN_POINT('Line Origine',(0.,19.,180.5)) ;
#3312=CARTESIAN_POINT('Vertex',(0.,19.,343.)) ;
#3315=CARTESIAN_POINT('Line Origine',(9.75,19.,343.)) ;
#3327=CARTESIAN_POINT('Axis2P3D Location',(0.,19.,18.)) ;
#3332=CARTESIAN_POINT('Line Origine',(0.,16.5,18.)) ;
#3337=CARTESIAN_POINT('Line Origine',(0.,16.5,343.)) ;
#3349=CARTESIAN_POINT('Axis2P3D Location',(0.,0.,18.)) ;
#3361=CARTESIAN_POINT('Axis2P3D Location',(0.,0.,343.)) ;
#3376=CARTESIAN_POINT('Axis2P3D Location',(0.,19.,18.)) ;
#3381=CARTESIAN_POINT('Line Origine',(0.,19.,180.5)) ;
#3385=CARTESIAN_POINT('Vertex',(0.,19.,18.)) ;
#3387=CARTESIAN_POINT('Vertex',(0.,19.,343.)) ;
#3390=CARTESIAN_POINT('Line Origine',(9.75,19.,18.)) ;
#3394=CARTESIAN_POINT('Vertex',(19.5,19.,18.)) ;
#3397=CARTESIAN_POINT('Line Origine',(19.5,19.,180.5)) ;
#3401=CARTESIAN_POINT('Vertex',(19.5,19.,343.)) ;
#3404=CARTESIAN_POINT('Line Origine',(9.75,19.,343.)) ;
#3416=CARTESIAN_POINT('Axis2P3D Location',(19.5,19.,18.)) ;
#3421=CARTESIAN_POINT('Line Origine',(19.5,120.25,18.)) ;
#3425=CARTESIAN_POINT('Vertex',(19.5,221.5,18.)) ;
#3428=CARTESIAN_POINT('Line Origine',(19.5,221.5,180.5)) ;
#3432=CARTESIAN_POINT('Vertex',(19.5,221.5,343.)) ;
#3435=CARTESIAN_POINT('Line Origine',(19.5,120.25,343.)) ;
#3447=CARTESIAN_POINT('Axis2P3D Location',(19.5,221.5,18.)) ;
#3452=CARTESIAN_POINT('Line Origine',(9.75,221.5,18.)) ;
#3456=CARTESIAN_POINT('Vertex',(0.,221.5,18.)) ;
#3459=CARTESIAN_POINT('Line Origine',(0.,221.5,180.5)) ;
#3463=CARTESIAN_POINT('Vertex',(0.,221.5,343.)) ;
#3466=CARTESIAN_POINT('Line Origine',(9.75,221.5,343.)) ;
#3478=CARTESIAN_POINT('Axis2P3D Location',(0.,221.5,18.)) ;
#3483=CARTESIAN_POINT('Line Origine',(0.,120.25,18.)) ;
#3488=CARTESIAN_POINT('Line Origine',(0.,120.25,343.)) ;
#3500=CARTESIAN_POINT('Axis2P3D Location',(0.,0.,18.)) ;
#3512=CARTESIAN_POINT('Axis2P3D Location',(0.,0.,343.)) ;
#3527=CARTESIAN_POINT('Axis2P3D Location',(19.5,14.,18.)) ;
#3532=CARTESIAN_POINT('Line Origine',(19.5,14.,180.5)) ;
#3536=CARTESIAN_POINT('Vertex',(19.5,14.,18.)) ;
#3538=CARTESIAN_POINT('Vertex',(19.5,14.,343.)) ;
#3541=CARTESIAN_POINT('Line Origine',(22.,14.,18.)) ;
#3545=CARTESIAN_POINT('Vertex',(24.5,14.,18.)) ;
#3548=CARTESIAN_POINT('Line Origine',(24.5,14.,180.5)) ;
#3552=CARTESIAN_POINT('Vertex',(24.5,14.,343.)) ;
#3555=CARTESIAN_POINT('Line Origine',(22.,14.,343.)) ;
#3567=CARTESIAN_POINT('Axis2P3D Location',(24.5,14.,18.)) ;
#3572=CARTESIAN_POINT('Line Origine',(24.5,16.5,18.)) ;
#3576=CARTESIAN_POINT('Vertex',(24.5,19.,18.)) ;
#3579=CARTESIAN_POINT('Line Origine',(24.5,19.,180.5)) ;
#3583=CARTESIAN_POINT('Vertex',(24.5,19.,343.)) ;
#3586=CARTESIAN_POINT('Line Origine',(24.5,16.5,343.)) ;
#3598=CARTESIAN_POINT('Axis2P3D Location',(24.5,19.,18.)) ;
#3603=CARTESIAN_POINT('Line Origine',(22.,19.,18.)) ;
#3607=CARTESIAN_POINT('Vertex',(19.5,19.,18.)) ;
#3610=CARTESIAN_POINT('Line Origine',(19.5,19.,180.5)) ;
#3614=CARTESIAN_POINT('Vertex',(19.5,19.,343.)) ;
#3617=CARTESIAN_POINT('Line Origine',(22.,19.,343.)) ;
#3629=CARTESIAN_POINT('Axis2P3D Location',(19.5,19.,18.)) ;
#3634=CARTESIAN_POINT('Line Origine',(19.5,16.5,18.)) ;
#3639=CARTESIAN_POINT('Line Origine',(19.5,16.5,343.)) ;
#3651=CARTESIAN_POINT('Axis2P3D Location',(0.,0.,18.)) ;
#3663=CARTESIAN_POINT('Axis2P3D Location',(0.,0.,343.)) ;
#3678=CARTESIAN_POINT('Axis2P3D Location',(24.5,19.,18.)) ;
#3683=CARTESIAN_POINT('Line Origine',(24.5,19.,180.5)) ;
#3687=CARTESIAN_POINT('Vertex',(24.5,19.,18.)) ;
#3689=CARTESIAN_POINT('Vertex',(24.5,19.,343.)) ;
#3692=CARTESIAN_POINT('Line Origine',(24.5,16.5,18.)) ;
#3696=CARTESIAN_POINT('Vertex',(24.5,14.,18.)) ;
#3699=CARTESIAN_POINT('Line Origine',(24.5,14.,180.5)) ;
#3703=CARTESIAN_POINT('Vertex',(24.5,14.,343.)) ;
#3706=CARTESIAN_POINT('Line Origine',(24.5,16.5,343.)) ;
#3718=CARTESIAN_POINT('Axis2P3D Location',(327.,14.,18.)) ;
#3723=CARTESIAN_POINT('Line Origine',(175.75,14.,18.)) ;
#3727=CARTESIAN_POINT('Vertex',(327.,14.,18.)) ;
#3730=CARTESIAN_POINT('Line Origine',(327.,14.,180.5)) ;
#3734=CARTESIAN_POINT('Vertex',(327.,14.,343.)) ;
#3737=CARTESIAN_POINT('Line Origine',(175.75,14.,343.)) ;
#3749=CARTESIAN_POINT('Axis2P3D Location',(327.,14.,18.)) ;
#3754=CARTESIAN_POINT('Line Origine',(327.,16.5,18.)) ;
#3758=CARTESIAN_POINT('Vertex',(327.,19.,18.)) ;
#3761=CARTESIAN_POINT('Line Origine',(327.,19.,180.5)) ;
#3765=CARTESIAN_POINT('Vertex',(327.,19.,343.)) ;
#3768=CARTESIAN_POINT('Line Origine',(327.,16.5,343.)) ;
#3780=CARTESIAN_POINT('Axis2P3D Location',(24.5,19.,18.)) ;
#3785=CARTESIAN_POINT('Line Origine',(175.75,19.,18.)) ;
#3790=CARTESIAN_POINT('Line Origine',(175.75,19.,343.)) ;
#3802=CARTESIAN_POINT('Axis2P3D Location',(0.,0.,18.)) ;
#3814=CARTESIAN_POINT('Axis2P3D Location',(0.,0.,343.)) ;
#3829=CARTESIAN_POINT('Axis2P3D Location',(19.5,19.,18.)) ;
#3834=CARTESIAN_POINT('Line Origine',(19.5,19.,180.5)) ;
#3838=CARTESIAN_POINT('Vertex',(19.5,19.,18.)) ;
#3840=CARTESIAN_POINT('Vertex',(19.5,19.,343.)) ;
#3843=CARTESIAN_POINT('Line Origine',(22.,19.,18.)) ;
#3847=CARTESIAN_POINT('Vertex',(24.5,19.,18.)) ;
#3850=CARTESIAN_POINT('Line Origine',(24.5,19.,180.5)) ;
#3854=CARTESIAN_POINT('Vertex',(24.5,19.,343.)) ;
#3857=CARTESIAN_POINT('Line Origine',(22.,19.,343.)) ;
#3869=CARTESIAN_POINT('Axis2P3D Location',(24.5,19.,18.)) ;
#3874=CARTESIAN_POINT('Line Origine',(24.5,120.25,18.)) ;
#3878=CARTESIAN_POINT('Vertex',(24.5,221.5,18.)) ;
#3881=CARTESIAN_POINT('Line Origine',(24.5,221.5,180.5)) ;
#3885=CARTESIAN_POINT('Vertex',(24.5,221.5,343.)) ;
#3888=CARTESIAN_POINT('Line Origine',(24.5,120.25,343.)) ;
#3900=CARTESIAN_POINT('Axis2P3D Location',(24.5,221.5,18.)) ;
#3905=CARTESIAN_POINT('Line Origine',(22.,221.5,18.)) ;
#3909=CARTESIAN_POINT('Vertex',(19.5,221.5,18.)) ;
#3912=CARTESIAN_POINT('Line Origine',(19.5,221.5,180.5)) ;
#3916=CARTESIAN_POINT('Vertex',(19.5,221.5,343.)) ;
#3919=CARTESIAN_POINT('Line Origine',(22.,221.5,343.)) ;
#3931=CARTESIAN_POINT('Axis2P3D Location',(19.5,221.5,18.)) ;
#3936=CARTESIAN_POINT('Line Origine',(19.5,120.25,18.)) ;
#3941=CARTESIAN_POINT('Line Origine',(19.5,120.25,343.)) ;
#3953=CARTESIAN_POINT('Axis2P3D Location',(0.,0.,18.)) ;
#3965=CARTESIAN_POINT('Axis2P3D Location',(0.,0.,343.)) ;
#3980=CARTESIAN_POINT('Axis2P3D Location',(0.,0.,343.)) ;
#3985=CARTESIAN_POINT('Line Origine',(0.,0.,352.5)) ;
#3989=CARTESIAN_POINT('Vertex',(0.,0.,343.)) ;
#3991=CARTESIAN_POINT('Vertex',(0.,0.,362.)) ;
#3994=CARTESIAN_POINT('Line Origine',(9.75,0.,343.)) ;
#3998=CARTESIAN_POINT('Vertex',(19.5,0.,343.)) ;
#4001=CARTESIAN_POINT('Line Origine',(19.5,0.,352.5)) ;
#4005=CARTESIAN_POINT('Vertex',(19.5,0.,362.)) ;
#4008=CARTESIAN_POINT('Line Origine',(9.75,0.,362.)) ;
#4020=CARTESIAN_POINT('Axis2P3D Location',(19.5,0.,343.)) ;
#4025=CARTESIAN_POINT('Line Origine',(19.5,7.,343.)) ;
#4029=CARTESIAN_POINT('Vertex',(19.5,14.,343.)) ;
#4032=CARTESIAN_POINT('Line Origine',(19.5,14.,352.5)) ;
#4036=CARTESIAN_POINT('Vertex',(19.5,14.,362.)) ;
#4039=CARTESIAN_POINT('Line Origine',(19.5,7.,362.)) ;
#4051=CARTESIAN_POINT('Axis2P3D Location',(19.5,14.,343.)) ;
#4056=CARTESIAN_POINT('Line Origine',(9.75,14.,343.)) ;
#4060=CARTESIAN_POINT('Vertex',(0.,14.,343.)) ;
#4063=CARTESIAN_POINT('Line Origine',(0.,14.,352.5)) ;
#4067=CARTESIAN_POINT('Vertex',(0.,14.,362.)) ;
#4070=CARTESIAN_POINT('Line Origine',(9.75,14.,362.)) ;
#4082=CARTESIAN_POINT('Axis2P3D Location',(0.,14.,343.)) ;
#4087=CARTESIAN_POINT('Line Origine',(0.,7.,343.)) ;
#4092=CARTESIAN_POINT('Line Origine',(0.,7.,362.)) ;
#4104=CARTESIAN_POINT('Axis2P3D Location',(0.,0.,343.)) ;
#4116=CARTESIAN_POINT('Axis2P3D Location',(0.,0.,362.)) ;
#4131=CARTESIAN_POINT('Axis2P3D Location',(19.5,0.,343.)) ;
#4136=CARTESIAN_POINT('Line Origine',(19.5,0.,352.5)) ;
#4140=CARTESIAN_POINT('Vertex',(19.5,0.,343.)) ;
#4142=CARTESIAN_POINT('Vertex',(19.5,0.,362.)) ;
#4145=CARTESIAN_POINT('Line Origine',(22.,0.,343.)) ;
#4149=CARTESIAN_POINT('Vertex',(24.5,0.,343.)) ;
#4152=CARTESIAN_POINT('Line Origine',(24.5,0.,352.5)) ;
#4156=CARTESIAN_POINT('Vertex',(24.5,0.,362.)) ;
#4159=CARTESIAN_POINT('Line Origine',(22.,0.,362.)) ;
#4171=CARTESIAN_POINT('Axis2P3D Location',(24.5,0.,343.)) ;
#4176=CARTESIAN_POINT('Line Origine',(24.5,7.,343.)) ;
#4180=CARTESIAN_POINT('Vertex',(24.5,14.,343.)) ;
#4183=CARTESIAN_POINT('Line Origine',(24.5,14.,352.5)) ;
#4187=CARTESIAN_POINT('Vertex',(24.5,14.,362.)) ;
#4190=CARTESIAN_POINT('Line Origine',(24.5,7.,362.)) ;
#4202=CARTESIAN_POINT('Axis2P3D Location',(24.5,14.,343.)) ;
#4207=CARTESIAN_POINT('Line Origine',(22.,14.,343.)) ;
#4211=CARTESIAN_POINT('Vertex',(19.5,14.,343.)) ;
#4214=CARTESIAN_POINT('Line Origine',(19.5,14.,352.5)) ;
#4218=CARTESIAN_POINT('Vertex',(19.5,14.,362.)) ;
#4221=CARTESIAN_POINT('Line Origine',(22.,14.,362.)) ;
#4233=CARTESIAN_POINT('Axis2P3D Location',(19.5,14.,343.)) ;
#4238=CARTESIAN_POINT('Line Origine',(19.5,7.,343.)) ;
#4243=CARTESIAN_POINT('Line Origine',(19.5,7.,362.)) ;
#4255=CARTESIAN_POINT('Axis2P3D Location',(0.,0.,343.)) ;
#4267=CARTESIAN_POINT('Axis2P3D Location',(0.,0.,362.)) ;
#4282=CARTESIAN_POINT('Axis2P3D Location',(24.5,0.,343.)) ;
#4287=CARTESIAN_POINT('Line Origine',(24.5,0.,352.5)) ;
#4291=CARTESIAN_POINT('Vertex',(24.5,0.,343.)) ;
#4293=CARTESIAN_POINT('Vertex',(24.5,0.,362.)) ;
#4296=CARTESIAN_POINT('Line Origine',(175.75,0.,343.)) ;
#4300=CARTESIAN_POINT('Vertex',(327.,0.,343.)) ;
#4303=CARTESIAN_POINT('Line Origine',(327.,0.,352.5)) ;
#4307=CARTESIAN_POINT('Vertex',(327.,0.,362.)) ;
#4310=CARTESIAN_POINT('Line Origine',(175.75,0.,362.)) ;
#4322=CARTESIAN_POINT('Axis2P3D Location',(327.,4.4408920985E-16,343.)) ;
#4327=CARTESIAN_POINT('Line Origine',(327.,7.,343.)) ;
#4331=CARTESIAN_POINT('Vertex',(327.,14.,343.)) ;
#4334=CARTESIAN_POINT('Line Origine',(327.,14.,352.5)) ;
#4338=CARTESIAN_POINT('Vertex',(327.,14.,362.)) ;
#4341=CARTESIAN_POINT('Line Origine',(327.,7.,362.)) ;
#4353=CARTESIAN_POINT('Axis2P3D Location',(327.,14.,343.)) ;
#4358=CARTESIAN_POINT('Line Origine',(175.75,14.,343.)) ;
#4362=CARTESIAN_POINT('Vertex',(24.5,14.,343.)) ;
#4365=CARTESIAN_POINT('Line Origine',(24.5,14.,352.5)) ;
#4369=CARTESIAN_POINT('Vertex',(24.5,14.,362.)) ;
#4372=CARTESIAN_POINT('Line Origine',(175.75,14.,362.)) ;
#4384=CARTESIAN_POINT('Axis2P3D Location',(24.5,14.,343.)) ;
#4389=CARTESIAN_POINT('Line Origine',(24.5,7.,343.)) ;
#4394=CARTESIAN_POINT('Line Origine',(24.5,7.,362.)) ;
#4406=CARTESIAN_POINT('Axis2P3D Location',(0.,0.,343.)) ;
#4418=CARTESIAN_POINT('Axis2P3D Location',(0.,0.,362.)) ;
#4433=CARTESIAN_POINT('Axis2P3D Location',(0.,14.,343.)) ;
#4438=CARTESIAN_POINT('Line Origine',(0.,14.,352.5)) ;
#4442=CARTESIAN_POINT('Vertex',(0.,14.,343.)) ;
#4444=CARTESIAN_POINT('Vertex',(0.,14.,362.)) ;
#4447=CARTESIAN_POINT('Line Origine',(9.75,14.,343.)) ;
#4451=CARTESIAN_POINT('Vertex',(19.5,14.,343.)) ;
#4454=CARTESIAN_POINT('Line Origine',(19.5,14.,352.5)) ;
#4458=CARTESIAN_POINT('Vertex',(19.5,14.,362.)) ;
#4461=CARTESIAN_POINT('Line Origine',(9.75,14.,362.)) ;
#4473=CARTESIAN_POINT('Axis2P3D Location',(19.5,14.,343.)) ;
#4478=CARTESIAN_POINT('Line Origine',(19.5,16.5,343.)) ;
#4482=CARTESIAN_POINT('Vertex',(19.5,19.,343.)) ;
#4485=CARTESIAN_POINT('Line Origine',(19.5,19.,352.5)) ;
#4489=CARTESIAN_POINT('Vertex',(19.5,19.,362.)) ;
#4492=CARTESIAN_POINT('Line Origine',(19.5,16.5,362.)) ;
#4504=CARTESIAN_POINT('Axis2P3D Location',(19.5,19.,343.)) ;
#4509=CARTESIAN_POINT('Line Origine',(9.75,19.,343.)) ;
#4513=CARTESIAN_POINT('Vertex',(0.,19.,343.)) ;
#4516=CARTESIAN_POINT('Line Origine',(0.,19.,352.5)) ;
#4520=CARTESIAN_POINT('Vertex',(0.,19.,362.)) ;
#4523=CARTESIAN_POINT('Line Origine',(9.75,19.,362.)) ;
#4535=CARTESIAN_POINT('Axis2P3D Location',(0.,19.,343.)) ;
#4540=CARTESIAN_POINT('Line Origine',(0.,16.5,343.)) ;
#4545=CARTESIAN_POINT('Line Origine',(0.,16.5,362.)) ;
#4557=CARTESIAN_POINT('Axis2P3D Location',(0.,0.,343.)) ;
#4569=CARTESIAN_POINT('Axis2P3D Location',(0.,0.,362.)) ;
#4584=CARTESIAN_POINT('Axis2P3D Location',(0.,19.,343.)) ;
#4589=CARTESIAN_POINT('Line Origine',(0.,19.,352.5)) ;
#4593=CARTESIAN_POINT('Vertex',(0.,19.,343.)) ;
#4595=CARTESIAN_POINT('Vertex',(0.,19.,362.)) ;
#4598=CARTESIAN_POINT('Line Origine',(9.75,19.,343.)) ;
#4602=CARTESIAN_POINT('Vertex',(19.5,19.,343.)) ;
#4605=CARTESIAN_POINT('Line Origine',(19.5,19.,352.5)) ;
#4609=CARTESIAN_POINT('Vertex',(19.5,19.,362.)) ;
#4612=CARTESIAN_POINT('Line Origine',(9.75,19.,362.)) ;
#4624=CARTESIAN_POINT('Axis2P3D Location',(19.5,19.,343.)) ;
#4629=CARTESIAN_POINT('Line Origine',(19.5,120.25,343.)) ;
#4633=CARTESIAN_POINT('Vertex',(19.5,221.5,343.)) ;
#4636=CARTESIAN_POINT('Line Origine',(19.5,221.5,352.5)) ;
#4640=CARTESIAN_POINT('Vertex',(19.5,221.5,362.)) ;
#4643=CARTESIAN_POINT('Line Origine',(19.5,120.25,362.)) ;
#4655=CARTESIAN_POINT('Axis2P3D Location',(19.5,221.5,343.)) ;
#4660=CARTESIAN_POINT('Line Origine',(9.75,221.5,343.)) ;
#4664=CARTESIAN_POINT('Vertex',(0.,221.5,343.)) ;
#4667=CARTESIAN_POINT('Line Origine',(0.,221.5,352.5)) ;
#4671=CARTESIAN_POINT('Vertex',(0.,221.5,362.)) ;
#4674=CARTESIAN_POINT('Line Origine',(9.75,221.5,362.)) ;
#4686=CARTESIAN_POINT('Axis2P3D Location',(0.,221.5,343.)) ;
#4691=CARTESIAN_POINT('Line Origine',(0.,120.25,343.)) ;
#4696=CARTESIAN_POINT('Line Origine',(0.,120.25,362.)) ;
#4708=CARTESIAN_POINT('Axis2P3D Location',(0.,0.,343.)) ;
#4720=CARTESIAN_POINT('Axis2P3D Location',(0.,0.,362.)) ;
#4735=CARTESIAN_POINT('Axis2P3D Location',(19.5,14.,343.)) ;
#4740=CARTESIAN_POINT('Line Origine',(19.5,14.,352.5)) ;
#4744=CARTESIAN_POINT('Vertex',(19.5,14.,343.)) ;
#4746=CARTESIAN_POINT('Vertex',(19.5,14.,362.)) ;
#4749=CARTESIAN_POINT('Line Origine',(22.,14.,343.)) ;
#4753=CARTESIAN_POINT('Vertex',(24.5,14.,343.)) ;
#4756=CARTESIAN_POINT('Line Origine',(24.5,14.,352.5)) ;
#4760=CARTESIAN_POINT('Vertex',(24.5,14.,362.)) ;
#4763=CARTESIAN_POINT('Line Origine',(22.,14.,362.)) ;
#4775=CARTESIAN_POINT('Axis2P3D Location',(24.5,14.,343.)) ;
#4780=CARTESIAN_POINT('Line Origine',(24.5,16.5,343.)) ;
#4784=CARTESIAN_POINT('Vertex',(24.5,19.,343.)) ;
#4787=CARTESIAN_POINT('Line Origine',(24.5,19.,352.5)) ;
#4791=CARTESIAN_POINT('Vertex',(24.5,19.,362.)) ;
#4794=CARTESIAN_POINT('Line Origine',(24.5,16.5,362.)) ;
#4806=CARTESIAN_POINT('Axis2P3D Location',(24.5,19.,343.)) ;
#4811=CARTESIAN_POINT('Line Origine',(22.,19.,343.)) ;
#4815=CARTESIAN_POINT('Vertex',(19.5,19.,343.)) ;
#4818=CARTESIAN_POINT('Line Origine',(19.5,19.,352.5)) ;
#4822=CARTESIAN_POINT('Vertex',(19.5,19.,362.)) ;
#4825=CARTESIAN_POINT('Line Origine',(22.,19.,362.)) ;
#4837=CARTESIAN_POINT('Axis2P3D Location',(19.5,19.,343.)) ;
#4842=CARTESIAN_POINT('Line Origine',(19.5,16.5,343.)) ;
#4847=CARTESIAN_POINT('Line Origine',(19.5,16.5,362.)) ;
#4859=CARTESIAN_POINT('Axis2P3D Location',(0.,0.,343.)) ;
#4871=CARTESIAN_POINT('Axis2P3D Location',(0.,0.,362.)) ;
#4886=CARTESIAN_POINT('Axis2P3D Location',(24.5,19.,343.)) ;
#4891=CARTESIAN_POINT('Line Origine',(24.5,19.,352.5)) ;
#4895=CARTESIAN_POINT('Vertex',(24.5,19.,343.)) ;
#4897=CARTESIAN_POINT('Vertex',(24.5,19.,362.)) ;
#4900=CARTESIAN_POINT('Line Origine',(24.5,16.5,343.)) ;
#4904=CARTESIAN_POINT('Vertex',(24.5,14.,343.)) ;
#4907=CARTESIAN_POINT('Line Origine',(24.5,14.,352.5)) ;
#4911=CARTESIAN_POINT('Vertex',(24.5,14.,362.)) ;
#4914=CARTESIAN_POINT('Line Origine',(24.5,16.5,362.)) ;
#4926=CARTESIAN_POINT('Axis2P3D Location',(327.,14.,343.)) ;
#4931=CARTESIAN_POINT('Line Origine',(175.75,14.,343.)) ;
#4935=CARTESIAN_POINT('Vertex',(327.,14.,343.)) ;
#4938=CARTESIAN_POINT('Line Origine',(327.,14.,352.5)) ;
#4942=CARTESIAN_POINT('Vertex',(327.,14.,362.)) ;
#4945=CARTESIAN_POINT('Line Origine',(175.75,14.,362.)) ;
#4957=CARTESIAN_POINT('Axis2P3D Location',(327.,14.,343.)) ;
#4962=CARTESIAN_POINT('Line Origine',(327.,16.5,343.)) ;
#4966=CARTESIAN_POINT('Vertex',(327.,19.,343.)) ;
#4969=CARTESIAN_POINT('Line Origine',(327.,19.,352.5)) ;
#4973=CARTESIAN_POINT('Vertex',(327.,19.,362.)) ;
#4976=CARTESIAN_POINT('Line Origine',(327.,16.5,362.)) ;
#4988=CARTESIAN_POINT('Axis2P3D Location',(24.5,19.,343.)) ;
#4993=CARTESIAN_POINT('Line Origine',(175.75,19.,343.)) ;
#4998=CARTESIAN_POINT('Line Origine',(175.75,19.,362.)) ;
#5010=CARTESIAN_POINT('Axis2P3D Location',(0.,0.,343.)) ;
#5022=CARTESIAN_POINT('Axis2P3D Location',(0.,0.,362.)) ;
#5037=CARTESIAN_POINT('Axis2P3D Location',(19.5,19.,343.)) ;
#5042=CARTESIAN_POINT('Line Origine',(19.5,19.,352.5)) ;
#5046=CARTESIAN_POINT('Vertex',(19.5,19.,343.)) ;
#5048=CARTESIAN_POINT('Vertex',(19.5,19.,362.)) ;
#5051=CARTESIAN_POINT('Line Origine',(22.,19.,343.)) ;
#5055=CARTESIAN_POINT('Vertex',(24.5,19.,343.)) ;
#5058=CARTESIAN_POINT('Line Origine',(24.5,19.,352.5)) ;
#5062=CARTESIAN_POINT('Vertex',(24.5,19.,362.)) ;
#5065=CARTESIAN_POINT('Line Origine',(22.,19.,362.)) ;
#5077=CARTESIAN_POINT('Axis2P3D Location',(24.5,19.,343.)) ;
#5082=CARTESIAN_POINT('Line Origine',(24.5,120.25,343.)) ;
#5086=CARTESIAN_POINT('Vertex',(24.5,221.5,343.)) ;
#5089=CARTESIAN_POINT('Line Origine',(24.5,221.5,352.5)) ;
#5093=CARTESIAN_POINT('Vertex',(24.5,221.5,362.)) ;
#5096=CARTESIAN_POINT('Line Origine',(24.5,120.25,362.)) ;
#5108=CARTESIAN_POINT('Axis2P3D Location',(24.5,221.5,343.)) ;
#5113=CARTESIAN_POINT('Line Origine',(22.,221.5,343.)) ;
#5117=CARTESIAN_POINT('Vertex',(19.5,221.5,343.)) ;
#5120=CARTESIAN_POINT('Line Origine',(19.5,221.5,352.5)) ;
#5124=CARTESIAN_POINT('Vertex',(19.5,221.5,362.)) ;
#5127=CARTESIAN_POINT('Line Origine',(22.,221.5,362.)) ;
#5139=CARTESIAN_POINT('Axis2P3D Location',(19.5,221.5,343.)) ;
#5144=CARTESIAN_POINT('Line Origine',(19.5,120.25,343.)) ;
#5149=CARTESIAN_POINT('Line Origine',(19.5,120.25,362.)) ;
#5161=CARTESIAN_POINT('Axis2P3D Location',(0.,0.,343.)) ;
#5173=CARTESIAN_POINT('Axis2P3D Location',(0.,0.,362.)) ;
#32=DIRECTION('Axis2P3D Direction',(0.,-1.,0.)) ;
#33=DIRECTION('Axis2P3D XDirection',(1.,0.,0.)) ;
#37=DIRECTION('Vector Direction',(0.,0.,1.)) ;
#46=DIRECTION('Vector Direction',(1.,0.,0.)) ;
#53=DIRECTION('Vector Direction',(0.,0.,1.)) ;
#60=DIRECTION('Vector Direction',(1.,0.,0.)) ;
#72=DIRECTION('Axis2P3D Direction',(1.,0.,0.)) ;
#73=DIRECTION('Axis2P3D XDirection',(0.,1.,0.)) ;
#77=DIRECTION('Vector Direction',(0.,1.,0.)) ;
#84=DIRECTION('Vector Direction',(0.,0.,1.)) ;
#91=DIRECTION('Vector Direction',(0.,1.,0.)) ;
#103=DIRECTION('Axis2P3D Direction',(0.,1.,-0.)) ;
#104=DIRECTION('Axis2P3D XDirection',(-1.,0.,0.)) ;
#108=DIRECTION('Vector Direction',(-1.,0.,0.)) ;
#115=DIRECTION('Vector Direction',(0.,0.,1.)) ;
#122=DIRECTION('Vector Direction',(-1.,0.,0.)) ;
#134=DIRECTION('Axis2P3D Direction',(-1.,0.,0.)) ;
#135=DIRECTION('Axis2P3D XDirection',(0.,-1.,0.)) ;
#139=DIRECTION('Vector Direction',(0.,-1.,0.)) ;
#144=DIRECTION('Vector Direction',(0.,-1.,0.)) ;
#156=DIRECTION('Axis2P3D Direction',(0.,0.,1.)) ;
#157=DIRECTION('Axis2P3D XDirection',(1.,0.,0.)) ;
#168=DIRECTION('Axis2P3D Direction',(0.,0.,1.)) ;
#169=DIRECTION('Axis2P3D XDirection',(1.,0.,0.)) ;
#192=DIRECTION('Axis2P3D Direction',(0.,-1.,0.)) ;
#193=DIRECTION('Axis2P3D XDirection',(1.,0.,0.)) ;
#197=DIRECTION('Vector Direction',(0.,0.,1.)) ;
#206=DIRECTION('Vector Direction',(1.,0.,0.)) ;
#213=DIRECTION('Vector Direction',(0.,0.,1.)) ;
#220=DIRECTION('Vector Direction',(1.,0.,0.)) ;
#232=DIRECTION('Axis2P3D Direction',(1.,0.,0.)) ;
#233=DIRECTION('Axis2P3D XDirection',(0.,1.,0.)) ;
#237=DIRECTION('Vector Direction',(0.,1.,0.)) ;
#244=DIRECTION('Vector Direction',(0.,0.,1.)) ;
#251=DIRECTION('Vector Direction',(0.,1.,0.)) ;
#263=DIRECTION('Axis2P3D Direction',(0.,1.,-0.)) ;
#264=DIRECTION('Axis2P3D XDirection',(-1.,0.,0.)) ;
#268=DIRECTION('Vector Direction',(-1.,0.,0.)) ;
#275=DIRECTION('Vector Direction',(0.,0.,1.)) ;
#282=DIRECTION('Vector Direction',(-1.,0.,0.)) ;
#294=DIRECTION('Axis2P3D Direction',(-1.,0.,0.)) ;
#295=DIRECTION('Axis2P3D XDirection',(0.,-1.,0.)) ;
#299=DIRECTION('Vector Direction',(0.,-1.,0.)) ;
#304=DIRECTION('Vector Direction',(0.,-1.,0.)) ;
#316=DIRECTION('Axis2P3D Direction',(0.,0.,1.)) ;
#317=DIRECTION('Axis2P3D XDirection',(1.,0.,0.)) ;
#328=DIRECTION('Axis2P3D Direction',(0.,0.,1.)) ;
#329=DIRECTION('Axis2P3D XDirection',(1.,0.,0.)) ;
#343=DIRECTION('Axis2P3D Direction',(0.,-1.,0.)) ;
#344=DIRECTION('Axis2P3D XDirection',(1.,0.,0.)) ;
#348=DIRECTION('Vector Direction',(0.,0.,1.)) ;
#357=DIRECTION('Vector Direction',(1.,0.,0.)) ;
#364=DIRECTION('Vector Direction',(0.,0.,1.)) ;
#371=DIRECTION('Vector Direction',(1.,0.,0.)) ;
#383=DIRECTION('Axis2P3D Direction',(1.,0.,0.)) ;
#384=DIRECTION('Axis2P3D XDirection',(0.,1.,0.)) ;
#388=DIRECTION('Vector Direction',(0.,1.,0.)) ;
#395=DIRECTION('Vector Direction',(0.,0.,1.)) ;
#402=DIRECTION('Vector Direction',(0.,1.,0.)) ;
#414=DIRECTION('Axis2P3D Direction',(0.,1.,-0.)) ;
#415=DIRECTION('Axis2P3D XDirection',(-1.,0.,0.)) ;
#419=DIRECTION('Vector Direction',(-1.,0.,0.)) ;
#426=DIRECTION('Vector Direction',(0.,0.,1.)) ;
#433=DIRECTION('Vector Direction',(-1.,0.,0.)) ;
#445=DIRECTION('Axis2P3D Direction',(-1.,0.,0.)) ;
#446=DIRECTION('Axis2P3D XDirection',(0.,-1.,0.)) ;
#450=DIRECTION('Vector Direction',(0.,-1.,0.)) ;
#455=DIRECTION('Vector Direction',(0.,-1.,0.)) ;
#467=DIRECTION('Axis2P3D Direction',(0.,0.,1.)) ;
#468=DIRECTION('Axis2P3D XDirection',(1.,0.,0.)) ;
#479=DIRECTION('Axis2P3D Direction',(0.,0.,1.)) ;
#480=DIRECTION('Axis2P3D XDirection',(1.,0.,0.)) ;
#494=DIRECTION('Axis2P3D Direction',(0.,-1.,0.)) ;
#495=DIRECTION('Axis2P3D XDirection',(1.,0.,0.)) ;
#499=DIRECTION('Vector Direction',(0.,0.,1.)) ;
#508=DIRECTION('Vector Direction',(1.,0.,0.)) ;
#515=DIRECTION('Vector Direction',(0.,0.,1.)) ;
#522=DIRECTION('Vector Direction',(1.,0.,0.)) ;
#534=DIRECTION('Axis2P3D Direction',(1.,0.,0.)) ;
#535=DIRECTION('Axis2P3D XDirection',(0.,1.,0.)) ;
#539=DIRECTION('Vector Direction',(0.,1.,0.)) ;
#546=DIRECTION('Vector Direction',(0.,0.,1.)) ;
#553=DIRECTION('Vector Direction',(0.,1.,0.)) ;
#565=DIRECTION('Axis2P3D Direction',(0.,1.,-0.)) ;
#566=DIRECTION('Axis2P3D XDirection',(-1.,0.,0.)) ;
#570=DIRECTION('Vector Direction',(-1.,0.,0.)) ;
#577=DIRECTION('Vector Direction',(0.,0.,1.)) ;
#584=DIRECTION('Vector Direction',(-1.,0.,0.)) ;
#596=DIRECTION('Axis2P3D Direction',(-1.,0.,0.)) ;
#597=DIRECTION('Axis2P3D XDirection',(0.,-1.,0.)) ;
#601=DIRECTION('Vector Direction',(0.,-1.,0.)) ;
#606=DIRECTION('Vector Direction',(0.,-1.,0.)) ;
#618=DIRECTION('Axis2P3D Direction',(0.,0.,1.)) ;
#619=DIRECTION('Axis2P3D XDirection',(1.,0.,0.)) ;
#630=DIRECTION('Axis2P3D Direction',(0.,0.,1.)) ;
#631=DIRECTION('Axis2P3D XDirection',(1.,0.,0.)) ;
#645=DIRECTION('Axis2P3D Direction',(0.,-1.,0.)) ;
#646=DIRECTION('Axis2P3D XDirection',(1.,0.,0.)) ;
#650=DIRECTION('Vector Direction',(0.,0.,1.)) ;
#659=DIRECTION('Vector Direction',(1.,0.,0.)) ;
#666=DIRECTION('Vector Direction',(0.,0.,1.)) ;
#673=DIRECTION('Vector Direction',(1.,0.,0.)) ;
#685=DIRECTION('Axis2P3D Direction',(1.,0.,0.)) ;
#686=DIRECTION('Axis2P3D XDirection',(0.,1.,0.)) ;
#690=DIRECTION('Vector Direction',(0.,1.,0.)) ;
#697=DIRECTION('Vector Direction',(0.,0.,1.)) ;
#704=DIRECTION('Vector Direction',(0.,1.,0.)) ;
#716=DIRECTION('Axis2P3D Direction',(0.,1.,-0.)) ;
#717=DIRECTION('Axis2P3D XDirection',(-1.,0.,0.)) ;
#721=DIRECTION('Vector Direction',(-1.,0.,0.)) ;
#728=DIRECTION('Vector Direction',(0.,0.,1.)) ;
#735=DIRECTION('Vector Direction',(-1.,0.,0.)) ;
#747=DIRECTION('Axis2P3D Direction',(-1.,0.,0.)) ;
#748=DIRECTION('Axis2P3D XDirection',(0.,-1.,0.)) ;
#752=DIRECTION('Vector Direction',(0.,-1.,0.)) ;
#757=DIRECTION('Vector Direction',(0.,-1.,0.)) ;
#769=DIRECTION('Axis2P3D Direction',(0.,0.,1.)) ;
#770=DIRECTION('Axis2P3D XDirection',(1.,0.,0.)) ;
#781=DIRECTION('Axis2P3D Direction',(0.,0.,1.)) ;
#782=DIRECTION('Axis2P3D XDirection',(1.,0.,0.)) ;
#803=DIRECTION('Axis2P3D Direction',(0.,-1.,0.)) ;
#804=DIRECTION('Axis2P3D XDirection',(1.,0.,0.)) ;
#808=DIRECTION('Vector Direction',(0.,0.,1.)) ;
#817=DIRECTION('Vector Direction',(1.,0.,0.)) ;
#824=DIRECTION('Vector Direction',(0.,0.,1.)) ;
#831=DIRECTION('Vector Direction',(1.,0.,0.)) ;
#843=DIRECTION('Axis2P3D Direction',(1.,0.,0.)) ;
#844=DIRECTION('Axis2P3D XDirection',(0.,1.,0.)) ;
#848=DIRECTION('Vector Direction',(0.,1.,0.)) ;
#855=DIRECTION('Vector Direction',(0.,0.,1.)) ;
#862=DIRECTION('Vector Direction',(0.,1.,0.)) ;
#874=DIRECTION('Axis2P3D Direction',(0.,1.,-0.)) ;
#875=DIRECTION('Axis2P3D XDirection',(-1.,0.,0.)) ;
#879=DIRECTION('Vector Direction',(-1.,0.,0.)) ;
#886=DIRECTION('Vector Direction',(0.,0.,1.)) ;
#893=DIRECTION('Vector Direction',(-1.,0.,0.)) ;
#905=DIRECTION('Axis2P3D Direction',(-1.,0.,0.)) ;
#906=DIRECTION('Axis2P3D XDirection',(0.,-1.,0.)) ;
#910=DIRECTION('Vector Direction',(0.,-1.,0.)) ;
#915=DIRECTION('Vector Direction',(0.,-1.,0.)) ;
#927=DIRECTION('Axis2P3D Direction',(0.,0.,1.)) ;
#928=DIRECTION('Axis2P3D XDirection',(1.,0.,0.)) ;
#939=DIRECTION('Axis2P3D Direction',(0.,0.,1.)) ;
#940=DIRECTION('Axis2P3D XDirection',(1.,0.,0.)) ;
#961=DIRECTION('Axis2P3D Direction',(-1.,0.,0.)) ;
#962=DIRECTION('Axis2P3D XDirection',(0.,-1.,0.)) ;
#966=DIRECTION('Vector Direction',(0.,0.,1.)) ;
#975=DIRECTION('Vector Direction',(0.,-1.,0.)) ;
#982=DIRECTION('Vector Direction',(0.,0.,1.)) ;
#989=DIRECTION('Vector Direction',(0.,-1.,0.)) ;
#1001=DIRECTION('Axis2P3D Direction',(0.,1.,-0.)) ;
#1002=DIRECTION('Axis2P3D XDirection',(-1.,0.,0.)) ;
#1006=DIRECTION('Vector Direction',(-1.,0.,0.)) ;
#1013=DIRECTION('Vector Direction',(0.,0.,1.)) ;
#1020=DIRECTION('Vector Direction',(-1.,0.,0.)) ;
#1032=DIRECTION('Axis2P3D Direction',(1.,0.,0.)) ;
#1033=DIRECTION('Axis2P3D XDirection',(0.,1.,0.)) ;
#1037=DIRECTION('Vector Direction',(0.,1.,0.)) ;
#1044=DIRECTION('Vector Direction',(0.,0.,1.)) ;
#1051=DIRECTION('Vector Direction',(0.,1.,0.)) ;
#1063=DIRECTION('Axis2P3D Direction',(0.,-1.,0.)) ;
#1064=DIRECTION('Axis2P3D XDirection',(1.,0.,0.)) ;
#1068=DIRECTION('Vector Direction',(1.,0.,0.)) ;
#1073=DIRECTION('Vector Direction',(1.,0.,0.)) ;
#1085=DIRECTION('Axis2P3D Direction',(0.,0.,1.)) ;
#1086=DIRECTION('Axis2P3D XDirection',(1.,0.,0.)) ;
#1097=DIRECTION('Axis2P3D Direction',(0.,0.,1.)) ;
#1098=DIRECTION('Axis2P3D XDirection',(1.,0.,0.)) ;
#1112=DIRECTION('Axis2P3D Direction',(0.,-1.,0.)) ;
#1113=DIRECTION('Axis2P3D XDirection',(1.,0.,0.)) ;
#1117=DIRECTION('Vector Direction',(0.,0.,1.)) ;
#1126=DIRECTION('Vector Direction',(1.,0.,0.)) ;
#1133=DIRECTION('Vector Direction',(0.,0.,1.)) ;
#1140=DIRECTION('Vector Direction',(1.,0.,0.)) ;
#1152=DIRECTION('Axis2P3D Direction',(1.,0.,0.)) ;
#1153=DIRECTION('Axis2P3D XDirection',(0.,1.,0.)) ;
#1157=DIRECTION('Vector Direction',(0.,1.,0.)) ;
#1164=DIRECTION('Vector Direction',(0.,0.,1.)) ;
#1171=DIRECTION('Vector Direction',(0.,1.,0.)) ;
#1183=DIRECTION('Axis2P3D Direction',(0.,1.,-0.)) ;
#1184=DIRECTION('Axis2P3D XDirection',(-1.,0.,0.)) ;
#1188=DIRECTION('Vector Direction',(-1.,0.,0.)) ;
#1195=DIRECTION('Vector Direction',(0.,0.,1.)) ;
#1202=DIRECTION('Vector Direction',(-1.,0.,0.)) ;
#1214=DIRECTION('Axis2P3D Direction',(-1.,0.,0.)) ;
#1215=DIRECTION('Axis2P3D XDirection',(0.,-1.,0.)) ;
#1219=DIRECTION('Vector Direction',(0.,-1.,0.)) ;
#1224=DIRECTION('Vector Direction',(0.,-1.,0.)) ;
#1236=DIRECTION('Axis2P3D Direction',(0.,0.,1.)) ;
#1237=DIRECTION('Axis2P3D XDirection',(1.,0.,0.)) ;
#1248=DIRECTION('Axis2P3D Direction',(0.,0.,1.)) ;
#1249=DIRECTION('Axis2P3D XDirection',(1.,0.,0.)) ;
#1263=DIRECTION('Axis2P3D Direction',(0.,-1.,0.)) ;
#1264=DIRECTION('Axis2P3D XDirection',(1.,0.,0.)) ;
#1268=DIRECTION('Vector Direction',(0.,0.,1.)) ;
#1277=DIRECTION('Vector Direction',(1.,0.,0.)) ;
#1284=DIRECTION('Vector Direction',(0.,0.,1.)) ;
#1291=DIRECTION('Vector Direction',(1.,0.,0.)) ;
#1303=DIRECTION('Axis2P3D Direction',(1.,0.,0.)) ;
#1304=DIRECTION('Axis2P3D XDirection',(0.,1.,0.)) ;
#1308=DIRECTION('Vector Direction',(0.,1.,0.)) ;
#1315=DIRECTION('Vector Direction',(0.,0.,1.)) ;
#1322=DIRECTION('Vector Direction',(0.,1.,0.)) ;
#1334=DIRECTION('Axis2P3D Direction',(0.,1.,-0.)) ;
#1335=DIRECTION('Axis2P3D XDirection',(-1.,0.,0.)) ;
#1339=DIRECTION('Vector Direction',(-1.,0.,0.)) ;
#1346=DIRECTION('Vector Direction',(0.,0.,1.)) ;
#1353=DIRECTION('Vector Direction',(-1.,0.,0.)) ;
#1365=DIRECTION('Axis2P3D Direction',(-1.,0.,0.)) ;
#1366=DIRECTION('Axis2P3D XDirection',(0.,-1.,0.)) ;
#1370=DIRECTION('Vector Direction',(0.,-1.,0.)) ;
#1375=DIRECTION('Vector Direction',(0.,-1.,0.)) ;
#1387=DIRECTION('Axis2P3D Direction',(0.,0.,1.)) ;
#1388=DIRECTION('Axis2P3D XDirection',(1.,0.,0.)) ;
#1399=DIRECTION('Axis2P3D Direction',(0.,0.,1.)) ;
#1400=DIRECTION('Axis2P3D XDirection',(1.,0.,0.)) ;
#1414=DIRECTION('Axis2P3D Direction',(0.,-1.,0.)) ;
#1415=DIRECTION('Axis2P3D XDirection',(1.,0.,0.)) ;
#1419=DIRECTION('Vector Direction',(0.,0.,1.)) ;
#1428=DIRECTION('Vector Direction',(1.,0.,0.)) ;
#1435=DIRECTION('Vector Direction',(0.,0.,1.)) ;
#1442=DIRECTION('Vector Direction',(1.,0.,0.)) ;
#1454=DIRECTION('Axis2P3D Direction',(1.,0.,0.)) ;
#1455=DIRECTION('Axis2P3D XDirection',(0.,1.,0.)) ;
#1459=DIRECTION('Vector Direction',(0.,1.,0.)) ;
#1466=DIRECTION('Vector Direction',(0.,0.,1.)) ;
#1473=DIRECTION('Vector Direction',(0.,1.,0.)) ;
#1485=DIRECTION('Axis2P3D Direction',(0.,1.,-0.)) ;
#1486=DIRECTION('Axis2P3D XDirection',(-1.,0.,0.)) ;
#1490=DIRECTION('Vector Direction',(-1.,0.,0.)) ;
#1497=DIRECTION('Vector Direction',(0.,0.,1.)) ;
#1504=DIRECTION('Vector Direction',(-1.,0.,0.)) ;
#1516=DIRECTION('Axis2P3D Direction',(-1.,0.,0.)) ;
#1517=DIRECTION('Axis2P3D XDirection',(0.,-1.,0.)) ;
#1521=DIRECTION('Vector Direction',(0.,-1.,0.)) ;
#1526=DIRECTION('Vector Direction',(0.,-1.,0.)) ;
#1538=DIRECTION('Axis2P3D Direction',(0.,0.,1.)) ;
#1539=DIRECTION('Axis2P3D XDirection',(1.,0.,0.)) ;
#1550=DIRECTION('Axis2P3D Direction',(0.,0.,1.)) ;
#1551=DIRECTION('Axis2P3D XDirection',(1.,0.,0.)) ;
#1565=DIRECTION('Axis2P3D Direction',(0.,-1.,0.)) ;
#1566=DIRECTION('Axis2P3D XDirection',(1.,0.,0.)) ;
#1570=DIRECTION('Vector Direction',(0.,0.,1.)) ;
#1579=DIRECTION('Vector Direction',(1.,0.,0.)) ;
#1586=DIRECTION('Vector Direction',(0.,0.,1.)) ;
#1593=DIRECTION('Vector Direction',(1.,0.,0.)) ;
#1605=DIRECTION('Axis2P3D Direction',(1.,0.,0.)) ;
#1606=DIRECTION('Axis2P3D XDirection',(0.,1.,0.)) ;
#1610=DIRECTION('Vector Direction',(0.,1.,0.)) ;
#1617=DIRECTION('Vector Direction',(0.,0.,1.)) ;
#1624=DIRECTION('Vector Direction',(0.,1.,0.)) ;
#1636=DIRECTION('Axis2P3D Direction',(0.,1.,-0.)) ;
#1637=DIRECTION('Axis2P3D XDirection',(-1.,0.,0.)) ;
#1641=DIRECTION('Vector Direction',(-1.,0.,0.)) ;
#1648=DIRECTION('Vector Direction',(0.,0.,1.)) ;
#1655=DIRECTION('Vector Direction',(-1.,0.,0.)) ;
#1667=DIRECTION('Axis2P3D Direction',(-1.,0.,0.)) ;
#1668=DIRECTION('Axis2P3D XDirection',(0.,-1.,0.)) ;
#1672=DIRECTION('Vector Direction',(0.,-1.,0.)) ;
#1677=DIRECTION('Vector Direction',(0.,-1.,0.)) ;
#1689=DIRECTION('Axis2P3D Direction',(0.,0.,1.)) ;
#1690=DIRECTION('Axis2P3D XDirection',(1.,0.,0.)) ;
#1701=DIRECTION('Axis2P3D Direction',(0.,0.,1.)) ;
#1702=DIRECTION('Axis2P3D XDirection',(1.,0.,0.)) ;
#1716=DIRECTION('Axis2P3D Direction',(0.,-1.,0.)) ;
#1717=DIRECTION('Axis2P3D XDirection',(1.,0.,0.)) ;
#1721=DIRECTION('Vector Direction',(0.,0.,1.)) ;
#1730=DIRECTION('Vector Direction',(1.,0.,0.)) ;
#1737=DIRECTION('Vector Direction',(0.,0.,1.)) ;
#1744=DIRECTION('Vector Direction',(1.,0.,0.)) ;
#1756=DIRECTION('Axis2P3D Direction',(1.,0.,0.)) ;
#1757=DIRECTION('Axis2P3D XDirection',(0.,1.,0.)) ;
#1761=DIRECTION('Vector Direction',(0.,1.,0.)) ;
#1768=DIRECTION('Vector Direction',(0.,0.,1.)) ;
#1775=DIRECTION('Vector Direction',(0.,1.,0.)) ;
#1787=DIRECTION('Axis2P3D Direction',(0.,1.,-0.)) ;
#1788=DIRECTION('Axis2P3D XDirection',(-1.,0.,0.)) ;
#1792=DIRECTION('Vector Direction',(-1.,0.,0.)) ;
#1799=DIRECTION('Vector Direction',(0.,0.,1.)) ;
#1806=DIRECTION('Vector Direction',(-1.,0.,0.)) ;
#1818=DIRECTION('Axis2P3D Direction',(-1.,0.,0.)) ;
#1819=DIRECTION('Axis2P3D XDirection',(0.,-1.,0.)) ;
#1823=DIRECTION('Vector Direction',(0.,-1.,0.)) ;
#1828=DIRECTION('Vector Direction',(0.,-1.,0.)) ;
#1840=DIRECTION('Axis2P3D Direction',(0.,0.,1.)) ;
#1841=DIRECTION('Axis2P3D XDirection',(1.,0.,0.)) ;
#1852=DIRECTION('Axis2P3D Direction',(0.,0.,1.)) ;
#1853=DIRECTION('Axis2P3D XDirection',(1.,0.,0.)) ;
#1867=DIRECTION('Axis2P3D Direction',(0.,-1.,0.)) ;
#1868=DIRECTION('Axis2P3D XDirection',(1.,0.,0.)) ;
#1872=DIRECTION('Vector Direction',(0.,0.,1.)) ;
#1881=DIRECTION('Vector Direction',(1.,0.,0.)) ;
#1888=DIRECTION('Vector Direction',(0.,0.,1.)) ;
#1895=DIRECTION('Vector Direction',(1.,0.,0.)) ;
#1907=DIRECTION('Axis2P3D Direction',(1.,0.,0.)) ;
#1908=DIRECTION('Axis2P3D XDirection',(0.,1.,0.)) ;
#1912=DIRECTION('Vector Direction',(0.,1.,0.)) ;
#1919=DIRECTION('Vector Direction',(0.,0.,1.)) ;
#1926=DIRECTION('Vector Direction',(0.,1.,0.)) ;
#1938=DIRECTION('Axis2P3D Direction',(0.,1.,-0.)) ;
#1939=DIRECTION('Axis2P3D XDirection',(-1.,0.,0.)) ;
#1943=DIRECTION('Vector Direction',(-1.,0.,0.)) ;
#1950=DIRECTION('Vector Direction',(0.,0.,1.)) ;
#1957=DIRECTION('Vector Direction',(-1.,0.,0.)) ;
#1969=DIRECTION('Axis2P3D Direction',(-1.,0.,0.)) ;
#1970=DIRECTION('Axis2P3D XDirection',(0.,-1.,0.)) ;
#1974=DIRECTION('Vector Direction',(0.,-1.,0.)) ;
#1979=DIRECTION('Vector Direction',(0.,-1.,0.)) ;
#1991=DIRECTION('Axis2P3D Direction',(0.,0.,1.)) ;
#1992=DIRECTION('Axis2P3D XDirection',(1.,0.,0.)) ;
#2003=DIRECTION('Axis2P3D Direction',(0.,0.,1.)) ;
#2004=DIRECTION('Axis2P3D XDirection',(1.,0.,0.)) ;
#2018=DIRECTION('Axis2P3D Direction',(0.,-1.,0.)) ;
#2019=DIRECTION('Axis2P3D XDirection',(1.,0.,0.)) ;
#2023=DIRECTION('Vector Direction',(0.,0.,1.)) ;
#2032=DIRECTION('Vector Direction',(1.,0.,0.)) ;
#2039=DIRECTION('Vector Direction',(0.,0.,1.)) ;
#2046=DIRECTION('Vector Direction',(1.,0.,0.)) ;
#2058=DIRECTION('Axis2P3D Direction',(1.,0.,0.)) ;
#2059=DIRECTION('Axis2P3D XDirection',(0.,1.,0.)) ;
#2063=DIRECTION('Vector Direction',(0.,1.,0.)) ;
#2070=DIRECTION('Vector Direction',(0.,0.,1.)) ;
#2077=DIRECTION('Vector Direction',(0.,1.,0.)) ;
#2089=DIRECTION('Axis2P3D Direction',(0.,1.,-0.)) ;
#2090=DIRECTION('Axis2P3D XDirection',(-1.,0.,0.)) ;
#2094=DIRECTION('Vector Direction',(-1.,0.,0.)) ;
#2101=DIRECTION('Vector Direction',(0.,0.,1.)) ;
#2108=DIRECTION('Vector Direction',(-1.,0.,0.)) ;
#2120=DIRECTION('Axis2P3D Direction',(-1.,0.,0.)) ;
#2121=DIRECTION('Axis2P3D XDirection',(0.,-1.,0.)) ;
#2125=DIRECTION('Vector Direction',(0.,-1.,0.)) ;
#2130=DIRECTION('Vector Direction',(0.,-1.,0.)) ;
#2142=DIRECTION('Axis2P3D Direction',(0.,0.,1.)) ;
#2143=DIRECTION('Axis2P3D XDirection',(1.,0.,0.)) ;
#2154=DIRECTION('Axis2P3D Direction',(0.,0.,1.)) ;
#2155=DIRECTION('Axis2P3D XDirection',(1.,0.,0.)) ;
#2169=DIRECTION('Axis2P3D Direction',(0.,-1.,0.)) ;
#2170=DIRECTION('Axis2P3D XDirection',(1.,0.,0.)) ;
#2174=DIRECTION('Vector Direction',(0.,0.,1.)) ;
#2183=DIRECTION('Vector Direction',(1.,0.,0.)) ;
#2190=DIRECTION('Vector Direction',(0.,0.,1.)) ;
#2197=DIRECTION('Vector Direction',(1.,0.,0.)) ;
#2209=DIRECTION('Axis2P3D Direction',(1.,0.,0.)) ;
#2210=DIRECTION('Axis2P3D XDirection',(0.,1.,0.)) ;
#2214=DIRECTION('Vector Direction',(0.,1.,0.)) ;
#2221=DIRECTION('Vector Direction',(0.,0.,1.)) ;
#2228=DIRECTION('Vector Direction',(0.,1.,0.)) ;
#2240=DIRECTION('Axis2P3D Direction',(0.,1.,-0.)) ;
#2241=DIRECTION('Axis2P3D XDirection',(-1.,0.,0.)) ;
#2245=DIRECTION('Vector Direction',(-1.,0.,0.)) ;
#2252=DIRECTION('Vector Direction',(0.,0.,1.)) ;
#2259=DIRECTION('Vector Direction',(-1.,0.,0.)) ;
#2271=DIRECTION('Axis2P3D Direction',(-1.,0.,0.)) ;
#2272=DIRECTION('Axis2P3D XDirection',(0.,-1.,0.)) ;
#2276=DIRECTION('Vector Direction',(0.,-1.,0.)) ;
#2281=DIRECTION('Vector Direction',(0.,-1.,0.)) ;
#2293=DIRECTION('Axis2P3D Direction',(0.,0.,1.)) ;
#2294=DIRECTION('Axis2P3D XDirection',(1.,0.,0.)) ;
#2305=DIRECTION('Axis2P3D Direction',(0.,0.,1.)) ;
#2306=DIRECTION('Axis2P3D XDirection',(1.,0.,0.)) ;
#2320=DIRECTION('Axis2P3D Direction',(-1.,0.,0.)) ;
#2321=DIRECTION('Axis2P3D XDirection',(0.,-1.,0.)) ;
#2325=DIRECTION('Vector Direction',(0.,0.,1.)) ;
#2334=DIRECTION('Vector Direction',(0.,-1.,0.)) ;
#2341=DIRECTION('Vector Direction',(0.,0.,1.)) ;
#2348=DIRECTION('Vector Direction',(0.,-1.,0.)) ;
#2360=DIRECTION('Axis2P3D Direction',(0.,1.,-0.)) ;
#2361=DIRECTION('Axis2P3D XDirection',(-1.,0.,0.)) ;
#2365=DIRECTION('Vector Direction',(-1.,0.,0.)) ;
#2372=DIRECTION('Vector Direction',(0.,0.,1.)) ;
#2379=DIRECTION('Vector Direction',(-1.,0.,0.)) ;
#2391=DIRECTION('Axis2P3D Direction',(1.,0.,0.)) ;
#2392=DIRECTION('Axis2P3D XDirection',(0.,1.,0.)) ;
#2396=DIRECTION('Vector Direction',(0.,1.,0.)) ;
#2403=DIRECTION('Vector Direction',(0.,0.,1.)) ;
#2410=DIRECTION('Vector Direction',(0.,1.,0.)) ;
#2422=DIRECTION('Axis2P3D Direction',(0.,-1.,0.)) ;
#2423=DIRECTION('Axis2P3D XDirection',(1.,0.,0.)) ;
#2427=DIRECTION('Vector Direction',(1.,0.,0.)) ;
#2432=DIRECTION('Vector Direction',(1.,0.,0.)) ;
#2444=DIRECTION('Axis2P3D Direction',(0.,0.,1.)) ;
#2445=DIRECTION('Axis2P3D XDirection',(1.,0.,0.)) ;
#2456=DIRECTION('Axis2P3D Direction',(0.,0.,1.)) ;
#2457=DIRECTION('Axis2P3D XDirection',(1.,0.,0.)) ;
#2471=DIRECTION('Axis2P3D Direction',(0.,-1.,0.)) ;
#2472=DIRECTION('Axis2P3D XDirection',(1.,0.,0.)) ;
#2476=DIRECTION('Vector Direction',(0.,0.,1.)) ;
#2485=DIRECTION('Vector Direction',(1.,0.,0.)) ;
#2492=DIRECTION('Vector Direction',(0.,0.,1.)) ;
#2499=DIRECTION('Vector Direction',(1.,0.,0.)) ;
#2511=DIRECTION('Axis2P3D Direction',(1.,0.,0.)) ;
#2512=DIRECTION('Axis2P3D XDirection',(0.,1.,0.)) ;
#2516=DIRECTION('Vector Direction',(0.,1.,0.)) ;
#2523=DIRECTION('Vector Direction',(0.,0.,1.)) ;
#2530=DIRECTION('Vector Direction',(0.,1.,0.)) ;
#2542=DIRECTION('Axis2P3D Direction',(0.,1.,-0.)) ;
#2543=DIRECTION('Axis2P3D XDirection',(-1.,0.,0.)) ;
#2547=DIRECTION('Vector Direction',(-1.,0.,0.)) ;
#2554=DIRECTION('Vector Direction',(0.,0.,1.)) ;
#2561=DIRECTION('Vector Direction',(-1.,0.,0.)) ;
#2573=DIRECTION('Axis2P3D Direction',(-1.,0.,0.)) ;
#2574=DIRECTION('Axis2P3D XDirection',(0.,-1.,0.)) ;
#2578=DIRECTION('Vector Direction',(0.,-1.,0.)) ;
#2583=DIRECTION('Vector Direction',(0.,-1.,0.)) ;
#2595=DIRECTION('Axis2P3D Direction',(0.,0.,1.)) ;
#2596=DIRECTION('Axis2P3D XDirection',(1.,0.,0.)) ;
#2607=DIRECTION('Axis2P3D Direction',(0.,0.,1.)) ;
#2608=DIRECTION('Axis2P3D XDirection',(1.,0.,0.)) ;
#2622=DIRECTION('Axis2P3D Direction',(0.,-1.,0.)) ;
#2623=DIRECTION('Axis2P3D XDirection',(1.,0.,0.)) ;
#2627=DIRECTION('Vector Direction',(0.,0.,1.)) ;
#2636=DIRECTION('Vector Direction',(1.,0.,0.)) ;
#2643=DIRECTION('Vector Direction',(0.,0.,1.)) ;
#2650=DIRECTION('Vector Direction',(1.,0.,0.)) ;
#2662=DIRECTION('Axis2P3D Direction',(1.,0.,0.)) ;
#2663=DIRECTION('Axis2P3D XDirection',(0.,1.,0.)) ;
#2667=DIRECTION('Vector Direction',(0.,1.,0.)) ;
#2674=DIRECTION('Vector Direction',(0.,0.,1.)) ;
#2681=DIRECTION('Vector Direction',(0.,1.,0.)) ;
#2693=DIRECTION('Axis2P3D Direction',(0.,1.,-0.)) ;
#2694=DIRECTION('Axis2P3D XDirection',(-1.,0.,0.)) ;
#2698=DIRECTION('Vector Direction',(-1.,0.,0.)) ;
#2705=DIRECTION('Vector Direction',(0.,0.,1.)) ;
#2712=DIRECTION('Vector Direction',(-1.,0.,0.)) ;
#2724=DIRECTION('Axis2P3D Direction',(-1.,0.,0.)) ;
#2725=DIRECTION('Axis2P3D XDirection',(0.,-1.,0.)) ;
#2729=DIRECTION('Vector Direction',(0.,-1.,0.)) ;
#2734=DIRECTION('Vector Direction',(0.,-1.,0.)) ;
#2746=DIRECTION('Axis2P3D Direction',(0.,0.,1.)) ;
#2747=DIRECTION('Axis2P3D XDirection',(1.,0.,0.)) ;
#2758=DIRECTION('Axis2P3D Direction',(0.,0.,1.)) ;
#2759=DIRECTION('Axis2P3D XDirection',(1.,0.,0.)) ;
#2773=DIRECTION('Axis2P3D Direction',(0.,-1.,0.)) ;
#2774=DIRECTION('Axis2P3D XDirection',(1.,0.,0.)) ;
#2778=DIRECTION('Vector Direction',(0.,0.,1.)) ;
#2787=DIRECTION('Vector Direction',(1.,0.,0.)) ;
#2794=DIRECTION('Vector Direction',(0.,0.,1.)) ;
#2801=DIRECTION('Vector Direction',(1.,0.,0.)) ;
#2813=DIRECTION('Axis2P3D Direction',(1.,0.,0.)) ;
#2814=DIRECTION('Axis2P3D XDirection',(0.,1.,0.)) ;
#2818=DIRECTION('Vector Direction',(0.,1.,0.)) ;
#2825=DIRECTION('Vector Direction',(0.,0.,1.)) ;
#2832=DIRECTION('Vector Direction',(0.,1.,0.)) ;
#2844=DIRECTION('Axis2P3D Direction',(0.,1.,-0.)) ;
#2845=DIRECTION('Axis2P3D XDirection',(-1.,0.,0.)) ;
#2849=DIRECTION('Vector Direction',(-1.,0.,0.)) ;
#2856=DIRECTION('Vector Direction',(0.,0.,1.)) ;
#2863=DIRECTION('Vector Direction',(-1.,0.,0.)) ;
#2875=DIRECTION('Axis2P3D Direction',(-1.,0.,0.)) ;
#2876=DIRECTION('Axis2P3D XDirection',(0.,-1.,0.)) ;
#2880=DIRECTION('Vector Direction',(0.,-1.,0.)) ;
#2885=DIRECTION('Vector Direction',(0.,-1.,0.)) ;
#2897=DIRECTION('Axis2P3D Direction',(0.,0.,1.)) ;
#2898=DIRECTION('Axis2P3D XDirection',(1.,0.,0.)) ;
#2909=DIRECTION('Axis2P3D Direction',(0.,0.,1.)) ;
#2910=DIRECTION('Axis2P3D XDirection',(1.,0.,0.)) ;
#2924=DIRECTION('Axis2P3D Direction',(0.,-1.,0.)) ;
#2925=DIRECTION('Axis2P3D XDirection',(1.,0.,0.)) ;
#2929=DIRECTION('Vector Direction',(0.,0.,1.)) ;
#2938=DIRECTION('Vector Direction',(1.,0.,0.)) ;
#2945=DIRECTION('Vector Direction',(0.,0.,1.)) ;
#2952=DIRECTION('Vector Direction',(1.,0.,0.)) ;
#2964=DIRECTION('Axis2P3D Direction',(1.,0.,0.)) ;
#2965=DIRECTION('Axis2P3D XDirection',(0.,1.,0.)) ;
#2969=DIRECTION('Vector Direction',(0.,1.,0.)) ;
#2976=DIRECTION('Vector Direction',(0.,0.,1.)) ;
#2983=DIRECTION('Vector Direction',(0.,1.,0.)) ;
#2995=DIRECTION('Axis2P3D Direction',(0.,1.,-0.)) ;
#2996=DIRECTION('Axis2P3D XDirection',(-1.,0.,0.)) ;
#3000=DIRECTION('Vector Direction',(-1.,0.,0.)) ;
#3007=DIRECTION('Vector Direction',(0.,0.,1.)) ;
#3014=DIRECTION('Vector Direction',(-1.,0.,0.)) ;
#3026=DIRECTION('Axis2P3D Direction',(-1.,0.,0.)) ;
#3027=DIRECTION('Axis2P3D XDirection',(0.,-1.,0.)) ;
#3031=DIRECTION('Vector Direction',(0.,-1.,0.)) ;
#3036=DIRECTION('Vector Direction',(0.,-1.,0.)) ;
#3048=DIRECTION('Axis2P3D Direction',(0.,0.,1.)) ;
#3049=DIRECTION('Axis2P3D XDirection',(1.,0.,0.)) ;
#3060=DIRECTION('Axis2P3D Direction',(0.,0.,1.)) ;
#3061=DIRECTION('Axis2P3D XDirection',(1.,0.,0.)) ;
#3075=DIRECTION('Axis2P3D Direction',(0.,-1.,0.)) ;
#3076=DIRECTION('Axis2P3D XDirection',(1.,0.,0.)) ;
#3080=DIRECTION('Vector Direction',(0.,0.,1.)) ;
#3089=DIRECTION('Vector Direction',(1.,0.,0.)) ;
#3096=DIRECTION('Vector Direction',(0.,0.,1.)) ;
#3103=DIRECTION('Vector Direction',(1.,0.,0.)) ;
#3115=DIRECTION('Axis2P3D Direction',(1.,0.,0.)) ;
#3116=DIRECTION('Axis2P3D XDirection',(0.,1.,0.)) ;
#3120=DIRECTION('Vector Direction',(0.,1.,0.)) ;
#3127=DIRECTION('Vector Direction',(0.,0.,1.)) ;
#3134=DIRECTION('Vector Direction',(0.,1.,0.)) ;
#3146=DIRECTION('Axis2P3D Direction',(0.,1.,-0.)) ;
#3147=DIRECTION('Axis2P3D XDirection',(-1.,0.,0.)) ;
#3151=DIRECTION('Vector Direction',(-1.,0.,0.)) ;
#3158=DIRECTION('Vector Direction',(0.,0.,1.)) ;
#3165=DIRECTION('Vector Direction',(-1.,0.,0.)) ;
#3177=DIRECTION('Axis2P3D Direction',(-1.,0.,0.)) ;
#3178=DIRECTION('Axis2P3D XDirection',(0.,-1.,0.)) ;
#3182=DIRECTION('Vector Direction',(0.,-1.,0.)) ;
#3187=DIRECTION('Vector Direction',(0.,-1.,0.)) ;
#3199=DIRECTION('Axis2P3D Direction',(0.,0.,1.)) ;
#3200=DIRECTION('Axis2P3D XDirection',(1.,0.,0.)) ;
#3211=DIRECTION('Axis2P3D Direction',(0.,0.,1.)) ;
#3212=DIRECTION('Axis2P3D XDirection',(1.,0.,0.)) ;
#3226=DIRECTION('Axis2P3D Direction',(0.,-1.,0.)) ;
#3227=DIRECTION('Axis2P3D XDirection',(1.,0.,0.)) ;
#3231=DIRECTION('Vector Direction',(0.,0.,1.)) ;
#3240=DIRECTION('Vector Direction',(1.,0.,0.)) ;
#3247=DIRECTION('Vector Direction',(0.,0.,1.)) ;
#3254=DIRECTION('Vector Direction',(1.,0.,0.)) ;
#3266=DIRECTION('Axis2P3D Direction',(1.,0.,0.)) ;
#3267=DIRECTION('Axis2P3D XDirection',(0.,1.,0.)) ;
#3271=DIRECTION('Vector Direction',(0.,1.,0.)) ;
#3278=DIRECTION('Vector Direction',(0.,0.,1.)) ;
#3285=DIRECTION('Vector Direction',(0.,1.,0.)) ;
#3297=DIRECTION('Axis2P3D Direction',(0.,1.,-0.)) ;
#3298=DIRECTION('Axis2P3D XDirection',(-1.,0.,0.)) ;
#3302=DIRECTION('Vector Direction',(-1.,0.,0.)) ;
#3309=DIRECTION('Vector Direction',(0.,0.,1.)) ;
#3316=DIRECTION('Vector Direction',(-1.,0.,0.)) ;
#3328=DIRECTION('Axis2P3D Direction',(-1.,0.,0.)) ;
#3329=DIRECTION('Axis2P3D XDirection',(0.,-1.,0.)) ;
#3333=DIRECTION('Vector Direction',(0.,-1.,0.)) ;
#3338=DIRECTION('Vector Direction',(0.,-1.,0.)) ;
#3350=DIRECTION('Axis2P3D Direction',(0.,0.,1.)) ;
#3351=DIRECTION('Axis2P3D XDirection',(1.,0.,0.)) ;
#3362=DIRECTION('Axis2P3D Direction',(0.,0.,1.)) ;
#3363=DIRECTION('Axis2P3D XDirection',(1.,0.,0.)) ;
#3377=DIRECTION('Axis2P3D Direction',(0.,-1.,0.)) ;
#3378=DIRECTION('Axis2P3D XDirection',(1.,0.,0.)) ;
#3382=DIRECTION('Vector Direction',(0.,0.,1.)) ;
#3391=DIRECTION('Vector Direction',(1.,0.,0.)) ;
#3398=DIRECTION('Vector Direction',(0.,0.,1.)) ;
#3405=DIRECTION('Vector Direction',(1.,0.,0.)) ;
#3417=DIRECTION('Axis2P3D Direction',(1.,0.,0.)) ;
#3418=DIRECTION('Axis2P3D XDirection',(0.,1.,0.)) ;
#3422=DIRECTION('Vector Direction',(0.,1.,0.)) ;
#3429=DIRECTION('Vector Direction',(0.,0.,1.)) ;
#3436=DIRECTION('Vector Direction',(0.,1.,0.)) ;
#3448=DIRECTION('Axis2P3D Direction',(0.,1.,-0.)) ;
#3449=DIRECTION('Axis2P3D XDirection',(-1.,0.,0.)) ;
#3453=DIRECTION('Vector Direction',(-1.,0.,0.)) ;
#3460=DIRECTION('Vector Direction',(0.,0.,1.)) ;
#3467=DIRECTION('Vector Direction',(-1.,0.,0.)) ;
#3479=DIRECTION('Axis2P3D Direction',(-1.,0.,0.)) ;
#3480=DIRECTION('Axis2P3D XDirection',(0.,-1.,0.)) ;
#3484=DIRECTION('Vector Direction',(0.,-1.,0.)) ;
#3489=DIRECTION('Vector Direction',(0.,-1.,0.)) ;
#3501=DIRECTION('Axis2P3D Direction',(0.,0.,1.)) ;
#3502=DIRECTION('Axis2P3D XDirection',(1.,0.,0.)) ;
#3513=DIRECTION('Axis2P3D Direction',(0.,0.,1.)) ;
#3514=DIRECTION('Axis2P3D XDirection',(1.,0.,0.)) ;
#3528=DIRECTION('Axis2P3D Direction',(0.,-1.,0.)) ;
#3529=DIRECTION('Axis2P3D XDirection',(1.,0.,0.)) ;
#3533=DIRECTION('Vector Direction',(0.,0.,1.)) ;
#3542=DIRECTION('Vector Direction',(1.,0.,0.)) ;
#3549=DIRECTION('Vector Direction',(0.,0.,1.)) ;
#3556=DIRECTION('Vector Direction',(1.,0.,0.)) ;
#3568=DIRECTION('Axis2P3D Direction',(1.,0.,0.)) ;
#3569=DIRECTION('Axis2P3D XDirection',(0.,1.,0.)) ;
#3573=DIRECTION('Vector Direction',(0.,1.,0.)) ;
#3580=DIRECTION('Vector Direction',(0.,0.,1.)) ;
#3587=DIRECTION('Vector Direction',(0.,1.,0.)) ;
#3599=DIRECTION('Axis2P3D Direction',(0.,1.,-0.)) ;
#3600=DIRECTION('Axis2P3D XDirection',(-1.,0.,0.)) ;
#3604=DIRECTION('Vector Direction',(-1.,0.,0.)) ;
#3611=DIRECTION('Vector Direction',(0.,0.,1.)) ;
#3618=DIRECTION('Vector Direction',(-1.,0.,0.)) ;
#3630=DIRECTION('Axis2P3D Direction',(-1.,0.,0.)) ;
#3631=DIRECTION('Axis2P3D XDirection',(0.,-1.,0.)) ;
#3635=DIRECTION('Vector Direction',(0.,-1.,0.)) ;
#3640=DIRECTION('Vector Direction',(0.,-1.,0.)) ;
#3652=DIRECTION('Axis2P3D Direction',(0.,0.,1.)) ;
#3653=DIRECTION('Axis2P3D XDirection',(1.,0.,0.)) ;
#3664=DIRECTION('Axis2P3D Direction',(0.,0.,1.)) ;
#3665=DIRECTION('Axis2P3D XDirection',(1.,0.,0.)) ;
#3679=DIRECTION('Axis2P3D Direction',(-1.,0.,0.)) ;
#3680=DIRECTION('Axis2P3D XDirection',(0.,-1.,0.)) ;
#3684=DIRECTION('Vector Direction',(0.,0.,1.)) ;
#3693=DIRECTION('Vector Direction',(0.,-1.,0.)) ;
#3700=DIRECTION('Vector Direction',(0.,0.,1.)) ;
#3707=DIRECTION('Vector Direction',(0.,-1.,0.)) ;
#3719=DIRECTION('Axis2P3D Direction',(0.,1.,-0.)) ;
#3720=DIRECTION('Axis2P3D XDirection',(-1.,0.,0.)) ;
#3724=DIRECTION('Vector Direction',(-1.,0.,0.)) ;
#3731=DIRECTION('Vector Direction',(0.,0.,1.)) ;
#3738=DIRECTION('Vector Direction',(-1.,0.,0.)) ;
#3750=DIRECTION('Axis2P3D Direction',(1.,0.,0.)) ;
#3751=DIRECTION('Axis2P3D XDirection',(0.,1.,0.)) ;
#3755=DIRECTION('Vector Direction',(0.,1.,0.)) ;
#3762=DIRECTION('Vector Direction',(0.,0.,1.)) ;
#3769=DIRECTION('Vector Direction',(0.,1.,0.)) ;
#3781=DIRECTION('Axis2P3D Direction',(0.,-1.,0.)) ;
#3782=DIRECTION('Axis2P3D XDirection',(1.,0.,0.)) ;
#3786=DIRECTION('Vector Direction',(1.,0.,0.)) ;
#3791=DIRECTION('Vector Direction',(1.,0.,0.)) ;
#3803=DIRECTION('Axis2P3D Direction',(0.,0.,1.)) ;
#3804=DIRECTION('Axis2P3D XDirection',(1.,0.,0.)) ;
#3815=DIRECTION('Axis2P3D Direction',(0.,0.,1.)) ;
#3816=DIRECTION('Axis2P3D XDirection',(1.,0.,0.)) ;
#3830=DIRECTION('Axis2P3D Direction',(0.,-1.,0.)) ;
#3831=DIRECTION('Axis2P3D XDirection',(1.,0.,0.)) ;
#3835=DIRECTION('Vector Direction',(0.,0.,1.)) ;
#3844=DIRECTION('Vector Direction',(1.,0.,0.)) ;
#3851=DIRECTION('Vector Direction',(0.,0.,1.)) ;
#3858=DIRECTION('Vector Direction',(1.,0.,0.)) ;
#3870=DIRECTION('Axis2P3D Direction',(1.,0.,0.)) ;
#3871=DIRECTION('Axis2P3D XDirection',(0.,1.,0.)) ;
#3875=DIRECTION('Vector Direction',(0.,1.,0.)) ;
#3882=DIRECTION('Vector Direction',(0.,0.,1.)) ;
#3889=DIRECTION('Vector Direction',(0.,1.,0.)) ;
#3901=DIRECTION('Axis2P3D Direction',(0.,1.,-0.)) ;
#3902=DIRECTION('Axis2P3D XDirection',(-1.,0.,0.)) ;
#3906=DIRECTION('Vector Direction',(-1.,0.,0.)) ;
#3913=DIRECTION('Vector Direction',(0.,0.,1.)) ;
#3920=DIRECTION('Vector Direction',(-1.,0.,0.)) ;
#3932=DIRECTION('Axis2P3D Direction',(-1.,0.,0.)) ;
#3933=DIRECTION('Axis2P3D XDirection',(0.,-1.,0.)) ;
#3937=DIRECTION('Vector Direction',(0.,-1.,0.)) ;
#3942=DIRECTION('Vector Direction',(0.,-1.,0.)) ;
#3954=DIRECTION('Axis2P3D Direction',(0.,0.,1.)) ;
#3955=DIRECTION('Axis2P3D XDirection',(1.,0.,0.)) ;
#3966=DIRECTION('Axis2P3D Direction',(0.,0.,1.)) ;
#3967=DIRECTION('Axis2P3D XDirection',(1.,0.,0.)) ;
#3981=DIRECTION('Axis2P3D Direction',(0.,-1.,0.)) ;
#3982=DIRECTION('Axis2P3D XDirection',(1.,0.,0.)) ;
#3986=DIRECTION('Vector Direction',(0.,0.,1.)) ;
#3995=DIRECTION('Vector Direction',(1.,0.,0.)) ;
#4002=DIRECTION('Vector Direction',(0.,0.,1.)) ;
#4009=DIRECTION('Vector Direction',(1.,0.,0.)) ;
#4021=DIRECTION('Axis2P3D Direction',(1.,0.,0.)) ;
#4022=DIRECTION('Axis2P3D XDirection',(0.,1.,0.)) ;
#4026=DIRECTION('Vector Direction',(0.,1.,0.)) ;
#4033=DIRECTION('Vector Direction',(0.,0.,1.)) ;
#4040=DIRECTION('Vector Direction',(0.,1.,0.)) ;
#4052=DIRECTION('Axis2P3D Direction',(0.,1.,-0.)) ;
#4053=DIRECTION('Axis2P3D XDirection',(-1.,0.,0.)) ;
#4057=DIRECTION('Vector Direction',(-1.,0.,0.)) ;
#4064=DIRECTION('Vector Direction',(0.,0.,1.)) ;
#4071=DIRECTION('Vector Direction',(-1.,0.,0.)) ;
#4083=DIRECTION('Axis2P3D Direction',(-1.,0.,0.)) ;
#4084=DIRECTION('Axis2P3D XDirection',(0.,-1.,0.)) ;
#4088=DIRECTION('Vector Direction',(0.,-1.,0.)) ;
#4093=DIRECTION('Vector Direction',(0.,-1.,0.)) ;
#4105=DIRECTION('Axis2P3D Direction',(0.,0.,1.)) ;
#4106=DIRECTION('Axis2P3D XDirection',(1.,0.,0.)) ;
#4117=DIRECTION('Axis2P3D Direction',(0.,0.,1.)) ;
#4118=DIRECTION('Axis2P3D XDirection',(1.,0.,0.)) ;
#4132=DIRECTION('Axis2P3D Direction',(0.,-1.,0.)) ;
#4133=DIRECTION('Axis2P3D XDirection',(1.,0.,0.)) ;
#4137=DIRECTION('Vector Direction',(0.,0.,1.)) ;
#4146=DIRECTION('Vector Direction',(1.,0.,0.)) ;
#4153=DIRECTION('Vector Direction',(0.,0.,1.)) ;
#4160=DIRECTION('Vector Direction',(1.,0.,0.)) ;
#4172=DIRECTION('Axis2P3D Direction',(1.,0.,0.)) ;
#4173=DIRECTION('Axis2P3D XDirection',(0.,1.,0.)) ;
#4177=DIRECTION('Vector Direction',(0.,1.,0.)) ;
#4184=DIRECTION('Vector Direction',(0.,0.,1.)) ;
#4191=DIRECTION('Vector Direction',(0.,1.,0.)) ;
#4203=DIRECTION('Axis2P3D Direction',(0.,1.,-0.)) ;
#4204=DIRECTION('Axis2P3D XDirection',(-1.,0.,0.)) ;
#4208=DIRECTION('Vector Direction',(-1.,0.,0.)) ;
#4215=DIRECTION('Vector Direction',(0.,0.,1.)) ;
#4222=DIRECTION('Vector Direction',(-1.,0.,0.)) ;
#4234=DIRECTION('Axis2P3D Direction',(-1.,0.,0.)) ;
#4235=DIRECTION('Axis2P3D XDirection',(0.,-1.,0.)) ;
#4239=DIRECTION('Vector Direction',(0.,-1.,0.)) ;
#4244=DIRECTION('Vector Direction',(0.,-1.,0.)) ;
#4256=DIRECTION('Axis2P3D Direction',(0.,0.,1.)) ;
#4257=DIRECTION('Axis2P3D XDirection',(1.,0.,0.)) ;
#4268=DIRECTION('Axis2P3D Direction',(0.,0.,1.)) ;
#4269=DIRECTION('Axis2P3D XDirection',(1.,0.,0.)) ;
#4283=DIRECTION('Axis2P3D Direction',(0.,-1.,0.)) ;
#4284=DIRECTION('Axis2P3D XDirection',(1.,0.,0.)) ;
#4288=DIRECTION('Vector Direction',(0.,0.,1.)) ;
#4297=DIRECTION('Vector Direction',(1.,0.,0.)) ;
#4304=DIRECTION('Vector Direction',(0.,0.,1.)) ;
#4311=DIRECTION('Vector Direction',(1.,0.,0.)) ;
#4323=DIRECTION('Axis2P3D Direction',(1.,0.,0.)) ;
#4324=DIRECTION('Axis2P3D XDirection',(0.,1.,0.)) ;
#4328=DIRECTION('Vector Direction',(0.,1.,0.)) ;
#4335=DIRECTION('Vector Direction',(0.,0.,1.)) ;
#4342=DIRECTION('Vector Direction',(0.,1.,0.)) ;
#4354=DIRECTION('Axis2P3D Direction',(0.,1.,-0.)) ;
#4355=DIRECTION('Axis2P3D XDirection',(-1.,0.,0.)) ;
#4359=DIRECTION('Vector Direction',(-1.,0.,0.)) ;
#4366=DIRECTION('Vector Direction',(0.,0.,1.)) ;
#4373=DIRECTION('Vector Direction',(-1.,0.,0.)) ;
#4385=DIRECTION('Axis2P3D Direction',(-1.,0.,0.)) ;
#4386=DIRECTION('Axis2P3D XDirection',(0.,-1.,0.)) ;
#4390=DIRECTION('Vector Direction',(0.,-1.,0.)) ;
#4395=DIRECTION('Vector Direction',(0.,-1.,0.)) ;
#4407=DIRECTION('Axis2P3D Direction',(0.,0.,1.)) ;
#4408=DIRECTION('Axis2P3D XDirection',(1.,0.,0.)) ;
#4419=DIRECTION('Axis2P3D Direction',(0.,0.,1.)) ;
#4420=DIRECTION('Axis2P3D XDirection',(1.,0.,0.)) ;
#4434=DIRECTION('Axis2P3D Direction',(0.,-1.,0.)) ;
#4435=DIRECTION('Axis2P3D XDirection',(1.,0.,0.)) ;
#4439=DIRECTION('Vector Direction',(0.,0.,1.)) ;
#4448=DIRECTION('Vector Direction',(1.,0.,0.)) ;
#4455=DIRECTION('Vector Direction',(0.,0.,1.)) ;
#4462=DIRECTION('Vector Direction',(1.,0.,0.)) ;
#4474=DIRECTION('Axis2P3D Direction',(1.,0.,0.)) ;
#4475=DIRECTION('Axis2P3D XDirection',(0.,1.,0.)) ;
#4479=DIRECTION('Vector Direction',(0.,1.,0.)) ;
#4486=DIRECTION('Vector Direction',(0.,0.,1.)) ;
#4493=DIRECTION('Vector Direction',(0.,1.,0.)) ;
#4505=DIRECTION('Axis2P3D Direction',(0.,1.,-0.)) ;
#4506=DIRECTION('Axis2P3D XDirection',(-1.,0.,0.)) ;
#4510=DIRECTION('Vector Direction',(-1.,0.,0.)) ;
#4517=DIRECTION('Vector Direction',(0.,0.,1.)) ;
#4524=DIRECTION('Vector Direction',(-1.,0.,0.)) ;
#4536=DIRECTION('Axis2P3D Direction',(-1.,0.,0.)) ;
#4537=DIRECTION('Axis2P3D XDirection',(0.,-1.,0.)) ;
#4541=DIRECTION('Vector Direction',(0.,-1.,0.)) ;
#4546=DIRECTION('Vector Direction',(0.,-1.,0.)) ;
#4558=DIRECTION('Axis2P3D Direction',(0.,0.,1.)) ;
#4559=DIRECTION('Axis2P3D XDirection',(1.,0.,0.)) ;
#4570=DIRECTION('Axis2P3D Direction',(0.,0.,1.)) ;
#4571=DIRECTION('Axis2P3D XDirection',(1.,0.,0.)) ;
#4585=DIRECTION('Axis2P3D Direction',(0.,-1.,0.)) ;
#4586=DIRECTION('Axis2P3D XDirection',(1.,0.,0.)) ;
#4590=DIRECTION('Vector Direction',(0.,0.,1.)) ;
#4599=DIRECTION('Vector Direction',(1.,0.,0.)) ;
#4606=DIRECTION('Vector Direction',(0.,0.,1.)) ;
#4613=DIRECTION('Vector Direction',(1.,0.,0.)) ;
#4625=DIRECTION('Axis2P3D Direction',(1.,0.,0.)) ;
#4626=DIRECTION('Axis2P3D XDirection',(0.,1.,0.)) ;
#4630=DIRECTION('Vector Direction',(0.,1.,0.)) ;
#4637=DIRECTION('Vector Direction',(0.,0.,1.)) ;
#4644=DIRECTION('Vector Direction',(0.,1.,0.)) ;
#4656=DIRECTION('Axis2P3D Direction',(0.,1.,-0.)) ;
#4657=DIRECTION('Axis2P3D XDirection',(-1.,0.,0.)) ;
#4661=DIRECTION('Vector Direction',(-1.,0.,0.)) ;
#4668=DIRECTION('Vector Direction',(0.,0.,1.)) ;
#4675=DIRECTION('Vector Direction',(-1.,0.,0.)) ;
#4687=DIRECTION('Axis2P3D Direction',(-1.,0.,0.)) ;
#4688=DIRECTION('Axis2P3D XDirection',(0.,-1.,0.)) ;
#4692=DIRECTION('Vector Direction',(0.,-1.,0.)) ;
#4697=DIRECTION('Vector Direction',(0.,-1.,0.)) ;
#4709=DIRECTION('Axis2P3D Direction',(0.,0.,1.)) ;
#4710=DIRECTION('Axis2P3D XDirection',(1.,0.,0.)) ;
#4721=DIRECTION('Axis2P3D Direction',(0.,0.,1.)) ;
#4722=DIRECTION('Axis2P3D XDirection',(1.,0.,0.)) ;
#4736=DIRECTION('Axis2P3D Direction',(0.,-1.,0.)) ;
#4737=DIRECTION('Axis2P3D XDirection',(1.,0.,0.)) ;
#4741=DIRECTION('Vector Direction',(0.,0.,1.)) ;
#4750=DIRECTION('Vector Direction',(1.,0.,0.)) ;
#4757=DIRECTION('Vector Direction',(0.,0.,1.)) ;
#4764=DIRECTION('Vector Direction',(1.,0.,0.)) ;
#4776=DIRECTION('Axis2P3D Direction',(1.,0.,0.)) ;
#4777=DIRECTION('Axis2P3D XDirection',(0.,1.,0.)) ;
#4781=DIRECTION('Vector Direction',(0.,1.,0.)) ;
#4788=DIRECTION('Vector Direction',(0.,0.,1.)) ;
#4795=DIRECTION('Vector Direction',(0.,1.,0.)) ;
#4807=DIRECTION('Axis2P3D Direction',(0.,1.,-0.)) ;
#4808=DIRECTION('Axis2P3D XDirection',(-1.,0.,0.)) ;
#4812=DIRECTION('Vector Direction',(-1.,0.,0.)) ;
#4819=DIRECTION('Vector Direction',(0.,0.,1.)) ;
#4826=DIRECTION('Vector Direction',(-1.,0.,0.)) ;
#4838=DIRECTION('Axis2P3D Direction',(-1.,0.,0.)) ;
#4839=DIRECTION('Axis2P3D XDirection',(0.,-1.,0.)) ;
#4843=DIRECTION('Vector Direction',(0.,-1.,0.)) ;
#4848=DIRECTION('Vector Direction',(0.,-1.,0.)) ;
#4860=DIRECTION('Axis2P3D Direction',(0.,0.,1.)) ;
#4861=DIRECTION('Axis2P3D XDirection',(1.,0.,0.)) ;
#4872=DIRECTION('Axis2P3D Direction',(0.,0.,1.)) ;
#4873=DIRECTION('Axis2P3D XDirection',(1.,0.,0.)) ;
#4887=DIRECTION('Axis2P3D Direction',(-1.,0.,0.)) ;
#4888=DIRECTION('Axis2P3D XDirection',(0.,-1.,0.)) ;
#4892=DIRECTION('Vector Direction',(0.,0.,1.)) ;
#4901=DIRECTION('Vector Direction',(0.,-1.,0.)) ;
#4908=DIRECTION('Vector Direction',(0.,0.,1.)) ;
#4915=DIRECTION('Vector Direction',(0.,-1.,0.)) ;
#4927=DIRECTION('Axis2P3D Direction',(0.,1.,-0.)) ;
#4928=DIRECTION('Axis2P3D XDirection',(-1.,0.,0.)) ;
#4932=DIRECTION('Vector Direction',(-1.,0.,0.)) ;
#4939=DIRECTION('Vector Direction',(0.,0.,1.)) ;
#4946=DIRECTION('Vector Direction',(-1.,0.,0.)) ;
#4958=DIRECTION('Axis2P3D Direction',(1.,0.,0.)) ;
#4959=DIRECTION('Axis2P3D XDirection',(0.,1.,0.)) ;
#4963=DIRECTION('Vector Direction',(0.,1.,0.)) ;
#4970=DIRECTION('Vector Direction',(0.,0.,1.)) ;
#4977=DIRECTION('Vector Direction',(0.,1.,0.)) ;
#4989=DIRECTION('Axis2P3D Direction',(0.,-1.,0.)) ;
#4990=DIRECTION('Axis2P3D XDirection',(1.,0.,0.)) ;
#4994=DIRECTION('Vector Direction',(1.,0.,0.)) ;
#4999=DIRECTION('Vector Direction',(1.,0.,0.)) ;
#5011=DIRECTION('Axis2P3D Direction',(0.,0.,1.)) ;
#5012=DIRECTION('Axis2P3D XDirection',(1.,0.,0.)) ;
#5023=DIRECTION('Axis2P3D Direction',(0.,0.,1.)) ;
#5024=DIRECTION('Axis2P3D XDirection',(1.,0.,0.)) ;
#5038=DIRECTION('Axis2P3D Direction',(0.,-1.,0.)) ;
#5039=DIRECTION('Axis2P3D XDirection',(1.,0.,0.)) ;
#5043=DIRECTION('Vector Direction',(0.,0.,1.)) ;
#5052=DIRECTION('Vector Direction',(1.,0.,0.)) ;
#5059=DIRECTION('Vector Direction',(0.,0.,1.)) ;
#5066=DIRECTION('Vector Direction',(1.,0.,0.)) ;
#5078=DIRECTION('Axis2P3D Direction',(1.,0.,0.)) ;
#5079=DIRECTION('Axis2P3D XDirection',(0.,1.,0.)) ;
#5083=DIRECTION('Vector Direction',(0.,1.,0.)) ;
#5090=DIRECTION('Vector Direction',(0.,0.,1.)) ;
#5097=DIRECTION('Vector Direction',(0.,1.,0.)) ;
#5109=DIRECTION('Axis2P3D Direction',(0.,1.,-0.)) ;
#5110=DIRECTION('Axis2P3D XDirection',(-1.,0.,0.)) ;
#5114=DIRECTION('Vector Direction',(-1.,0.,0.)) ;
#5121=DIRECTION('Vector Direction',(0.,0.,1.)) ;
#5128=DIRECTION('Vector Direction',(-1.,0.,0.)) ;
#5140=DIRECTION('Axis2P3D Direction',(-1.,0.,0.)) ;
#5141=DIRECTION('Axis2P3D XDirection',(0.,-1.,0.)) ;
#5145=DIRECTION('Vector Direction',(0.,-1.,0.)) ;
#5150=DIRECTION('Vector Direction',(0.,-1.,0.)) ;
#5162=DIRECTION('Axis2P3D Direction',(0.,0.,1.)) ;
#5163=DIRECTION('Axis2P3D XDirection',(1.,0.,0.)) ;
#5174=DIRECTION('Axis2P3D Direction',(0.,0.,1.)) ;
#5175=DIRECTION('Axis2P3D XDirection',(1.,0.,0.)) ;
#8=PRODUCT_RELATED_PRODUCT_CATEGORY('part',$,(#5)) ;
#7=PRODUCT_CATEGORY('part','specification') ;
#29=STYLED_ITEM(' ',(#28),#21) ;
#189=STYLED_ITEM(' ',(#188),#181) ;
#340=STYLED_ITEM(' ',(#28),#339) ;
#491=STYLED_ITEM(' ',(#188),#490) ;
#642=STYLED_ITEM(' ',(#28),#641) ;
#800=STYLED_ITEM(' ',(#799),#792) ;
#958=STYLED_ITEM(' ',(#957),#950) ;
#1109=STYLED_ITEM(' ',(#957),#1108) ;
#1260=STYLED_ITEM(' ',(#28),#1259) ;
#1411=STYLED_ITEM(' ',(#188),#1410) ;
#1562=STYLED_ITEM(' ',(#188),#1561) ;
#1713=STYLED_ITEM(' ',(#28),#1712) ;
#1864=STYLED_ITEM(' ',(#188),#1863) ;
#2015=STYLED_ITEM(' ',(#28),#2014) ;
#2166=STYLED_ITEM(' ',(#799),#2165) ;
#2317=STYLED_ITEM(' ',(#957),#2316) ;
#2468=STYLED_ITEM(' ',(#957),#2467) ;
#2619=STYLED_ITEM(' ',(#28),#2618) ;
#2770=STYLED_ITEM(' ',(#188),#2769) ;
#2921=STYLED_ITEM(' ',(#188),#2920) ;
#3072=STYLED_ITEM(' ',(#28),#3071) ;
#3223=STYLED_ITEM(' ',(#188),#3222) ;
#3374=STYLED_ITEM(' ',(#28),#3373) ;
#3525=STYLED_ITEM(' ',(#799),#3524) ;
#3676=STYLED_ITEM(' ',(#957),#3675) ;
#3827=STYLED_ITEM(' ',(#957),#3826) ;
#3978=STYLED_ITEM(' ',(#188),#3977) ;
#4129=STYLED_ITEM(' ',(#188),#4128) ;
#4280=STYLED_ITEM(' ',(#28),#4279) ;
#4431=STYLED_ITEM(' ',(#188),#4430) ;
#4582=STYLED_ITEM(' ',(#28),#4581) ;
#4733=STYLED_ITEM(' ',(#799),#4732) ;
#4884=STYLED_ITEM(' ',(#957),#4883) ;
#5035=STYLED_ITEM(' ',(#957),#5034) ;
#28=PRESENTATION_STYLE_ASSIGNMENT((#27)) ;
#188=PRESENTATION_STYLE_ASSIGNMENT((#187)) ;
#799=PRESENTATION_STYLE_ASSIGNMENT((#798)) ;
#957=PRESENTATION_STYLE_ASSIGNMENT((#956)) ;
#27=SURFACE_STYLE_USAGE(.BOTH.,#26) ;
#187=SURFACE_STYLE_USAGE(.BOTH.,#186) ;
#798=SURFACE_STYLE_USAGE(.BOTH.,#797) ;
#956=SURFACE_STYLE_USAGE(.BOTH.,#955) ;
#26=SURFACE_SIDE_STYLE(' ',(#25)) ;
#186=SURFACE_SIDE_STYLE(' ',(#185)) ;
#797=SURFACE_SIDE_STYLE(' ',(#796)) ;
#955=SURFACE_SIDE_STYLE(' ',(#954)) ;
#25=SURFACE_STYLE_FILL_AREA(#24) ;
#185=SURFACE_STYLE_FILL_AREA(#184) ;
#796=SURFACE_STYLE_FILL_AREA(#795) ;
#954=SURFACE_STYLE_FILL_AREA(#953) ;
#24=FILL_AREA_STYLE(' ',(#23)) ;
#184=FILL_AREA_STYLE(' ',(#183)) ;
#795=FILL_AREA_STYLE(' ',(#794)) ;
#953=FILL_AREA_STYLE(' ',(#952)) ;
#23=FILL_AREA_STYLE_COLOUR(' ',#22) ;
#183=FILL_AREA_STYLE_COLOUR(' ',#182) ;
#794=FILL_AREA_STYLE_COLOUR(' ',#793) ;
#952=FILL_AREA_STYLE_COLOUR(' ',#951) ;
#38=VECTOR('Line Direction',#37,1.) ;
#47=VECTOR('Line Direction',#46,1.) ;
#54=VECTOR('Line Direction',#53,1.) ;
#61=VECTOR('Line Direction',#60,1.) ;
#78=VECTOR('Line Direction',#77,1.) ;
#85=VECTOR('Line Direction',#84,1.) ;
#92=VECTOR('Line Direction',#91,1.) ;
#109=VECTOR('Line Direction',#108,1.) ;
#116=VECTOR('Line Direction',#115,1.) ;
#123=VECTOR('Line Direction',#122,1.) ;
#140=VECTOR('Line Direction',#139,1.) ;
#145=VECTOR('Line Direction',#144,1.) ;
#198=VECTOR('Line Direction',#197,1.) ;
#207=VECTOR('Line Direction',#206,1.) ;
#214=VECTOR('Line Direction',#213,1.) ;
#221=VECTOR('Line Direction',#220,1.) ;
#238=VECTOR('Line Direction',#237,1.) ;
#245=VECTOR('Line Direction',#244,1.) ;
#252=VECTOR('Line Direction',#251,1.) ;
#269=VECTOR('Line Direction',#268,1.) ;
#276=VECTOR('Line Direction',#275,1.) ;
#283=VECTOR('Line Direction',#282,1.) ;
#300=VECTOR('Line Direction',#299,1.) ;
#305=VECTOR('Line Direction',#304,1.) ;
#349=VECTOR('Line Direction',#348,1.) ;
#358=VECTOR('Line Direction',#357,1.) ;
#365=VECTOR('Line Direction',#364,1.) ;
#372=VECTOR('Line Direction',#371,1.) ;
#389=VECTOR('Line Direction',#388,1.) ;
#396=VECTOR('Line Direction',#395,1.) ;
#403=VECTOR('Line Direction',#402,1.) ;
#420=VECTOR('Line Direction',#419,1.) ;
#427=VECTOR('Line Direction',#426,1.) ;
#434=VECTOR('Line Direction',#433,1.) ;
#451=VECTOR('Line Direction',#450,1.) ;
#456=VECTOR('Line Direction',#455,1.) ;
#500=VECTOR('Line Direction',#499,1.) ;
#509=VECTOR('Line Direction',#508,1.) ;
#516=VECTOR('Line Direction',#515,1.) ;
#523=VECTOR('Line Direction',#522,1.) ;
#540=VECTOR('Line Direction',#539,1.) ;
#547=VECTOR('Line Direction',#546,1.) ;
#554=VECTOR('Line Direction',#553,1.) ;
#571=VECTOR('Line Direction',#570,1.) ;
#578=VECTOR('Line Direction',#577,1.) ;
#585=VECTOR('Line Direction',#584,1.) ;
#602=VECTOR('Line Direction',#601,1.) ;
#607=VECTOR('Line Direction',#606,1.) ;
#651=VECTOR('Line Direction',#650,1.) ;
#660=VECTOR('Line Direction',#659,1.) ;
#667=VECTOR('Line Direction',#666,1.) ;
#674=VECTOR('Line Direction',#673,1.) ;
#691=VECTOR('Line Direction',#690,1.) ;
#698=VECTOR('Line Direction',#697,1.) ;
#705=VECTOR('Line Direction',#704,1.) ;
#722=VECTOR('Line Direction',#721,1.) ;
#729=VECTOR('Line Direction',#728,1.) ;
#736=VECTOR('Line Direction',#735,1.) ;
#753=VECTOR('Line Direction',#752,1.) ;
#758=VECTOR('Line Direction',#757,1.) ;
#809=VECTOR('Line Direction',#808,1.) ;
#818=VECTOR('Line Direction',#817,1.) ;
#825=VECTOR('Line Direction',#824,1.) ;
#832=VECTOR('Line Direction',#831,1.) ;
#849=VECTOR('Line Direction',#848,1.) ;
#856=VECTOR('Line Direction',#855,1.) ;
#863=VECTOR('Line Direction',#862,1.) ;
#880=VECTOR('Line Direction',#879,1.) ;
#887=VECTOR('Line Direction',#886,1.) ;
#894=VECTOR('Line Direction',#893,1.) ;
#911=VECTOR('Line Direction',#910,1.) ;
#916=VECTOR('Line Direction',#915,1.) ;
#967=VECTOR('Line Direction',#966,1.) ;
#976=VECTOR('Line Direction',#975,1.) ;
#983=VECTOR('Line Direction',#982,1.) ;
#990=VECTOR('Line Direction',#989,1.) ;
#1007=VECTOR('Line Direction',#1006,1.) ;
#1014=VECTOR('Line Direction',#1013,1.) ;
#1021=VECTOR('Line Direction',#1020,1.) ;
#1038=VECTOR('Line Direction',#1037,1.) ;
#1045=VECTOR('Line Direction',#1044,1.) ;
#1052=VECTOR('Line Direction',#1051,1.) ;
#1069=VECTOR('Line Direction',#1068,1.) ;
#1074=VECTOR('Line Direction',#1073,1.) ;
#1118=VECTOR('Line Direction',#1117,1.) ;
#1127=VECTOR('Line Direction',#1126,1.) ;
#1134=VECTOR('Line Direction',#1133,1.) ;
#1141=VECTOR('Line Direction',#1140,1.) ;
#1158=VECTOR('Line Direction',#1157,1.) ;
#1165=VECTOR('Line Direction',#1164,1.) ;
#1172=VECTOR('Line Direction',#1171,1.) ;
#1189=VECTOR('Line Direction',#1188,1.) ;
#1196=VECTOR('Line Direction',#1195,1.) ;
#1203=VECTOR('Line Direction',#1202,1.) ;
#1220=VECTOR('Line Direction',#1219,1.) ;
#1225=VECTOR('Line Direction',#1224,1.) ;
#1269=VECTOR('Line Direction',#1268,1.) ;
#1278=VECTOR('Line Direction',#1277,1.) ;
#1285=VECTOR('Line Direction',#1284,1.) ;
#1292=VECTOR('Line Direction',#1291,1.) ;
#1309=VECTOR('Line Direction',#1308,1.) ;
#1316=VECTOR('Line Direction',#1315,1.) ;
#1323=VECTOR('Line Direction',#1322,1.) ;
#1340=VECTOR('Line Direction',#1339,1.) ;
#1347=VECTOR('Line Direction',#1346,1.) ;
#1354=VECTOR('Line Direction',#1353,1.) ;
#1371=VECTOR('Line Direction',#1370,1.) ;
#1376=VECTOR('Line Direction',#1375,1.) ;
#1420=VECTOR('Line Direction',#1419,1.) ;
#1429=VECTOR('Line Direction',#1428,1.) ;
#1436=VECTOR('Line Direction',#1435,1.) ;
#1443=VECTOR('Line Direction',#1442,1.) ;
#1460=VECTOR('Line Direction',#1459,1.) ;
#1467=VECTOR('Line Direction',#1466,1.) ;
#1474=VECTOR('Line Direction',#1473,1.) ;
#1491=VECTOR('Line Direction',#1490,1.) ;
#1498=VECTOR('Line Direction',#1497,1.) ;
#1505=VECTOR('Line Direction',#1504,1.) ;
#1522=VECTOR('Line Direction',#1521,1.) ;
#1527=VECTOR('Line Direction',#1526,1.) ;
#1571=VECTOR('Line Direction',#1570,1.) ;
#1580=VECTOR('Line Direction',#1579,1.) ;
#1587=VECTOR('Line Direction',#1586,1.) ;
#1594=VECTOR('Line Direction',#1593,1.) ;
#1611=VECTOR('Line Direction',#1610,1.) ;
#1618=VECTOR('Line Direction',#1617,1.) ;
#1625=VECTOR('Line Direction',#1624,1.) ;
#1642=VECTOR('Line Direction',#1641,1.) ;
#1649=VECTOR('Line Direction',#1648,1.) ;
#1656=VECTOR('Line Direction',#1655,1.) ;
#1673=VECTOR('Line Direction',#1672,1.) ;
#1678=VECTOR('Line Direction',#1677,1.) ;
#1722=VECTOR('Line Direction',#1721,1.) ;
#1731=VECTOR('Line Direction',#1730,1.) ;
#1738=VECTOR('Line Direction',#1737,1.) ;
#1745=VECTOR('Line Direction',#1744,1.) ;
#1762=VECTOR('Line Direction',#1761,1.) ;
#1769=VECTOR('Line Direction',#1768,1.) ;
#1776=VECTOR('Line Direction',#1775,1.) ;
#1793=VECTOR('Line Direction',#1792,1.) ;
#1800=VECTOR('Line Direction',#1799,1.) ;
#1807=VECTOR('Line Direction',#1806,1.) ;
#1824=VECTOR('Line Direction',#1823,1.) ;
#1829=VECTOR('Line Direction',#1828,1.) ;
#1873=VECTOR('Line Direction',#1872,1.) ;
#1882=VECTOR('Line Direction',#1881,1.) ;
#1889=VECTOR('Line Direction',#1888,1.) ;
#1896=VECTOR('Line Direction',#1895,1.) ;
#1913=VECTOR('Line Direction',#1912,1.) ;
#1920=VECTOR('Line Direction',#1919,1.) ;
#1927=VECTOR('Line Direction',#1926,1.) ;
#1944=VECTOR('Line Direction',#1943,1.) ;
#1951=VECTOR('Line Direction',#1950,1.) ;
#1958=VECTOR('Line Direction',#1957,1.) ;
#1975=VECTOR('Line Direction',#1974,1.) ;
#1980=VECTOR('Line Direction',#1979,1.) ;
#2024=VECTOR('Line Direction',#2023,1.) ;
#2033=VECTOR('Line Direction',#2032,1.) ;
#2040=VECTOR('Line Direction',#2039,1.) ;
#2047=VECTOR('Line Direction',#2046,1.) ;
#2064=VECTOR('Line Direction',#2063,1.) ;
#2071=VECTOR('Line Direction',#2070,1.) ;
#2078=VECTOR('Line Direction',#2077,1.) ;
#2095=VECTOR('Line Direction',#2094,1.) ;
#2102=VECTOR('Line Direction',#2101,1.) ;
#2109=VECTOR('Line Direction',#2108,1.) ;
#2126=VECTOR('Line Direction',#2125,1.) ;
#2131=VECTOR('Line Direction',#2130,1.) ;
#2175=VECTOR('Line Direction',#2174,1.) ;
#2184=VECTOR('Line Direction',#2183,1.) ;
#2191=VECTOR('Line Direction',#2190,1.) ;
#2198=VECTOR('Line Direction',#2197,1.) ;
#2215=VECTOR('Line Direction',#2214,1.) ;
#2222=VECTOR('Line Direction',#2221,1.) ;
#2229=VECTOR('Line Direction',#2228,1.) ;
#2246=VECTOR('Line Direction',#2245,1.) ;
#2253=VECTOR('Line Direction',#2252,1.) ;
#2260=VECTOR('Line Direction',#2259,1.) ;
#2277=VECTOR('Line Direction',#2276,1.) ;
#2282=VECTOR('Line Direction',#2281,1.) ;
#2326=VECTOR('Line Direction',#2325,1.) ;
#2335=VECTOR('Line Direction',#2334,1.) ;
#2342=VECTOR('Line Direction',#2341,1.) ;
#2349=VECTOR('Line Direction',#2348,1.) ;
#2366=VECTOR('Line Direction',#2365,1.) ;
#2373=VECTOR('Line Direction',#2372,1.) ;
#2380=VECTOR('Line Direction',#2379,1.) ;
#2397=VECTOR('Line Direction',#2396,1.) ;
#2404=VECTOR('Line Direction',#2403,1.) ;
#2411=VECTOR('Line Direction',#2410,1.) ;
#2428=VECTOR('Line Direction',#2427,1.) ;
#2433=VECTOR('Line Direction',#2432,1.) ;
#2477=VECTOR('Line Direction',#2476,1.) ;
#2486=VECTOR('Line Direction',#2485,1.) ;
#2493=VECTOR('Line Direction',#2492,1.) ;
#2500=VECTOR('Line Direction',#2499,1.) ;
#2517=VECTOR('Line Direction',#2516,1.) ;
#2524=VECTOR('Line Direction',#2523,1.) ;
#2531=VECTOR('Line Direction',#2530,1.) ;
#2548=VECTOR('Line Direction',#2547,1.) ;
#2555=VECTOR('Line Direction',#2554,1.) ;
#2562=VECTOR('Line Direction',#2561,1.) ;
#2579=VECTOR('Line Direction',#2578,1.) ;
#2584=VECTOR('Line Direction',#2583,1.) ;
#2628=VECTOR('Line Direction',#2627,1.) ;
#2637=VECTOR('Line Direction',#2636,1.) ;
#2644=VECTOR('Line Direction',#2643,1.) ;
#2651=VECTOR('Line Direction',#2650,1.) ;
#2668=VECTOR('Line Direction',#2667,1.) ;
#2675=VECTOR('Line Direction',#2674,1.) ;
#2682=VECTOR('Line Direction',#2681,1.) ;
#2699=VECTOR('Line Direction',#2698,1.) ;
#2706=VECTOR('Line Direction',#2705,1.) ;
#2713=VECTOR('Line Direction',#2712,1.) ;
#2730=VECTOR('Line Direction',#2729,1.) ;
#2735=VECTOR('Line Direction',#2734,1.) ;
#2779=VECTOR('Line Direction',#2778,1.) ;
#2788=VECTOR('Line Direction',#2787,1.) ;
#2795=VECTOR('Line Direction',#2794,1.) ;
#2802=VECTOR('Line Direction',#2801,1.) ;
#2819=VECTOR('Line Direction',#2818,1.) ;
#2826=VECTOR('Line Direction',#2825,1.) ;
#2833=VECTOR('Line Direction',#2832,1.) ;
#2850=VECTOR('Line Direction',#2849,1.) ;
#2857=VECTOR('Line Direction',#2856,1.) ;
#2864=VECTOR('Line Direction',#2863,1.) ;
#2881=VECTOR('Line Direction',#2880,1.) ;
#2886=VECTOR('Line Direction',#2885,1.) ;
#2930=VECTOR('Line Direction',#2929,1.) ;
#2939=VECTOR('Line Direction',#2938,1.) ;
#2946=VECTOR('Line Direction',#2945,1.) ;
#2953=VECTOR('Line Direction',#2952,1.) ;
#2970=VECTOR('Line Direction',#2969,1.) ;
#2977=VECTOR('Line Direction',#2976,1.) ;
#2984=VECTOR('Line Direction',#2983,1.) ;
#3001=VECTOR('Line Direction',#3000,1.) ;
#3008=VECTOR('Line Direction',#3007,1.) ;
#3015=VECTOR('Line Direction',#3014,1.) ;
#3032=VECTOR('Line Direction',#3031,1.) ;
#3037=VECTOR('Line Direction',#3036,1.) ;
#3081=VECTOR('Line Direction',#3080,1.) ;
#3090=VECTOR('Line Direction',#3089,1.) ;
#3097=VECTOR('Line Direction',#3096,1.) ;
#3104=VECTOR('Line Direction',#3103,1.) ;
#3121=VECTOR('Line Direction',#3120,1.) ;
#3128=VECTOR('Line Direction',#3127,1.) ;
#3135=VECTOR('Line Direction',#3134,1.) ;
#3152=VECTOR('Line Direction',#3151,1.) ;
#3159=VECTOR('Line Direction',#3158,1.) ;
#3166=VECTOR('Line Direction',#3165,1.) ;
#3183=VECTOR('Line Direction',#3182,1.) ;
#3188=VECTOR('Line Direction',#3187,1.) ;
#3232=VECTOR('Line Direction',#3231,1.) ;
#3241=VECTOR('Line Direction',#3240,1.) ;
#3248=VECTOR('Line Direction',#3247,1.) ;
#3255=VECTOR('Line Direction',#3254,1.) ;
#3272=VECTOR('Line Direction',#3271,1.) ;
#3279=VECTOR('Line Direction',#3278,1.) ;
#3286=VECTOR('Line Direction',#3285,1.) ;
#3303=VECTOR('Line Direction',#3302,1.) ;
#3310=VECTOR('Line Direction',#3309,1.) ;
#3317=VECTOR('Line Direction',#3316,1.) ;
#3334=VECTOR('Line Direction',#3333,1.) ;
#3339=VECTOR('Line Direction',#3338,1.) ;
#3383=VECTOR('Line Direction',#3382,1.) ;
#3392=VECTOR('Line Direction',#3391,1.) ;
#3399=VECTOR('Line Direction',#3398,1.) ;
#3406=VECTOR('Line Direction',#3405,1.) ;
#3423=VECTOR('Line Direction',#3422,1.) ;
#3430=VECTOR('Line Direction',#3429,1.) ;
#3437=VECTOR('Line Direction',#3436,1.) ;
#3454=VECTOR('Line Direction',#3453,1.) ;
#3461=VECTOR('Line Direction',#3460,1.) ;
#3468=VECTOR('Line Direction',#3467,1.) ;
#3485=VECTOR('Line Direction',#3484,1.) ;
#3490=VECTOR('Line Direction',#3489,1.) ;
#3534=VECTOR('Line Direction',#3533,1.) ;
#3543=VECTOR('Line Direction',#3542,1.) ;
#3550=VECTOR('Line Direction',#3549,1.) ;
#3557=VECTOR('Line Direction',#3556,1.) ;
#3574=VECTOR('Line Direction',#3573,1.) ;
#3581=VECTOR('Line Direction',#3580,1.) ;
#3588=VECTOR('Line Direction',#3587,1.) ;
#3605=VECTOR('Line Direction',#3604,1.) ;
#3612=VECTOR('Line Direction',#3611,1.) ;
#3619=VECTOR('Line Direction',#3618,1.) ;
#3636=VECTOR('Line Direction',#3635,1.) ;
#3641=VECTOR('Line Direction',#3640,1.) ;
#3685=VECTOR('Line Direction',#3684,1.) ;
#3694=VECTOR('Line Direction',#3693,1.) ;
#3701=VECTOR('Line Direction',#3700,1.) ;
#3708=VECTOR('Line Direction',#3707,1.) ;
#3725=VECTOR('Line Direction',#3724,1.) ;
#3732=VECTOR('Line Direction',#3731,1.) ;
#3739=VECTOR('Line Direction',#3738,1.) ;
#3756=VECTOR('Line Direction',#3755,1.) ;
#3763=VECTOR('Line Direction',#3762,1.) ;
#3770=VECTOR('Line Direction',#3769,1.) ;
#3787=VECTOR('Line Direction',#3786,1.) ;
#3792=VECTOR('Line Direction',#3791,1.) ;
#3836=VECTOR('Line Direction',#3835,1.) ;
#3845=VECTOR('Line Direction',#3844,1.) ;
#3852=VECTOR('Line Direction',#3851,1.) ;
#3859=VECTOR('Line Direction',#3858,1.) ;
#3876=VECTOR('Line Direction',#3875,1.) ;
#3883=VECTOR('Line Direction',#3882,1.) ;
#3890=VECTOR('Line Direction',#3889,1.) ;
#3907=VECTOR('Line Direction',#3906,1.) ;
#3914=VECTOR('Line Direction',#3913,1.) ;
#3921=VECTOR('Line Direction',#3920,1.) ;
#3938=VECTOR('Line Direction',#3937,1.) ;
#3943=VECTOR('Line Direction',#3942,1.) ;
#3987=VECTOR('Line Direction',#3986,1.) ;
#3996=VECTOR('Line Direction',#3995,1.) ;
#4003=VECTOR('Line Direction',#4002,1.) ;
#4010=VECTOR('Line Direction',#4009,1.) ;
#4027=VECTOR('Line Direction',#4026,1.) ;
#4034=VECTOR('Line Direction',#4033,1.) ;
#4041=VECTOR('Line Direction',#4040,1.) ;
#4058=VECTOR('Line Direction',#4057,1.) ;
#4065=VECTOR('Line Direction',#4064,1.) ;
#4072=VECTOR('Line Direction',#4071,1.) ;
#4089=VECTOR('Line Direction',#4088,1.) ;
#4094=VECTOR('Line Direction',#4093,1.) ;
#4138=VECTOR('Line Direction',#4137,1.) ;
#4147=VECTOR('Line Direction',#4146,1.) ;
#4154=VECTOR('Line Direction',#4153,1.) ;
#4161=VECTOR('Line Direction',#4160,1.) ;
#4178=VECTOR('Line Direction',#4177,1.) ;
#4185=VECTOR('Line Direction',#4184,1.) ;
#4192=VECTOR('Line Direction',#4191,1.) ;
#4209=VECTOR('Line Direction',#4208,1.) ;
#4216=VECTOR('Line Direction',#4215,1.) ;
#4223=VECTOR('Line Direction',#4222,1.) ;
#4240=VECTOR('Line Direction',#4239,1.) ;
#4245=VECTOR('Line Direction',#4244,1.) ;
#4289=VECTOR('Line Direction',#4288,1.) ;
#4298=VECTOR('Line Direction',#4297,1.) ;
#4305=VECTOR('Line Direction',#4304,1.) ;
#4312=VECTOR('Line Direction',#4311,1.) ;
#4329=VECTOR('Line Direction',#4328,1.) ;
#4336=VECTOR('Line Direction',#4335,1.) ;
#4343=VECTOR('Line Direction',#4342,1.) ;
#4360=VECTOR('Line Direction',#4359,1.) ;
#4367=VECTOR('Line Direction',#4366,1.) ;
#4374=VECTOR('Line Direction',#4373,1.) ;
#4391=VECTOR('Line Direction',#4390,1.) ;
#4396=VECTOR('Line Direction',#4395,1.) ;
#4440=VECTOR('Line Direction',#4439,1.) ;
#4449=VECTOR('Line Direction',#4448,1.) ;
#4456=VECTOR('Line Direction',#4455,1.) ;
#4463=VECTOR('Line Direction',#4462,1.) ;
#4480=VECTOR('Line Direction',#4479,1.) ;
#4487=VECTOR('Line Direction',#4486,1.) ;
#4494=VECTOR('Line Direction',#4493,1.) ;
#4511=VECTOR('Line Direction',#4510,1.) ;
#4518=VECTOR('Line Direction',#4517,1.) ;
#4525=VECTOR('Line Direction',#4524,1.) ;
#4542=VECTOR('Line Direction',#4541,1.) ;
#4547=VECTOR('Line Direction',#4546,1.) ;
#4591=VECTOR('Line Direction',#4590,1.) ;
#4600=VECTOR('Line Direction',#4599,1.) ;
#4607=VECTOR('Line Direction',#4606,1.) ;
#4614=VECTOR('Line Direction',#4613,1.) ;
#4631=VECTOR('Line Direction',#4630,1.) ;
#4638=VECTOR('Line Direction',#4637,1.) ;
#4645=VECTOR('Line Direction',#4644,1.) ;
#4662=VECTOR('Line Direction',#4661,1.) ;
#4669=VECTOR('Line Direction',#4668,1.) ;
#4676=VECTOR('Line Direction',#4675,1.) ;
#4693=VECTOR('Line Direction',#4692,1.) ;
#4698=VECTOR('Line Direction',#4697,1.) ;
#4742=VECTOR('Line Direction',#4741,1.) ;
#4751=VECTOR('Line Direction',#4750,1.) ;
#4758=VECTOR('Line Direction',#4757,1.) ;
#4765=VECTOR('Line Direction',#4764,1.) ;
#4782=VECTOR('Line Direction',#4781,1.) ;
#4789=VECTOR('Line Direction',#4788,1.) ;
#4796=VECTOR('Line Direction',#4795,1.) ;
#4813=VECTOR('Line Direction',#4812,1.) ;
#4820=VECTOR('Line Direction',#4819,1.) ;
#4827=VECTOR('Line Direction',#4826,1.) ;
#4844=VECTOR('Line Direction',#4843,1.) ;
#4849=VECTOR('Line Direction',#4848,1.) ;
#4893=VECTOR('Line Direction',#4892,1.) ;
#4902=VECTOR('Line Direction',#4901,1.) ;
#4909=VECTOR('Line Direction',#4908,1.) ;
#4916=VECTOR('Line Direction',#4915,1.) ;
#4933=VECTOR('Line Direction',#4932,1.) ;
#4940=VECTOR('Line Direction',#4939,1.) ;
#4947=VECTOR('Line Direction',#4946,1.) ;
#4964=VECTOR('Line Direction',#4963,1.) ;
#4971=VECTOR('Line Direction',#4970,1.) ;
#4978=VECTOR('Line Direction',#4977,1.) ;
#4995=VECTOR('Line Direction',#4994,1.) ;
#5000=VECTOR('Line Direction',#4999,1.) ;
#5044=VECTOR('Line Direction',#5043,1.) ;
#5053=VECTOR('Line Direction',#5052,1.) ;
#5060=VECTOR('Line Direction',#5059,1.) ;
#5067=VECTOR('Line Direction',#5066,1.) ;
#5084=VECTOR('Line Direction',#5083,1.) ;
#5091=VECTOR('Line Direction',#5090,1.) ;
#5098=VECTOR('Line Direction',#5097,1.) ;
#5115=VECTOR('Line Direction',#5114,1.) ;
#5122=VECTOR('Line Direction',#5121,1.) ;
#5129=VECTOR('Line Direction',#5128,1.) ;
#5146=VECTOR('Line Direction',#5145,1.) ;
#5151=VECTOR('Line Direction',#5150,1.) ;
#15=UNCERTAINTY_MEASURE_WITH_UNIT(LENGTH_MEASURE(0.005),#12,'distance_accuracy_value','CONFUSED CURVE UNCERTAINTY') ;
#180=SHAPE_REPRESENTATION_RELATIONSHIP(' ',' ',#19,#179) ;
#65=ORIENTED_EDGE('',*,*,#44,.F.) ;
#66=ORIENTED_EDGE('',*,*,#51,.T.) ;
#67=ORIENTED_EDGE('',*,*,#58,.T.) ;
#68=ORIENTED_EDGE('',*,*,#63,.F.) ;
#96=ORIENTED_EDGE('',*,*,#58,.F.) ;
#97=ORIENTED_EDGE('',*,*,#82,.T.) ;
#98=ORIENTED_EDGE('',*,*,#89,.T.) ;
#99=ORIENTED_EDGE('',*,*,#94,.F.) ;
#127=ORIENTED_EDGE('',*,*,#89,.F.) ;
#128=ORIENTED_EDGE('',*,*,#113,.T.) ;
#129=ORIENTED_EDGE('',*,*,#120,.T.) ;
#130=ORIENTED_EDGE('',*,*,#125,.F.) ;
#149=ORIENTED_EDGE('',*,*,#120,.F.) ;
#150=ORIENTED_EDGE('',*,*,#142,.T.) ;
#151=ORIENTED_EDGE('',*,*,#44,.T.) ;
#152=ORIENTED_EDGE('',*,*,#147,.F.) ;
#161=ORIENTED_EDGE('',*,*,#142,.F.) ;
#162=ORIENTED_EDGE('',*,*,#113,.F.) ;
#163=ORIENTED_EDGE('',*,*,#82,.F.) ;
#164=ORIENTED_EDGE('',*,*,#51,.F.) ;
#173=ORIENTED_EDGE('',*,*,#63,.T.) ;
#174=ORIENTED_EDGE('',*,*,#94,.T.) ;
#175=ORIENTED_EDGE('',*,*,#125,.T.) ;
#176=ORIENTED_EDGE('',*,*,#147,.T.) ;
#225=ORIENTED_EDGE('',*,*,#204,.F.) ;
#226=ORIENTED_EDGE('',*,*,#211,.T.) ;
#227=ORIENTED_EDGE('',*,*,#218,.T.) ;
#228=ORIENTED_EDGE('',*,*,#223,.F.) ;
#256=ORIENTED_EDGE('',*,*,#218,.F.) ;
#257=ORIENTED_EDGE('',*,*,#242,.T.) ;
#258=ORIENTED_EDGE('',*,*,#249,.T.) ;
#259=ORIENTED_EDGE('',*,*,#254,.F.) ;
#287=ORIENTED_EDGE('',*,*,#249,.F.) ;
#288=ORIENTED_EDGE('',*,*,#273,.T.) ;
#289=ORIENTED_EDGE('',*,*,#280,.T.) ;
#290=ORIENTED_EDGE('',*,*,#285,.F.) ;
#309=ORIENTED_EDGE('',*,*,#280,.F.) ;
#310=ORIENTED_EDGE('',*,*,#302,.T.) ;
#311=ORIENTED_EDGE('',*,*,#204,.T.) ;
#312=ORIENTED_EDGE('',*,*,#307,.F.) ;
#321=ORIENTED_EDGE('',*,*,#302,.F.) ;
#322=ORIENTED_EDGE('',*,*,#273,.F.) ;
#323=ORIENTED_EDGE('',*,*,#242,.F.) ;
#324=ORIENTED_EDGE('',*,*,#211,.F.) ;
#333=ORIENTED_EDGE('',*,*,#223,.T.) ;
#334=ORIENTED_EDGE('',*,*,#254,.T.) ;
#335=ORIENTED_EDGE('',*,*,#285,.T.) ;
#336=ORIENTED_EDGE('',*,*,#307,.T.) ;
#376=ORIENTED_EDGE('',*,*,#355,.F.) ;
#377=ORIENTED_EDGE('',*,*,#362,.T.) ;
#378=ORIENTED_EDGE('',*,*,#369,.T.) ;
#379=ORIENTED_EDGE('',*,*,#374,.F.) ;
#407=ORIENTED_EDGE('',*,*,#369,.F.) ;
#408=ORIENTED_EDGE('',*,*,#393,.T.) ;
#409=ORIENTED_EDGE('',*,*,#400,.T.) ;
#410=ORIENTED_EDGE('',*,*,#405,.F.) ;
#438=ORIENTED_EDGE('',*,*,#400,.F.) ;
#439=ORIENTED_EDGE('',*,*,#424,.T.) ;
#440=ORIENTED_EDGE('',*,*,#431,.T.) ;
#441=ORIENTED_EDGE('',*,*,#436,.F.) ;
#460=ORIENTED_EDGE('',*,*,#431,.F.) ;
#461=ORIENTED_EDGE('',*,*,#453,.T.) ;
#462=ORIENTED_EDGE('',*,*,#355,.T.) ;
#463=ORIENTED_EDGE('',*,*,#458,.F.) ;
#472=ORIENTED_EDGE('',*,*,#453,.F.) ;
#473=ORIENTED_EDGE('',*,*,#424,.F.) ;
#474=ORIENTED_EDGE('',*,*,#393,.F.) ;
#475=ORIENTED_EDGE('',*,*,#362,.F.) ;
#484=ORIENTED_EDGE('',*,*,#374,.T.) ;
#485=ORIENTED_EDGE('',*,*,#405,.T.) ;
#486=ORIENTED_EDGE('',*,*,#436,.T.) ;
#487=ORIENTED_EDGE('',*,*,#458,.T.) ;
#527=ORIENTED_EDGE('',*,*,#506,.F.) ;
#528=ORIENTED_EDGE('',*,*,#513,.T.) ;
#529=ORIENTED_EDGE('',*,*,#520,.T.) ;
#530=ORIENTED_EDGE('',*,*,#525,.F.) ;
#558=ORIENTED_EDGE('',*,*,#520,.F.) ;
#559=ORIENTED_EDGE('',*,*,#544,.T.) ;
#560=ORIENTED_EDGE('',*,*,#551,.T.) ;
#561=ORIENTED_EDGE('',*,*,#556,.F.) ;
#589=ORIENTED_EDGE('',*,*,#551,.F.) ;
#590=ORIENTED_EDGE('',*,*,#575,.T.) ;
#591=ORIENTED_EDGE('',*,*,#582,.T.) ;
#592=ORIENTED_EDGE('',*,*,#587,.F.) ;
#611=ORIENTED_EDGE('',*,*,#582,.F.) ;
#612=ORIENTED_EDGE('',*,*,#604,.T.) ;
#613=ORIENTED_EDGE('',*,*,#506,.T.) ;
#614=ORIENTED_EDGE('',*,*,#609,.F.) ;
#623=ORIENTED_EDGE('',*,*,#604,.F.) ;
#624=ORIENTED_EDGE('',*,*,#575,.F.) ;
#625=ORIENTED_EDGE('',*,*,#544,.F.) ;
#626=ORIENTED_EDGE('',*,*,#513,.F.) ;
#635=ORIENTED_EDGE('',*,*,#525,.T.) ;
#636=ORIENTED_EDGE('',*,*,#556,.T.) ;
#637=ORIENTED_EDGE('',*,*,#587,.T.) ;
#638=ORIENTED_EDGE('',*,*,#609,.T.) ;
#678=ORIENTED_EDGE('',*,*,#657,.F.) ;
#679=ORIENTED_EDGE('',*,*,#664,.T.) ;
#680=ORIENTED_EDGE('',*,*,#671,.T.) ;
#681=ORIENTED_EDGE('',*,*,#676,.F.) ;
#709=ORIENTED_EDGE('',*,*,#671,.F.) ;
#710=ORIENTED_EDGE('',*,*,#695,.T.) ;
#711=ORIENTED_EDGE('',*,*,#702,.T.) ;
#712=ORIENTED_EDGE('',*,*,#707,.F.) ;
#740=ORIENTED_EDGE('',*,*,#702,.F.) ;
#741=ORIENTED_EDGE('',*,*,#726,.T.) ;
#742=ORIENTED_EDGE('',*,*,#733,.T.) ;
#743=ORIENTED_EDGE('',*,*,#738,.F.) ;
#762=ORIENTED_EDGE('',*,*,#733,.F.) ;
#763=ORIENTED_EDGE('',*,*,#755,.T.) ;
#764=ORIENTED_EDGE('',*,*,#657,.T.) ;
#765=ORIENTED_EDGE('',*,*,#760,.F.) ;
#774=ORIENTED_EDGE('',*,*,#755,.F.) ;
#775=ORIENTED_EDGE('',*,*,#726,.F.) ;
#776=ORIENTED_EDGE('',*,*,#695,.F.) ;
#777=ORIENTED_EDGE('',*,*,#664,.F.) ;
#786=ORIENTED_EDGE('',*,*,#676,.T.) ;
#787=ORIENTED_EDGE('',*,*,#707,.T.) ;
#788=ORIENTED_EDGE('',*,*,#738,.T.) ;
#789=ORIENTED_EDGE('',*,*,#760,.T.) ;
#836=ORIENTED_EDGE('',*,*,#815,.F.) ;
#837=ORIENTED_EDGE('',*,*,#822,.T.) ;
#838=ORIENTED_EDGE('',*,*,#829,.T.) ;
#839=ORIENTED_EDGE('',*,*,#834,.F.) ;
#867=ORIENTED_EDGE('',*,*,#829,.F.) ;
#868=ORIENTED_EDGE('',*,*,#853,.T.) ;
#869=ORIENTED_EDGE('',*,*,#860,.T.) ;
#870=ORIENTED_EDGE('',*,*,#865,.F.) ;
#898=ORIENTED_EDGE('',*,*,#860,.F.) ;
#899=ORIENTED_EDGE('',*,*,#884,.T.) ;
#900=ORIENTED_EDGE('',*,*,#891,.T.) ;
#901=ORIENTED_EDGE('',*,*,#896,.F.) ;
#920=ORIENTED_EDGE('',*,*,#891,.F.) ;
#921=ORIENTED_EDGE('',*,*,#913,.T.) ;
#922=ORIENTED_EDGE('',*,*,#815,.T.) ;
#923=ORIENTED_EDGE('',*,*,#918,.F.) ;
#932=ORIENTED_EDGE('',*,*,#913,.F.) ;
#933=ORIENTED_EDGE('',*,*,#884,.F.) ;
#934=ORIENTED_EDGE('',*,*,#853,.F.) ;
#935=ORIENTED_EDGE('',*,*,#822,.F.) ;
#944=ORIENTED_EDGE('',*,*,#834,.T.) ;
#945=ORIENTED_EDGE('',*,*,#865,.T.) ;
#946=ORIENTED_EDGE('',*,*,#896,.T.) ;
#947=ORIENTED_EDGE('',*,*,#918,.T.) ;
#994=ORIENTED_EDGE('',*,*,#973,.F.) ;
#995=ORIENTED_EDGE('',*,*,#980,.T.) ;
#996=ORIENTED_EDGE('',*,*,#987,.T.) ;
#997=ORIENTED_EDGE('',*,*,#992,.F.) ;
#1025=ORIENTED_EDGE('',*,*,#987,.F.) ;
#1026=ORIENTED_EDGE('',*,*,#1011,.T.) ;
#1027=ORIENTED_EDGE('',*,*,#1018,.T.) ;
#1028=ORIENTED_EDGE('',*,*,#1023,.F.) ;
#1056=ORIENTED_EDGE('',*,*,#1018,.F.) ;
#1057=ORIENTED_EDGE('',*,*,#1042,.T.) ;
#1058=ORIENTED_EDGE('',*,*,#1049,.T.) ;
#1059=ORIENTED_EDGE('',*,*,#1054,.F.) ;
#1078=ORIENTED_EDGE('',*,*,#1049,.F.) ;
#1079=ORIENTED_EDGE('',*,*,#1071,.T.) ;
#1080=ORIENTED_EDGE('',*,*,#973,.T.) ;
#1081=ORIENTED_EDGE('',*,*,#1076,.F.) ;
#1090=ORIENTED_EDGE('',*,*,#1071,.F.) ;
#1091=ORIENTED_EDGE('',*,*,#1042,.F.) ;
#1092=ORIENTED_EDGE('',*,*,#1011,.F.) ;
#1093=ORIENTED_EDGE('',*,*,#980,.F.) ;
#1102=ORIENTED_EDGE('',*,*,#992,.T.) ;
#1103=ORIENTED_EDGE('',*,*,#1023,.T.) ;
#1104=ORIENTED_EDGE('',*,*,#1054,.T.) ;
#1105=ORIENTED_EDGE('',*,*,#1076,.T.) ;
#1145=ORIENTED_EDGE('',*,*,#1124,.F.) ;
#1146=ORIENTED_EDGE('',*,*,#1131,.T.) ;
#1147=ORIENTED_EDGE('',*,*,#1138,.T.) ;
#1148=ORIENTED_EDGE('',*,*,#1143,.F.) ;
#1176=ORIENTED_EDGE('',*,*,#1138,.F.) ;
#1177=ORIENTED_EDGE('',*,*,#1162,.T.) ;
#1178=ORIENTED_EDGE('',*,*,#1169,.T.) ;
#1179=ORIENTED_EDGE('',*,*,#1174,.F.) ;
#1207=ORIENTED_EDGE('',*,*,#1169,.F.) ;
#1208=ORIENTED_EDGE('',*,*,#1193,.T.) ;
#1209=ORIENTED_EDGE('',*,*,#1200,.T.) ;
#1210=ORIENTED_EDGE('',*,*,#1205,.F.) ;
#1229=ORIENTED_EDGE('',*,*,#1200,.F.) ;
#1230=ORIENTED_EDGE('',*,*,#1222,.T.) ;
#1231=ORIENTED_EDGE('',*,*,#1124,.T.) ;
#1232=ORIENTED_EDGE('',*,*,#1227,.F.) ;
#1241=ORIENTED_EDGE('',*,*,#1222,.F.) ;
#1242=ORIENTED_EDGE('',*,*,#1193,.F.) ;
#1243=ORIENTED_EDGE('',*,*,#1162,.F.) ;
#1244=ORIENTED_EDGE('',*,*,#1131,.F.) ;
#1253=ORIENTED_EDGE('',*,*,#1143,.T.) ;
#1254=ORIENTED_EDGE('',*,*,#1174,.T.) ;
#1255=ORIENTED_EDGE('',*,*,#1205,.T.) ;
#1256=ORIENTED_EDGE('',*,*,#1227,.T.) ;
#1296=ORIENTED_EDGE('',*,*,#1275,.F.) ;
#1297=ORIENTED_EDGE('',*,*,#1282,.T.) ;
#1298=ORIENTED_EDGE('',*,*,#1289,.T.) ;
#1299=ORIENTED_EDGE('',*,*,#1294,.F.) ;
#1327=ORIENTED_EDGE('',*,*,#1289,.F.) ;
#1328=ORIENTED_EDGE('',*,*,#1313,.T.) ;
#1329=ORIENTED_EDGE('',*,*,#1320,.T.) ;
#1330=ORIENTED_EDGE('',*,*,#1325,.F.) ;
#1358=ORIENTED_EDGE('',*,*,#1320,.F.) ;
#1359=ORIENTED_EDGE('',*,*,#1344,.T.) ;
#1360=ORIENTED_EDGE('',*,*,#1351,.T.) ;
#1361=ORIENTED_EDGE('',*,*,#1356,.F.) ;
#1380=ORIENTED_EDGE('',*,*,#1351,.F.) ;
#1381=ORIENTED_EDGE('',*,*,#1373,.T.) ;
#1382=ORIENTED_EDGE('',*,*,#1275,.T.) ;
#1383=ORIENTED_EDGE('',*,*,#1378,.F.) ;
#1392=ORIENTED_EDGE('',*,*,#1373,.F.) ;
#1393=ORIENTED_EDGE('',*,*,#1344,.F.) ;
#1394=ORIENTED_EDGE('',*,*,#1313,.F.) ;
#1395=ORIENTED_EDGE('',*,*,#1282,.F.) ;
#1404=ORIENTED_EDGE('',*,*,#1294,.T.) ;
#1405=ORIENTED_EDGE('',*,*,#1325,.T.) ;
#1406=ORIENTED_EDGE('',*,*,#1356,.T.) ;
#1407=ORIENTED_EDGE('',*,*,#1378,.T.) ;
#1447=ORIENTED_EDGE('',*,*,#1426,.F.) ;
#1448=ORIENTED_EDGE('',*,*,#1433,.T.) ;
#1449=ORIENTED_EDGE('',*,*,#1440,.T.) ;
#1450=ORIENTED_EDGE('',*,*,#1445,.F.) ;
#1478=ORIENTED_EDGE('',*,*,#1440,.F.) ;
#1479=ORIENTED_EDGE('',*,*,#1464,.T.) ;
#1480=ORIENTED_EDGE('',*,*,#1471,.T.) ;
#1481=ORIENTED_EDGE('',*,*,#1476,.F.) ;
#1509=ORIENTED_EDGE('',*,*,#1471,.F.) ;
#1510=ORIENTED_EDGE('',*,*,#1495,.T.) ;
#1511=ORIENTED_EDGE('',*,*,#1502,.T.) ;
#1512=ORIENTED_EDGE('',*,*,#1507,.F.) ;
#1531=ORIENTED_EDGE('',*,*,#1502,.F.) ;
#1532=ORIENTED_EDGE('',*,*,#1524,.T.) ;
#1533=ORIENTED_EDGE('',*,*,#1426,.T.) ;
#1534=ORIENTED_EDGE('',*,*,#1529,.F.) ;
#1543=ORIENTED_EDGE('',*,*,#1524,.F.) ;
#1544=ORIENTED_EDGE('',*,*,#1495,.F.) ;
#1545=ORIENTED_EDGE('',*,*,#1464,.F.) ;
#1546=ORIENTED_EDGE('',*,*,#1433,.F.) ;
#1555=ORIENTED_EDGE('',*,*,#1445,.T.) ;
#1556=ORIENTED_EDGE('',*,*,#1476,.T.) ;
#1557=ORIENTED_EDGE('',*,*,#1507,.T.) ;
#1558=ORIENTED_EDGE('',*,*,#1529,.T.) ;
#1598=ORIENTED_EDGE('',*,*,#1577,.F.) ;
#1599=ORIENTED_EDGE('',*,*,#1584,.T.) ;
#1600=ORIENTED_EDGE('',*,*,#1591,.T.) ;
#1601=ORIENTED_EDGE('',*,*,#1596,.F.) ;
#1629=ORIENTED_EDGE('',*,*,#1591,.F.) ;
#1630=ORIENTED_EDGE('',*,*,#1615,.T.) ;
#1631=ORIENTED_EDGE('',*,*,#1622,.T.) ;
#1632=ORIENTED_EDGE('',*,*,#1627,.F.) ;
#1660=ORIENTED_EDGE('',*,*,#1622,.F.) ;
#1661=ORIENTED_EDGE('',*,*,#1646,.T.) ;
#1662=ORIENTED_EDGE('',*,*,#1653,.T.) ;
#1663=ORIENTED_EDGE('',*,*,#1658,.F.) ;
#1682=ORIENTED_EDGE('',*,*,#1653,.F.) ;
#1683=ORIENTED_EDGE('',*,*,#1675,.T.) ;
#1684=ORIENTED_EDGE('',*,*,#1577,.T.) ;
#1685=ORIENTED_EDGE('',*,*,#1680,.F.) ;
#1694=ORIENTED_EDGE('',*,*,#1675,.F.) ;
#1695=ORIENTED_EDGE('',*,*,#1646,.F.) ;
#1696=ORIENTED_EDGE('',*,*,#1615,.F.) ;
#1697=ORIENTED_EDGE('',*,*,#1584,.F.) ;
#1706=ORIENTED_EDGE('',*,*,#1596,.T.) ;
#1707=ORIENTED_EDGE('',*,*,#1627,.T.) ;
#1708=ORIENTED_EDGE('',*,*,#1658,.T.) ;
#1709=ORIENTED_EDGE('',*,*,#1680,.T.) ;
#1749=ORIENTED_EDGE('',*,*,#1728,.F.) ;
#1750=ORIENTED_EDGE('',*,*,#1735,.T.) ;
#1751=ORIENTED_EDGE('',*,*,#1742,.T.) ;
#1752=ORIENTED_EDGE('',*,*,#1747,.F.) ;
#1780=ORIENTED_EDGE('',*,*,#1742,.F.) ;
#1781=ORIENTED_EDGE('',*,*,#1766,.T.) ;
#1782=ORIENTED_EDGE('',*,*,#1773,.T.) ;
#1783=ORIENTED_EDGE('',*,*,#1778,.F.) ;
#1811=ORIENTED_EDGE('',*,*,#1773,.F.) ;
#1812=ORIENTED_EDGE('',*,*,#1797,.T.) ;
#1813=ORIENTED_EDGE('',*,*,#1804,.T.) ;
#1814=ORIENTED_EDGE('',*,*,#1809,.F.) ;
#1833=ORIENTED_EDGE('',*,*,#1804,.F.) ;
#1834=ORIENTED_EDGE('',*,*,#1826,.T.) ;
#1835=ORIENTED_EDGE('',*,*,#1728,.T.) ;
#1836=ORIENTED_EDGE('',*,*,#1831,.F.) ;
#1845=ORIENTED_EDGE('',*,*,#1826,.F.) ;
#1846=ORIENTED_EDGE('',*,*,#1797,.F.) ;
#1847=ORIENTED_EDGE('',*,*,#1766,.F.) ;
#1848=ORIENTED_EDGE('',*,*,#1735,.F.) ;
#1857=ORIENTED_EDGE('',*,*,#1747,.T.) ;
#1858=ORIENTED_EDGE('',*,*,#1778,.T.) ;
#1859=ORIENTED_EDGE('',*,*,#1809,.T.) ;
#1860=ORIENTED_EDGE('',*,*,#1831,.T.) ;
#1900=ORIENTED_EDGE('',*,*,#1879,.F.) ;
#1901=ORIENTED_EDGE('',*,*,#1886,.T.) ;
#1902=ORIENTED_EDGE('',*,*,#1893,.T.) ;
#1903=ORIENTED_EDGE('',*,*,#1898,.F.) ;
#1931=ORIENTED_EDGE('',*,*,#1893,.F.) ;
#1932=ORIENTED_EDGE('',*,*,#1917,.T.) ;
#1933=ORIENTED_EDGE('',*,*,#1924,.T.) ;
#1934=ORIENTED_EDGE('',*,*,#1929,.F.) ;
#1962=ORIENTED_EDGE('',*,*,#1924,.F.) ;
#1963=ORIENTED_EDGE('',*,*,#1948,.T.) ;
#1964=ORIENTED_EDGE('',*,*,#1955,.T.) ;
#1965=ORIENTED_EDGE('',*,*,#1960,.F.) ;
#1984=ORIENTED_EDGE('',*,*,#1955,.F.) ;
#1985=ORIENTED_EDGE('',*,*,#1977,.T.) ;
#1986=ORIENTED_EDGE('',*,*,#1879,.T.) ;
#1987=ORIENTED_EDGE('',*,*,#1982,.F.) ;
#1996=ORIENTED_EDGE('',*,*,#1977,.F.) ;
#1997=ORIENTED_EDGE('',*,*,#1948,.F.) ;
#1998=ORIENTED_EDGE('',*,*,#1917,.F.) ;
#1999=ORIENTED_EDGE('',*,*,#1886,.F.) ;
#2008=ORIENTED_EDGE('',*,*,#1898,.T.) ;
#2009=ORIENTED_EDGE('',*,*,#1929,.T.) ;
#2010=ORIENTED_EDGE('',*,*,#1960,.T.) ;
#2011=ORIENTED_EDGE('',*,*,#1982,.T.) ;
#2051=ORIENTED_EDGE('',*,*,#2030,.F.) ;
#2052=ORIENTED_EDGE('',*,*,#2037,.T.) ;
#2053=ORIENTED_EDGE('',*,*,#2044,.T.) ;
#2054=ORIENTED_EDGE('',*,*,#2049,.F.) ;
#2082=ORIENTED_EDGE('',*,*,#2044,.F.) ;
#2083=ORIENTED_EDGE('',*,*,#2068,.T.) ;
#2084=ORIENTED_EDGE('',*,*,#2075,.T.) ;
#2085=ORIENTED_EDGE('',*,*,#2080,.F.) ;
#2113=ORIENTED_EDGE('',*,*,#2075,.F.) ;
#2114=ORIENTED_EDGE('',*,*,#2099,.T.) ;
#2115=ORIENTED_EDGE('',*,*,#2106,.T.) ;
#2116=ORIENTED_EDGE('',*,*,#2111,.F.) ;
#2135=ORIENTED_EDGE('',*,*,#2106,.F.) ;
#2136=ORIENTED_EDGE('',*,*,#2128,.T.) ;
#2137=ORIENTED_EDGE('',*,*,#2030,.T.) ;
#2138=ORIENTED_EDGE('',*,*,#2133,.F.) ;
#2147=ORIENTED_EDGE('',*,*,#2128,.F.) ;
#2148=ORIENTED_EDGE('',*,*,#2099,.F.) ;
#2149=ORIENTED_EDGE('',*,*,#2068,.F.) ;
#2150=ORIENTED_EDGE('',*,*,#2037,.F.) ;
#2159=ORIENTED_EDGE('',*,*,#2049,.T.) ;
#2160=ORIENTED_EDGE('',*,*,#2080,.T.) ;
#2161=ORIENTED_EDGE('',*,*,#2111,.T.) ;
#2162=ORIENTED_EDGE('',*,*,#2133,.T.) ;
#2202=ORIENTED_EDGE('',*,*,#2181,.F.) ;
#2203=ORIENTED_EDGE('',*,*,#2188,.T.) ;
#2204=ORIENTED_EDGE('',*,*,#2195,.T.) ;
#2205=ORIENTED_EDGE('',*,*,#2200,.F.) ;
#2233=ORIENTED_EDGE('',*,*,#2195,.F.) ;
#2234=ORIENTED_EDGE('',*,*,#2219,.T.) ;
#2235=ORIENTED_EDGE('',*,*,#2226,.T.) ;
#2236=ORIENTED_EDGE('',*,*,#2231,.F.) ;
#2264=ORIENTED_EDGE('',*,*,#2226,.F.) ;
#2265=ORIENTED_EDGE('',*,*,#2250,.T.) ;
#2266=ORIENTED_EDGE('',*,*,#2257,.T.) ;
#2267=ORIENTED_EDGE('',*,*,#2262,.F.) ;
#2286=ORIENTED_EDGE('',*,*,#2257,.F.) ;
#2287=ORIENTED_EDGE('',*,*,#2279,.T.) ;
#2288=ORIENTED_EDGE('',*,*,#2181,.T.) ;
#2289=ORIENTED_EDGE('',*,*,#2284,.F.) ;
#2298=ORIENTED_EDGE('',*,*,#2279,.F.) ;
#2299=ORIENTED_EDGE('',*,*,#2250,.F.) ;
#2300=ORIENTED_EDGE('',*,*,#2219,.F.) ;
#2301=ORIENTED_EDGE('',*,*,#2188,.F.) ;
#2310=ORIENTED_EDGE('',*,*,#2200,.T.) ;
#2311=ORIENTED_EDGE('',*,*,#2231,.T.) ;
#2312=ORIENTED_EDGE('',*,*,#2262,.T.) ;
#2313=ORIENTED_EDGE('',*,*,#2284,.T.) ;
#2353=ORIENTED_EDGE('',*,*,#2332,.F.) ;
#2354=ORIENTED_EDGE('',*,*,#2339,.T.) ;
#2355=ORIENTED_EDGE('',*,*,#2346,.T.) ;
#2356=ORIENTED_EDGE('',*,*,#2351,.F.) ;
#2384=ORIENTED_EDGE('',*,*,#2346,.F.) ;
#2385=ORIENTED_EDGE('',*,*,#2370,.T.) ;
#2386=ORIENTED_EDGE('',*,*,#2377,.T.) ;
#2387=ORIENTED_EDGE('',*,*,#2382,.F.) ;
#2415=ORIENTED_EDGE('',*,*,#2377,.F.) ;
#2416=ORIENTED_EDGE('',*,*,#2401,.T.) ;
#2417=ORIENTED_EDGE('',*,*,#2408,.T.) ;
#2418=ORIENTED_EDGE('',*,*,#2413,.F.) ;
#2437=ORIENTED_EDGE('',*,*,#2408,.F.) ;
#2438=ORIENTED_EDGE('',*,*,#2430,.T.) ;
#2439=ORIENTED_EDGE('',*,*,#2332,.T.) ;
#2440=ORIENTED_EDGE('',*,*,#2435,.F.) ;
#2449=ORIENTED_EDGE('',*,*,#2430,.F.) ;
#2450=ORIENTED_EDGE('',*,*,#2401,.F.) ;
#2451=ORIENTED_EDGE('',*,*,#2370,.F.) ;
#2452=ORIENTED_EDGE('',*,*,#2339,.F.) ;
#2461=ORIENTED_EDGE('',*,*,#2351,.T.) ;
#2462=ORIENTED_EDGE('',*,*,#2382,.T.) ;
#2463=ORIENTED_EDGE('',*,*,#2413,.T.) ;
#2464=ORIENTED_EDGE('',*,*,#2435,.T.) ;
#2504=ORIENTED_EDGE('',*,*,#2483,.F.) ;
#2505=ORIENTED_EDGE('',*,*,#2490,.T.) ;
#2506=ORIENTED_EDGE('',*,*,#2497,.T.) ;
#2507=ORIENTED_EDGE('',*,*,#2502,.F.) ;
#2535=ORIENTED_EDGE('',*,*,#2497,.F.) ;
#2536=ORIENTED_EDGE('',*,*,#2521,.T.) ;
#2537=ORIENTED_EDGE('',*,*,#2528,.T.) ;
#2538=ORIENTED_EDGE('',*,*,#2533,.F.) ;
#2566=ORIENTED_EDGE('',*,*,#2528,.F.) ;
#2567=ORIENTED_EDGE('',*,*,#2552,.T.) ;
#2568=ORIENTED_EDGE('',*,*,#2559,.T.) ;
#2569=ORIENTED_EDGE('',*,*,#2564,.F.) ;
#2588=ORIENTED_EDGE('',*,*,#2559,.F.) ;
#2589=ORIENTED_EDGE('',*,*,#2581,.T.) ;
#2590=ORIENTED_EDGE('',*,*,#2483,.T.) ;
#2591=ORIENTED_EDGE('',*,*,#2586,.F.) ;
#2600=ORIENTED_EDGE('',*,*,#2581,.F.) ;
#2601=ORIENTED_EDGE('',*,*,#2552,.F.) ;
#2602=ORIENTED_EDGE('',*,*,#2521,.F.) ;
#2603=ORIENTED_EDGE('',*,*,#2490,.F.) ;
#2612=ORIENTED_EDGE('',*,*,#2502,.T.) ;
#2613=ORIENTED_EDGE('',*,*,#2533,.T.) ;
#2614=ORIENTED_EDGE('',*,*,#2564,.T.) ;
#2615=ORIENTED_EDGE('',*,*,#2586,.T.) ;
#2655=ORIENTED_EDGE('',*,*,#2634,.F.) ;
#2656=ORIENTED_EDGE('',*,*,#2641,.T.) ;
#2657=ORIENTED_EDGE('',*,*,#2648,.T.) ;
#2658=ORIENTED_EDGE('',*,*,#2653,.F.) ;
#2686=ORIENTED_EDGE('',*,*,#2648,.F.) ;
#2687=ORIENTED_EDGE('',*,*,#2672,.T.) ;
#2688=ORIENTED_EDGE('',*,*,#2679,.T.) ;
#2689=ORIENTED_EDGE('',*,*,#2684,.F.) ;
#2717=ORIENTED_EDGE('',*,*,#2679,.F.) ;
#2718=ORIENTED_EDGE('',*,*,#2703,.T.) ;
#2719=ORIENTED_EDGE('',*,*,#2710,.T.) ;
#2720=ORIENTED_EDGE('',*,*,#2715,.F.) ;
#2739=ORIENTED_EDGE('',*,*,#2710,.F.) ;
#2740=ORIENTED_EDGE('',*,*,#2732,.T.) ;
#2741=ORIENTED_EDGE('',*,*,#2634,.T.) ;
#2742=ORIENTED_EDGE('',*,*,#2737,.F.) ;
#2751=ORIENTED_EDGE('',*,*,#2732,.F.) ;
#2752=ORIENTED_EDGE('',*,*,#2703,.F.) ;
#2753=ORIENTED_EDGE('',*,*,#2672,.F.) ;
#2754=ORIENTED_EDGE('',*,*,#2641,.F.) ;
#2763=ORIENTED_EDGE('',*,*,#2653,.T.) ;
#2764=ORIENTED_EDGE('',*,*,#2684,.T.) ;
#2765=ORIENTED_EDGE('',*,*,#2715,.T.) ;
#2766=ORIENTED_EDGE('',*,*,#2737,.T.) ;
#2806=ORIENTED_EDGE('',*,*,#2785,.F.) ;
#2807=ORIENTED_EDGE('',*,*,#2792,.T.) ;
#2808=ORIENTED_EDGE('',*,*,#2799,.T.) ;
#2809=ORIENTED_EDGE('',*,*,#2804,.F.) ;
#2837=ORIENTED_EDGE('',*,*,#2799,.F.) ;
#2838=ORIENTED_EDGE('',*,*,#2823,.T.) ;
#2839=ORIENTED_EDGE('',*,*,#2830,.T.) ;
#2840=ORIENTED_EDGE('',*,*,#2835,.F.) ;
#2868=ORIENTED_EDGE('',*,*,#2830,.F.) ;
#2869=ORIENTED_EDGE('',*,*,#2854,.T.) ;
#2870=ORIENTED_EDGE('',*,*,#2861,.T.) ;
#2871=ORIENTED_EDGE('',*,*,#2866,.F.) ;
#2890=ORIENTED_EDGE('',*,*,#2861,.F.) ;
#2891=ORIENTED_EDGE('',*,*,#2883,.T.) ;
#2892=ORIENTED_EDGE('',*,*,#2785,.T.) ;
#2893=ORIENTED_EDGE('',*,*,#2888,.F.) ;
#2902=ORIENTED_EDGE('',*,*,#2883,.F.) ;
#2903=ORIENTED_EDGE('',*,*,#2854,.F.) ;
#2904=ORIENTED_EDGE('',*,*,#2823,.F.) ;
#2905=ORIENTED_EDGE('',*,*,#2792,.F.) ;
#2914=ORIENTED_EDGE('',*,*,#2804,.T.) ;
#2915=ORIENTED_EDGE('',*,*,#2835,.T.) ;
#2916=ORIENTED_EDGE('',*,*,#2866,.T.) ;
#2917=ORIENTED_EDGE('',*,*,#2888,.T.) ;
#2957=ORIENTED_EDGE('',*,*,#2936,.F.) ;
#2958=ORIENTED_EDGE('',*,*,#2943,.T.) ;
#2959=ORIENTED_EDGE('',*,*,#2950,.T.) ;
#2960=ORIENTED_EDGE('',*,*,#2955,.F.) ;
#2988=ORIENTED_EDGE('',*,*,#2950,.F.) ;
#2989=ORIENTED_EDGE('',*,*,#2974,.T.) ;
#2990=ORIENTED_EDGE('',*,*,#2981,.T.) ;
#2991=ORIENTED_EDGE('',*,*,#2986,.F.) ;
#3019=ORIENTED_EDGE('',*,*,#2981,.F.) ;
#3020=ORIENTED_EDGE('',*,*,#3005,.T.) ;
#3021=ORIENTED_EDGE('',*,*,#3012,.T.) ;
#3022=ORIENTED_EDGE('',*,*,#3017,.F.) ;
#3041=ORIENTED_EDGE('',*,*,#3012,.F.) ;
#3042=ORIENTED_EDGE('',*,*,#3034,.T.) ;
#3043=ORIENTED_EDGE('',*,*,#2936,.T.) ;
#3044=ORIENTED_EDGE('',*,*,#3039,.F.) ;
#3053=ORIENTED_EDGE('',*,*,#3034,.F.) ;
#3054=ORIENTED_EDGE('',*,*,#3005,.F.) ;
#3055=ORIENTED_EDGE('',*,*,#2974,.F.) ;
#3056=ORIENTED_EDGE('',*,*,#2943,.F.) ;
#3065=ORIENTED_EDGE('',*,*,#2955,.T.) ;
#3066=ORIENTED_EDGE('',*,*,#2986,.T.) ;
#3067=ORIENTED_EDGE('',*,*,#3017,.T.) ;
#3068=ORIENTED_EDGE('',*,*,#3039,.T.) ;
#3108=ORIENTED_EDGE('',*,*,#3087,.F.) ;
#3109=ORIENTED_EDGE('',*,*,#3094,.T.) ;
#3110=ORIENTED_EDGE('',*,*,#3101,.T.) ;
#3111=ORIENTED_EDGE('',*,*,#3106,.F.) ;
#3139=ORIENTED_EDGE('',*,*,#3101,.F.) ;
#3140=ORIENTED_EDGE('',*,*,#3125,.T.) ;
#3141=ORIENTED_EDGE('',*,*,#3132,.T.) ;
#3142=ORIENTED_EDGE('',*,*,#3137,.F.) ;
#3170=ORIENTED_EDGE('',*,*,#3132,.F.) ;
#3171=ORIENTED_EDGE('',*,*,#3156,.T.) ;
#3172=ORIENTED_EDGE('',*,*,#3163,.T.) ;
#3173=ORIENTED_EDGE('',*,*,#3168,.F.) ;
#3192=ORIENTED_EDGE('',*,*,#3163,.F.) ;
#3193=ORIENTED_EDGE('',*,*,#3185,.T.) ;
#3194=ORIENTED_EDGE('',*,*,#3087,.T.) ;
#3195=ORIENTED_EDGE('',*,*,#3190,.F.) ;
#3204=ORIENTED_EDGE('',*,*,#3185,.F.) ;
#3205=ORIENTED_EDGE('',*,*,#3156,.F.) ;
#3206=ORIENTED_EDGE('',*,*,#3125,.F.) ;
#3207=ORIENTED_EDGE('',*,*,#3094,.F.) ;
#3216=ORIENTED_EDGE('',*,*,#3106,.T.) ;
#3217=ORIENTED_EDGE('',*,*,#3137,.T.) ;
#3218=ORIENTED_EDGE('',*,*,#3168,.T.) ;
#3219=ORIENTED_EDGE('',*,*,#3190,.T.) ;
#3259=ORIENTED_EDGE('',*,*,#3238,.F.) ;
#3260=ORIENTED_EDGE('',*,*,#3245,.T.) ;
#3261=ORIENTED_EDGE('',*,*,#3252,.T.) ;
#3262=ORIENTED_EDGE('',*,*,#3257,.F.) ;
#3290=ORIENTED_EDGE('',*,*,#3252,.F.) ;
#3291=ORIENTED_EDGE('',*,*,#3276,.T.) ;
#3292=ORIENTED_EDGE('',*,*,#3283,.T.) ;
#3293=ORIENTED_EDGE('',*,*,#3288,.F.) ;
#3321=ORIENTED_EDGE('',*,*,#3283,.F.) ;
#3322=ORIENTED_EDGE('',*,*,#3307,.T.) ;
#3323=ORIENTED_EDGE('',*,*,#3314,.T.) ;
#3324=ORIENTED_EDGE('',*,*,#3319,.F.) ;
#3343=ORIENTED_EDGE('',*,*,#3314,.F.) ;
#3344=ORIENTED_EDGE('',*,*,#3336,.T.) ;
#3345=ORIENTED_EDGE('',*,*,#3238,.T.) ;
#3346=ORIENTED_EDGE('',*,*,#3341,.F.) ;
#3355=ORIENTED_EDGE('',*,*,#3336,.F.) ;
#3356=ORIENTED_EDGE('',*,*,#3307,.F.) ;
#3357=ORIENTED_EDGE('',*,*,#3276,.F.) ;
#3358=ORIENTED_EDGE('',*,*,#3245,.F.) ;
#3367=ORIENTED_EDGE('',*,*,#3257,.T.) ;
#3368=ORIENTED_EDGE('',*,*,#3288,.T.) ;
#3369=ORIENTED_EDGE('',*,*,#3319,.T.) ;
#3370=ORIENTED_EDGE('',*,*,#3341,.T.) ;
#3410=ORIENTED_EDGE('',*,*,#3389,.F.) ;
#3411=ORIENTED_EDGE('',*,*,#3396,.T.) ;
#3412=ORIENTED_EDGE('',*,*,#3403,.T.) ;
#3413=ORIENTED_EDGE('',*,*,#3408,.F.) ;
#3441=ORIENTED_EDGE('',*,*,#3403,.F.) ;
#3442=ORIENTED_EDGE('',*,*,#3427,.T.) ;
#3443=ORIENTED_EDGE('',*,*,#3434,.T.) ;
#3444=ORIENTED_EDGE('',*,*,#3439,.F.) ;
#3472=ORIENTED_EDGE('',*,*,#3434,.F.) ;
#3473=ORIENTED_EDGE('',*,*,#3458,.T.) ;
#3474=ORIENTED_EDGE('',*,*,#3465,.T.) ;
#3475=ORIENTED_EDGE('',*,*,#3470,.F.) ;
#3494=ORIENTED_EDGE('',*,*,#3465,.F.) ;
#3495=ORIENTED_EDGE('',*,*,#3487,.T.) ;
#3496=ORIENTED_EDGE('',*,*,#3389,.T.) ;
#3497=ORIENTED_EDGE('',*,*,#3492,.F.) ;
#3506=ORIENTED_EDGE('',*,*,#3487,.F.) ;
#3507=ORIENTED_EDGE('',*,*,#3458,.F.) ;
#3508=ORIENTED_EDGE('',*,*,#3427,.F.) ;
#3509=ORIENTED_EDGE('',*,*,#3396,.F.) ;
#3518=ORIENTED_EDGE('',*,*,#3408,.T.) ;
#3519=ORIENTED_EDGE('',*,*,#3439,.T.) ;
#3520=ORIENTED_EDGE('',*,*,#3470,.T.) ;
#3521=ORIENTED_EDGE('',*,*,#3492,.T.) ;
#3561=ORIENTED_EDGE('',*,*,#3540,.F.) ;
#3562=ORIENTED_EDGE('',*,*,#3547,.T.) ;
#3563=ORIENTED_EDGE('',*,*,#3554,.T.) ;
#3564=ORIENTED_EDGE('',*,*,#3559,.F.) ;
#3592=ORIENTED_EDGE('',*,*,#3554,.F.) ;
#3593=ORIENTED_EDGE('',*,*,#3578,.T.) ;
#3594=ORIENTED_EDGE('',*,*,#3585,.T.) ;
#3595=ORIENTED_EDGE('',*,*,#3590,.F.) ;
#3623=ORIENTED_EDGE('',*,*,#3585,.F.) ;
#3624=ORIENTED_EDGE('',*,*,#3609,.T.) ;
#3625=ORIENTED_EDGE('',*,*,#3616,.T.) ;
#3626=ORIENTED_EDGE('',*,*,#3621,.F.) ;
#3645=ORIENTED_EDGE('',*,*,#3616,.F.) ;
#3646=ORIENTED_EDGE('',*,*,#3638,.T.) ;
#3647=ORIENTED_EDGE('',*,*,#3540,.T.) ;
#3648=ORIENTED_EDGE('',*,*,#3643,.F.) ;
#3657=ORIENTED_EDGE('',*,*,#3638,.F.) ;
#3658=ORIENTED_EDGE('',*,*,#3609,.F.) ;
#3659=ORIENTED_EDGE('',*,*,#3578,.F.) ;
#3660=ORIENTED_EDGE('',*,*,#3547,.F.) ;
#3669=ORIENTED_EDGE('',*,*,#3559,.T.) ;
#3670=ORIENTED_EDGE('',*,*,#3590,.T.) ;
#3671=ORIENTED_EDGE('',*,*,#3621,.T.) ;
#3672=ORIENTED_EDGE('',*,*,#3643,.T.) ;
#3712=ORIENTED_EDGE('',*,*,#3691,.F.) ;
#3713=ORIENTED_EDGE('',*,*,#3698,.T.) ;
#3714=ORIENTED_EDGE('',*,*,#3705,.T.) ;
#3715=ORIENTED_EDGE('',*,*,#3710,.F.) ;
#3743=ORIENTED_EDGE('',*,*,#3705,.F.) ;
#3744=ORIENTED_EDGE('',*,*,#3729,.T.) ;
#3745=ORIENTED_EDGE('',*,*,#3736,.T.) ;
#3746=ORIENTED_EDGE('',*,*,#3741,.F.) ;
#3774=ORIENTED_EDGE('',*,*,#3736,.F.) ;
#3775=ORIENTED_EDGE('',*,*,#3760,.T.) ;
#3776=ORIENTED_EDGE('',*,*,#3767,.T.) ;
#3777=ORIENTED_EDGE('',*,*,#3772,.F.) ;
#3796=ORIENTED_EDGE('',*,*,#3767,.F.) ;
#3797=ORIENTED_EDGE('',*,*,#3789,.T.) ;
#3798=ORIENTED_EDGE('',*,*,#3691,.T.) ;
#3799=ORIENTED_EDGE('',*,*,#3794,.F.) ;
#3808=ORIENTED_EDGE('',*,*,#3789,.F.) ;
#3809=ORIENTED_EDGE('',*,*,#3760,.F.) ;
#3810=ORIENTED_EDGE('',*,*,#3729,.F.) ;
#3811=ORIENTED_EDGE('',*,*,#3698,.F.) ;
#3820=ORIENTED_EDGE('',*,*,#3710,.T.) ;
#3821=ORIENTED_EDGE('',*,*,#3741,.T.) ;
#3822=ORIENTED_EDGE('',*,*,#3772,.T.) ;
#3823=ORIENTED_EDGE('',*,*,#3794,.T.) ;
#3863=ORIENTED_EDGE('',*,*,#3842,.F.) ;
#3864=ORIENTED_EDGE('',*,*,#3849,.T.) ;
#3865=ORIENTED_EDGE('',*,*,#3856,.T.) ;
#3866=ORIENTED_EDGE('',*,*,#3861,.F.) ;
#3894=ORIENTED_EDGE('',*,*,#3856,.F.) ;
#3895=ORIENTED_EDGE('',*,*,#3880,.T.) ;
#3896=ORIENTED_EDGE('',*,*,#3887,.T.) ;
#3897=ORIENTED_EDGE('',*,*,#3892,.F.) ;
#3925=ORIENTED_EDGE('',*,*,#3887,.F.) ;
#3926=ORIENTED_EDGE('',*,*,#3911,.T.) ;
#3927=ORIENTED_EDGE('',*,*,#3918,.T.) ;
#3928=ORIENTED_EDGE('',*,*,#3923,.F.) ;
#3947=ORIENTED_EDGE('',*,*,#3918,.F.) ;
#3948=ORIENTED_EDGE('',*,*,#3940,.T.) ;
#3949=ORIENTED_EDGE('',*,*,#3842,.T.) ;
#3950=ORIENTED_EDGE('',*,*,#3945,.F.) ;
#3959=ORIENTED_EDGE('',*,*,#3940,.F.) ;
#3960=ORIENTED_EDGE('',*,*,#3911,.F.) ;
#3961=ORIENTED_EDGE('',*,*,#3880,.F.) ;
#3962=ORIENTED_EDGE('',*,*,#3849,.F.) ;
#3971=ORIENTED_EDGE('',*,*,#3861,.T.) ;
#3972=ORIENTED_EDGE('',*,*,#3892,.T.) ;
#3973=ORIENTED_EDGE('',*,*,#3923,.T.) ;
#3974=ORIENTED_EDGE('',*,*,#3945,.T.) ;
#4014=ORIENTED_EDGE('',*,*,#3993,.F.) ;
#4015=ORIENTED_EDGE('',*,*,#4000,.T.) ;
#4016=ORIENTED_EDGE('',*,*,#4007,.T.) ;
#4017=ORIENTED_EDGE('',*,*,#4012,.F.) ;
#4045=ORIENTED_EDGE('',*,*,#4007,.F.) ;
#4046=ORIENTED_EDGE('',*,*,#4031,.T.) ;
#4047=ORIENTED_EDGE('',*,*,#4038,.T.) ;
#4048=ORIENTED_EDGE('',*,*,#4043,.F.) ;
#4076=ORIENTED_EDGE('',*,*,#4038,.F.) ;
#4077=ORIENTED_EDGE('',*,*,#4062,.T.) ;
#4078=ORIENTED_EDGE('',*,*,#4069,.T.) ;
#4079=ORIENTED_EDGE('',*,*,#4074,.F.) ;
#4098=ORIENTED_EDGE('',*,*,#4069,.F.) ;
#4099=ORIENTED_EDGE('',*,*,#4091,.T.) ;
#4100=ORIENTED_EDGE('',*,*,#3993,.T.) ;
#4101=ORIENTED_EDGE('',*,*,#4096,.F.) ;
#4110=ORIENTED_EDGE('',*,*,#4091,.F.) ;
#4111=ORIENTED_EDGE('',*,*,#4062,.F.) ;
#4112=ORIENTED_EDGE('',*,*,#4031,.F.) ;
#4113=ORIENTED_EDGE('',*,*,#4000,.F.) ;
#4122=ORIENTED_EDGE('',*,*,#4012,.T.) ;
#4123=ORIENTED_EDGE('',*,*,#4043,.T.) ;
#4124=ORIENTED_EDGE('',*,*,#4074,.T.) ;
#4125=ORIENTED_EDGE('',*,*,#4096,.T.) ;
#4165=ORIENTED_EDGE('',*,*,#4144,.F.) ;
#4166=ORIENTED_EDGE('',*,*,#4151,.T.) ;
#4167=ORIENTED_EDGE('',*,*,#4158,.T.) ;
#4168=ORIENTED_EDGE('',*,*,#4163,.F.) ;
#4196=ORIENTED_EDGE('',*,*,#4158,.F.) ;
#4197=ORIENTED_EDGE('',*,*,#4182,.T.) ;
#4198=ORIENTED_EDGE('',*,*,#4189,.T.) ;
#4199=ORIENTED_EDGE('',*,*,#4194,.F.) ;
#4227=ORIENTED_EDGE('',*,*,#4189,.F.) ;
#4228=ORIENTED_EDGE('',*,*,#4213,.T.) ;
#4229=ORIENTED_EDGE('',*,*,#4220,.T.) ;
#4230=ORIENTED_EDGE('',*,*,#4225,.F.) ;
#4249=ORIENTED_EDGE('',*,*,#4220,.F.) ;
#4250=ORIENTED_EDGE('',*,*,#4242,.T.) ;
#4251=ORIENTED_EDGE('',*,*,#4144,.T.) ;
#4252=ORIENTED_EDGE('',*,*,#4247,.F.) ;
#4261=ORIENTED_EDGE('',*,*,#4242,.F.) ;
#4262=ORIENTED_EDGE('',*,*,#4213,.F.) ;
#4263=ORIENTED_EDGE('',*,*,#4182,.F.) ;
#4264=ORIENTED_EDGE('',*,*,#4151,.F.) ;
#4273=ORIENTED_EDGE('',*,*,#4163,.T.) ;
#4274=ORIENTED_EDGE('',*,*,#4194,.T.) ;
#4275=ORIENTED_EDGE('',*,*,#4225,.T.) ;
#4276=ORIENTED_EDGE('',*,*,#4247,.T.) ;
#4316=ORIENTED_EDGE('',*,*,#4295,.F.) ;
#4317=ORIENTED_EDGE('',*,*,#4302,.T.) ;
#4318=ORIENTED_EDGE('',*,*,#4309,.T.) ;
#4319=ORIENTED_EDGE('',*,*,#4314,.F.) ;
#4347=ORIENTED_EDGE('',*,*,#4309,.F.) ;
#4348=ORIENTED_EDGE('',*,*,#4333,.T.) ;
#4349=ORIENTED_EDGE('',*,*,#4340,.T.) ;
#4350=ORIENTED_EDGE('',*,*,#4345,.F.) ;
#4378=ORIENTED_EDGE('',*,*,#4340,.F.) ;
#4379=ORIENTED_EDGE('',*,*,#4364,.T.) ;
#4380=ORIENTED_EDGE('',*,*,#4371,.T.) ;
#4381=ORIENTED_EDGE('',*,*,#4376,.F.) ;
#4400=ORIENTED_EDGE('',*,*,#4371,.F.) ;
#4401=ORIENTED_EDGE('',*,*,#4393,.T.) ;
#4402=ORIENTED_EDGE('',*,*,#4295,.T.) ;
#4403=ORIENTED_EDGE('',*,*,#4398,.F.) ;
#4412=ORIENTED_EDGE('',*,*,#4393,.F.) ;
#4413=ORIENTED_EDGE('',*,*,#4364,.F.) ;
#4414=ORIENTED_EDGE('',*,*,#4333,.F.) ;
#4415=ORIENTED_EDGE('',*,*,#4302,.F.) ;
#4424=ORIENTED_EDGE('',*,*,#4314,.T.) ;
#4425=ORIENTED_EDGE('',*,*,#4345,.T.) ;
#4426=ORIENTED_EDGE('',*,*,#4376,.T.) ;
#4427=ORIENTED_EDGE('',*,*,#4398,.T.) ;
#4467=ORIENTED_EDGE('',*,*,#4446,.F.) ;
#4468=ORIENTED_EDGE('',*,*,#4453,.T.) ;
#4469=ORIENTED_EDGE('',*,*,#4460,.T.) ;
#4470=ORIENTED_EDGE('',*,*,#4465,.F.) ;
#4498=ORIENTED_EDGE('',*,*,#4460,.F.) ;
#4499=ORIENTED_EDGE('',*,*,#4484,.T.) ;
#4500=ORIENTED_EDGE('',*,*,#4491,.T.) ;
#4501=ORIENTED_EDGE('',*,*,#4496,.F.) ;
#4529=ORIENTED_EDGE('',*,*,#4491,.F.) ;
#4530=ORIENTED_EDGE('',*,*,#4515,.T.) ;
#4531=ORIENTED_EDGE('',*,*,#4522,.T.) ;
#4532=ORIENTED_EDGE('',*,*,#4527,.F.) ;
#4551=ORIENTED_EDGE('',*,*,#4522,.F.) ;
#4552=ORIENTED_EDGE('',*,*,#4544,.T.) ;
#4553=ORIENTED_EDGE('',*,*,#4446,.T.) ;
#4554=ORIENTED_EDGE('',*,*,#4549,.F.) ;
#4563=ORIENTED_EDGE('',*,*,#4544,.F.) ;
#4564=ORIENTED_EDGE('',*,*,#4515,.F.) ;
#4565=ORIENTED_EDGE('',*,*,#4484,.F.) ;
#4566=ORIENTED_EDGE('',*,*,#4453,.F.) ;
#4575=ORIENTED_EDGE('',*,*,#4465,.T.) ;
#4576=ORIENTED_EDGE('',*,*,#4496,.T.) ;
#4577=ORIENTED_EDGE('',*,*,#4527,.T.) ;
#4578=ORIENTED_EDGE('',*,*,#4549,.T.) ;
#4618=ORIENTED_EDGE('',*,*,#4597,.F.) ;
#4619=ORIENTED_EDGE('',*,*,#4604,.T.) ;
#4620=ORIENTED_EDGE('',*,*,#4611,.T.) ;
#4621=ORIENTED_EDGE('',*,*,#4616,.F.) ;
#4649=ORIENTED_EDGE('',*,*,#4611,.F.) ;
#4650=ORIENTED_EDGE('',*,*,#4635,.T.) ;
#4651=ORIENTED_EDGE('',*,*,#4642,.T.) ;
#4652=ORIENTED_EDGE('',*,*,#4647,.F.) ;
#4680=ORIENTED_EDGE('',*,*,#4642,.F.) ;
#4681=ORIENTED_EDGE('',*,*,#4666,.T.) ;
#4682=ORIENTED_EDGE('',*,*,#4673,.T.) ;
#4683=ORIENTED_EDGE('',*,*,#4678,.F.) ;
#4702=ORIENTED_EDGE('',*,*,#4673,.F.) ;
#4703=ORIENTED_EDGE('',*,*,#4695,.T.) ;
#4704=ORIENTED_EDGE('',*,*,#4597,.T.) ;
#4705=ORIENTED_EDGE('',*,*,#4700,.F.) ;
#4714=ORIENTED_EDGE('',*,*,#4695,.F.) ;
#4715=ORIENTED_EDGE('',*,*,#4666,.F.) ;
#4716=ORIENTED_EDGE('',*,*,#4635,.F.) ;
#4717=ORIENTED_EDGE('',*,*,#4604,.F.) ;
#4726=ORIENTED_EDGE('',*,*,#4616,.T.) ;
#4727=ORIENTED_EDGE('',*,*,#4647,.T.) ;
#4728=ORIENTED_EDGE('',*,*,#4678,.T.) ;
#4729=ORIENTED_EDGE('',*,*,#4700,.T.) ;
#4769=ORIENTED_EDGE('',*,*,#4748,.F.) ;
#4770=ORIENTED_EDGE('',*,*,#4755,.T.) ;
#4771=ORIENTED_EDGE('',*,*,#4762,.T.) ;
#4772=ORIENTED_EDGE('',*,*,#4767,.F.) ;
#4800=ORIENTED_EDGE('',*,*,#4762,.F.) ;
#4801=ORIENTED_EDGE('',*,*,#4786,.T.) ;
#4802=ORIENTED_EDGE('',*,*,#4793,.T.) ;
#4803=ORIENTED_EDGE('',*,*,#4798,.F.) ;
#4831=ORIENTED_EDGE('',*,*,#4793,.F.) ;
#4832=ORIENTED_EDGE('',*,*,#4817,.T.) ;
#4833=ORIENTED_EDGE('',*,*,#4824,.T.) ;
#4834=ORIENTED_EDGE('',*,*,#4829,.F.) ;
#4853=ORIENTED_EDGE('',*,*,#4824,.F.) ;
#4854=ORIENTED_EDGE('',*,*,#4846,.T.) ;
#4855=ORIENTED_EDGE('',*,*,#4748,.T.) ;
#4856=ORIENTED_EDGE('',*,*,#4851,.F.) ;
#4865=ORIENTED_EDGE('',*,*,#4846,.F.) ;
#4866=ORIENTED_EDGE('',*,*,#4817,.F.) ;
#4867=ORIENTED_EDGE('',*,*,#4786,.F.) ;
#4868=ORIENTED_EDGE('',*,*,#4755,.F.) ;
#4877=ORIENTED_EDGE('',*,*,#4767,.T.) ;
#4878=ORIENTED_EDGE('',*,*,#4798,.T.) ;
#4879=ORIENTED_EDGE('',*,*,#4829,.T.) ;
#4880=ORIENTED_EDGE('',*,*,#4851,.T.) ;
#4920=ORIENTED_EDGE('',*,*,#4899,.F.) ;
#4921=ORIENTED_EDGE('',*,*,#4906,.T.) ;
#4922=ORIENTED_EDGE('',*,*,#4913,.T.) ;
#4923=ORIENTED_EDGE('',*,*,#4918,.F.) ;
#4951=ORIENTED_EDGE('',*,*,#4913,.F.) ;
#4952=ORIENTED_EDGE('',*,*,#4937,.T.) ;
#4953=ORIENTED_EDGE('',*,*,#4944,.T.) ;
#4954=ORIENTED_EDGE('',*,*,#4949,.F.) ;
#4982=ORIENTED_EDGE('',*,*,#4944,.F.) ;
#4983=ORIENTED_EDGE('',*,*,#4968,.T.) ;
#4984=ORIENTED_EDGE('',*,*,#4975,.T.) ;
#4985=ORIENTED_EDGE('',*,*,#4980,.F.) ;
#5004=ORIENTED_EDGE('',*,*,#4975,.F.) ;
#5005=ORIENTED_EDGE('',*,*,#4997,.T.) ;
#5006=ORIENTED_EDGE('',*,*,#4899,.T.) ;
#5007=ORIENTED_EDGE('',*,*,#5002,.F.) ;
#5016=ORIENTED_EDGE('',*,*,#4997,.F.) ;
#5017=ORIENTED_EDGE('',*,*,#4968,.F.) ;
#5018=ORIENTED_EDGE('',*,*,#4937,.F.) ;
#5019=ORIENTED_EDGE('',*,*,#4906,.F.) ;
#5028=ORIENTED_EDGE('',*,*,#4918,.T.) ;
#5029=ORIENTED_EDGE('',*,*,#4949,.T.) ;
#5030=ORIENTED_EDGE('',*,*,#4980,.T.) ;
#5031=ORIENTED_EDGE('',*,*,#5002,.T.) ;
#5071=ORIENTED_EDGE('',*,*,#5050,.F.) ;
#5072=ORIENTED_EDGE('',*,*,#5057,.T.) ;
#5073=ORIENTED_EDGE('',*,*,#5064,.T.) ;
#5074=ORIENTED_EDGE('',*,*,#5069,.F.) ;
#5102=ORIENTED_EDGE('',*,*,#5064,.F.) ;
#5103=ORIENTED_EDGE('',*,*,#5088,.T.) ;
#5104=ORIENTED_EDGE('',*,*,#5095,.T.) ;
#5105=ORIENTED_EDGE('',*,*,#5100,.F.) ;
#5133=ORIENTED_EDGE('',*,*,#5095,.F.) ;
#5134=ORIENTED_EDGE('',*,*,#5119,.T.) ;
#5135=ORIENTED_EDGE('',*,*,#5126,.T.) ;
#5136=ORIENTED_EDGE('',*,*,#5131,.F.) ;
#5155=ORIENTED_EDGE('',*,*,#5126,.F.) ;
#5156=ORIENTED_EDGE('',*,*,#5148,.T.) ;
#5157=ORIENTED_EDGE('',*,*,#5050,.T.) ;
#5158=ORIENTED_EDGE('',*,*,#5153,.F.) ;
#5167=ORIENTED_EDGE('',*,*,#5148,.F.) ;
#5168=ORIENTED_EDGE('',*,*,#5119,.F.) ;
#5169=ORIENTED_EDGE('',*,*,#5088,.F.) ;
#5170=ORIENTED_EDGE('',*,*,#5057,.F.) ;
#5179=ORIENTED_EDGE('',*,*,#5069,.T.) ;
#5180=ORIENTED_EDGE('',*,*,#5100,.T.) ;
#5181=ORIENTED_EDGE('',*,*,#5131,.T.) ;
#5182=ORIENTED_EDGE('',*,*,#5153,.T.) ;
#30=CLOSED_SHELL('Closed Shell',(#70,#101,#132,#154,#166,#178)) ;
#190=CLOSED_SHELL('Closed Shell',(#230,#261,#292,#314,#326,#338)) ;
#341=CLOSED_SHELL('Closed Shell',(#381,#412,#443,#465,#477,#489)) ;
#492=CLOSED_SHELL('Closed Shell',(#532,#563,#594,#616,#628,#640)) ;
#643=CLOSED_SHELL('Closed Shell',(#683,#714,#745,#767,#779,#791)) ;
#801=CLOSED_SHELL('Closed Shell',(#841,#872,#903,#925,#937,#949)) ;
#959=CLOSED_SHELL('Closed Shell',(#999,#1030,#1061,#1083,#1095,#1107)) ;
#1110=CLOSED_SHELL('Closed Shell',(#1150,#1181,#1212,#1234,#1246,#1258)) ;
#1261=CLOSED_SHELL('Closed Shell',(#1301,#1332,#1363,#1385,#1397,#1409)) ;
#1412=CLOSED_SHELL('Closed Shell',(#1452,#1483,#1514,#1536,#1548,#1560)) ;
#1563=CLOSED_SHELL('Closed Shell',(#1603,#1634,#1665,#1687,#1699,#1711)) ;
#1714=CLOSED_SHELL('Closed Shell',(#1754,#1785,#1816,#1838,#1850,#1862)) ;
#1865=CLOSED_SHELL('Closed Shell',(#1905,#1936,#1967,#1989,#2001,#2013)) ;
#2016=CLOSED_SHELL('Closed Shell',(#2056,#2087,#2118,#2140,#2152,#2164)) ;
#2167=CLOSED_SHELL('Closed Shell',(#2207,#2238,#2269,#2291,#2303,#2315)) ;
#2318=CLOSED_SHELL('Closed Shell',(#2358,#2389,#2420,#2442,#2454,#2466)) ;
#2469=CLOSED_SHELL('Closed Shell',(#2509,#2540,#2571,#2593,#2605,#2617)) ;
#2620=CLOSED_SHELL('Closed Shell',(#2660,#2691,#2722,#2744,#2756,#2768)) ;
#2771=CLOSED_SHELL('Closed Shell',(#2811,#2842,#2873,#2895,#2907,#2919)) ;
#2922=CLOSED_SHELL('Closed Shell',(#2962,#2993,#3024,#3046,#3058,#3070)) ;
#3073=CLOSED_SHELL('Closed Shell',(#3113,#3144,#3175,#3197,#3209,#3221)) ;
#3224=CLOSED_SHELL('Closed Shell',(#3264,#3295,#3326,#3348,#3360,#3372)) ;
#3375=CLOSED_SHELL('Closed Shell',(#3415,#3446,#3477,#3499,#3511,#3523)) ;
#3526=CLOSED_SHELL('Closed Shell',(#3566,#3597,#3628,#3650,#3662,#3674)) ;
#3677=CLOSED_SHELL('Closed Shell',(#3717,#3748,#3779,#3801,#3813,#3825)) ;
#3828=CLOSED_SHELL('Closed Shell',(#3868,#3899,#3930,#3952,#3964,#3976)) ;
#3979=CLOSED_SHELL('Closed Shell',(#4019,#4050,#4081,#4103,#4115,#4127)) ;
#4130=CLOSED_SHELL('Closed Shell',(#4170,#4201,#4232,#4254,#4266,#4278)) ;
#4281=CLOSED_SHELL('Closed Shell',(#4321,#4352,#4383,#4405,#4417,#4429)) ;
#4432=CLOSED_SHELL('Closed Shell',(#4472,#4503,#4534,#4556,#4568,#4580)) ;
#4583=CLOSED_SHELL('Closed Shell',(#4623,#4654,#4685,#4707,#4719,#4731)) ;
#4734=CLOSED_SHELL('Closed Shell',(#4774,#4805,#4836,#4858,#4870,#4882)) ;
#4885=CLOSED_SHELL('Closed Shell',(#4925,#4956,#4987,#5009,#5021,#5033)) ;
#5036=CLOSED_SHELL('Closed Shell',(#5076,#5107,#5138,#5160,#5172,#5184)) ;
#179=ADVANCED_BREP_SHAPE_REPRESENTATION('NONE',(#21,#181,#339,#490,#641,#792,#950,#1108,#1259,#1410,#1561,#1712,#1863,#2014,#2165,#2316,#2467,#2618,#2769,#2920,#3071,#3222,#3373,#3524,#3675,#3826,#3977,#4128,#4279,#4430,#4581,#4732,#4883,#5034),#16) ;
#70=ADVANCED_FACE('K\X2\00F6\X0\rper.1',(#69),#35,.T.) ;
#101=ADVANCED_FACE('K\X2\00F6\X0\rper.1',(#100),#75,.T.) ;
#132=ADVANCED_FACE('K\X2\00F6\X0\rper.1',(#131),#106,.T.) ;
#154=ADVANCED_FACE('K\X2\00F6\X0\rper.1',(#153),#137,.T.) ;
#166=ADVANCED_FACE('K\X2\00F6\X0\rper.1',(#165),#159,.F.) ;
#178=ADVANCED_FACE('K\X2\00F6\X0\rper.1',(#177),#171,.T.) ;
#230=ADVANCED_FACE('K\X2\00F6\X0\rper.2',(#229),#195,.T.) ;
#261=ADVANCED_FACE('K\X2\00F6\X0\rper.2',(#260),#235,.T.) ;
#292=ADVANCED_FACE('K\X2\00F6\X0\rper.2',(#291),#266,.T.) ;
#314=ADVANCED_FACE('K\X2\00F6\X0\rper.2',(#313),#297,.T.) ;
#326=ADVANCED_FACE('K\X2\00F6\X0\rper.2',(#325),#319,.F.) ;
#338=ADVANCED_FACE('K\X2\00F6\X0\rper.2',(#337),#331,.T.) ;
#381=ADVANCED_FACE('K\X2\00F6\X0\rper.3',(#380),#346,.T.) ;
#412=ADVANCED_FACE('K\X2\00F6\X0\rper.3',(#411),#386,.T.) ;
#443=ADVANCED_FACE('K\X2\00F6\X0\rper.3',(#442),#417,.T.) ;
#465=ADVANCED_FACE('K\X2\00F6\X0\rper.3',(#464),#448,.T.) ;
#477=ADVANCED_FACE('K\X2\00F6\X0\rper.3',(#476),#470,.F.) ;
#489=ADVANCED_FACE('K\X2\00F6\X0\rper.3',(#488),#482,.T.) ;
#532=ADVANCED_FACE('K\X2\00F6\X0\rper.4',(#531),#497,.T.) ;
#563=ADVANCED_FACE('K\X2\00F6\X0\rper.4',(#562),#537,.T.) ;
#594=ADVANCED_FACE('K\X2\00F6\X0\rper.4',(#593),#568,.T.) ;
#616=ADVANCED_FACE('K\X2\00F6\X0\rper.4',(#615),#599,.T.) ;
#628=ADVANCED_FACE('K\X2\00F6\X0\rper.4',(#627),#621,.F.) ;
#640=ADVANCED_FACE('K\X2\00F6\X0\rper.4',(#639),#633,.T.) ;
#683=ADVANCED_FACE('K\X2\00F6\X0\rper.5',(#682),#648,.T.) ;
#714=ADVANCED_FACE('K\X2\00F6\X0\rper.5',(#713),#688,.T.) ;
#745=ADVANCED_FACE('K\X2\00F6\X0\rper.5',(#744),#719,.T.) ;
#767=ADVANCED_FACE('K\X2\00F6\X0\rper.5',(#766),#750,.T.) ;
#779=ADVANCED_FACE('K\X2\00F6\X0\rper.5',(#778),#772,.F.) ;
#791=ADVANCED_FACE('K\X2\00F6\X0\rper.5',(#790),#784,.T.) ;
#841=ADVANCED_FACE('K\X2\00F6\X0\rper.6',(#840),#806,.T.) ;
#872=ADVANCED_FACE('K\X2\00F6\X0\rper.6',(#871),#846,.T.) ;
#903=ADVANCED_FACE('K\X2\00F6\X0\rper.6',(#902),#877,.T.) ;
#925=ADVANCED_FACE('K\X2\00F6\X0\rper.6',(#924),#908,.T.) ;
#937=ADVANCED_FACE('K\X2\00F6\X0\rper.6',(#936),#930,.F.) ;
#949=ADVANCED_FACE('K\X2\00F6\X0\rper.6',(#948),#942,.T.) ;
#999=ADVANCED_FACE('K\X2\00F6\X0\rper.7',(#998),#964,.T.) ;
#1030=ADVANCED_FACE('K\X2\00F6\X0\rper.7',(#1029),#1004,.F.) ;
#1061=ADVANCED_FACE('K\X2\00F6\X0\rper.7',(#1060),#1035,.T.) ;
#1083=ADVANCED_FACE('K\X2\00F6\X0\rper.7',(#1082),#1066,.F.) ;
#1095=ADVANCED_FACE('K\X2\00F6\X0\rper.7',(#1094),#1088,.F.) ;
#1107=ADVANCED_FACE('K\X2\00F6\X0\rper.7',(#1106),#1100,.T.) ;
#1150=ADVANCED_FACE('K\X2\00F6\X0\rper.8',(#1149),#1115,.T.) ;
#1181=ADVANCED_FACE('K\X2\00F6\X0\rper.8',(#1180),#1155,.T.) ;
#1212=ADVANCED_FACE('K\X2\00F6\X0\rper.8',(#1211),#1186,.T.) ;
#1234=ADVANCED_FACE('K\X2\00F6\X0\rper.8',(#1233),#1217,.T.) ;
#1246=ADVANCED_FACE('K\X2\00F6\X0\rper.8',(#1245),#1239,.F.) ;
#1258=ADVANCED_FACE('K\X2\00F6\X0\rper.8',(#1257),#1251,.T.) ;
#1301=ADVANCED_FACE('K\X2\00F6\X0\rper.9',(#1300),#1266,.T.) ;
#1332=ADVANCED_FACE('K\X2\00F6\X0\rper.9',(#1331),#1306,.T.) ;
#1363=ADVANCED_FACE('K\X2\00F6\X0\rper.9',(#1362),#1337,.T.) ;
#1385=ADVANCED_FACE('K\X2\00F6\X0\rper.9',(#1384),#1368,.T.) ;
#1397=ADVANCED_FACE('K\X2\00F6\X0\rper.9',(#1396),#1390,.F.) ;
#1409=ADVANCED_FACE('K\X2\00F6\X0\rper.9',(#1408),#1402,.T.) ;
#1452=ADVANCED_FACE('K\X2\00F6\X0\rper.10',(#1451),#1417,.T.) ;
#1483=ADVANCED_FACE('K\X2\00F6\X0\rper.10',(#1482),#1457,.T.) ;
#1514=ADVANCED_FACE('K\X2\00F6\X0\rper.10',(#1513),#1488,.T.) ;
#1536=ADVANCED_FACE('K\X2\00F6\X0\rper.10',(#1535),#1519,.T.) ;
#1548=ADVANCED_FACE('K\X2\00F6\X0\rper.10',(#1547),#1541,.F.) ;
#1560=ADVANCED_FACE('K\X2\00F6\X0\rper.10',(#1559),#1553,.T.) ;
#1603=ADVANCED_FACE('K\X2\00F6\X0\rper.11',(#1602),#1568,.T.) ;
#1634=ADVANCED_FACE('K\X2\00F6\X0\rper.11',(#1633),#1608,.T.) ;
#1665=ADVANCED_FACE('K\X2\00F6\X0\rper.11',(#1664),#1639,.T.) ;
#1687=ADVANCED_FACE('K\X2\00F6\X0\rper.11',(#1686),#1670,.T.) ;
#1699=ADVANCED_FACE('K\X2\00F6\X0\rper.11',(#1698),#1692,.F.) ;
#1711=ADVANCED_FACE('K\X2\00F6\X0\rper.11',(#1710),#1704,.T.) ;
#1754=ADVANCED_FACE('K\X2\00F6\X0\rper.12',(#1753),#1719,.T.) ;
#1785=ADVANCED_FACE('K\X2\00F6\X0\rper.12',(#1784),#1759,.T.) ;
#1816=ADVANCED_FACE('K\X2\00F6\X0\rper.12',(#1815),#1790,.T.) ;
#1838=ADVANCED_FACE('K\X2\00F6\X0\rper.12',(#1837),#1821,.T.) ;
#1850=ADVANCED_FACE('K\X2\00F6\X0\rper.12',(#1849),#1843,.F.) ;
#1862=ADVANCED_FACE('K\X2\00F6\X0\rper.12',(#1861),#1855,.T.) ;
#1905=ADVANCED_FACE('K\X2\00F6\X0\rper.13',(#1904),#1870,.T.) ;
#1936=ADVANCED_FACE('K\X2\00F6\X0\rper.13',(#1935),#1910,.T.) ;
#1967=ADVANCED_FACE('K\X2\00F6\X0\rper.13',(#1966),#1941,.T.) ;
#1989=ADVANCED_FACE('K\X2\00F6\X0\rper.13',(#1988),#1972,.T.) ;
#2001=ADVANCED_FACE('K\X2\00F6\X0\rper.13',(#2000),#1994,.F.) ;
#2013=ADVANCED_FACE('K\X2\00F6\X0\rper.13',(#2012),#2006,.T.) ;
#2056=ADVANCED_FACE('K\X2\00F6\X0\rper.14',(#2055),#2021,.T.) ;
#2087=ADVANCED_FACE('K\X2\00F6\X0\rper.14',(#2086),#2061,.T.) ;
#2118=ADVANCED_FACE('K\X2\00F6\X0\rper.14',(#2117),#2092,.T.) ;
#2140=ADVANCED_FACE('K\X2\00F6\X0\rper.14',(#2139),#2123,.T.) ;
#2152=ADVANCED_FACE('K\X2\00F6\X0\rper.14',(#2151),#2145,.F.) ;
#2164=ADVANCED_FACE('K\X2\00F6\X0\rper.14',(#2163),#2157,.T.) ;
#2207=ADVANCED_FACE('K\X2\00F6\X0\rper.15',(#2206),#2172,.T.) ;
#2238=ADVANCED_FACE('K\X2\00F6\X0\rper.15',(#2237),#2212,.T.) ;
#2269=ADVANCED_FACE('K\X2\00F6\X0\rper.15',(#2268),#2243,.T.) ;
#2291=ADVANCED_FACE('K\X2\00F6\X0\rper.15',(#2290),#2274,.T.) ;
#2303=ADVANCED_FACE('K\X2\00F6\X0\rper.15',(#2302),#2296,.F.) ;
#2315=ADVANCED_FACE('K\X2\00F6\X0\rper.15',(#2314),#2308,.T.) ;
#2358=ADVANCED_FACE('K\X2\00F6\X0\rper.16',(#2357),#2323,.T.) ;
#2389=ADVANCED_FACE('K\X2\00F6\X0\rper.16',(#2388),#2363,.F.) ;
#2420=ADVANCED_FACE('K\X2\00F6\X0\rper.16',(#2419),#2394,.T.) ;
#2442=ADVANCED_FACE('K\X2\00F6\X0\rper.16',(#2441),#2425,.F.) ;
#2454=ADVANCED_FACE('K\X2\00F6\X0\rper.16',(#2453),#2447,.F.) ;
#2466=ADVANCED_FACE('K\X2\00F6\X0\rper.16',(#2465),#2459,.T.) ;
#2509=ADVANCED_FACE('K\X2\00F6\X0\rper.17',(#2508),#2474,.T.) ;
#2540=ADVANCED_FACE('K\X2\00F6\X0\rper.17',(#2539),#2514,.T.) ;
#2571=ADVANCED_FACE('K\X2\00F6\X0\rper.17',(#2570),#2545,.T.) ;
#2593=ADVANCED_FACE('K\X2\00F6\X0\rper.17',(#2592),#2576,.T.) ;
#2605=ADVANCED_FACE('K\X2\00F6\X0\rper.17',(#2604),#2598,.F.) ;
#2617=ADVANCED_FACE('K\X2\00F6\X0\rper.17',(#2616),#2610,.T.) ;
#2660=ADVANCED_FACE('K\X2\00F6\X0\rper.18',(#2659),#2625,.T.) ;
#2691=ADVANCED_FACE('K\X2\00F6\X0\rper.18',(#2690),#2665,.T.) ;
#2722=ADVANCED_FACE('K\X2\00F6\X0\rper.18',(#2721),#2696,.T.) ;
#2744=ADVANCED_FACE('K\X2\00F6\X0\rper.18',(#2743),#2727,.T.) ;
#2756=ADVANCED_FACE('K\X2\00F6\X0\rper.18',(#2755),#2749,.F.) ;
#2768=ADVANCED_FACE('K\X2\00F6\X0\rper.18',(#2767),#2761,.T.) ;
#2811=ADVANCED_FACE('K\X2\00F6\X0\rper.19',(#2810),#2776,.T.) ;
#2842=ADVANCED_FACE('K\X2\00F6\X0\rper.19',(#2841),#2816,.T.) ;
#2873=ADVANCED_FACE('K\X2\00F6\X0\rper.19',(#2872),#2847,.T.) ;
#2895=ADVANCED_FACE('K\X2\00F6\X0\rper.19',(#2894),#2878,.T.) ;
#2907=ADVANCED_FACE('K\X2\00F6\X0\rper.19',(#2906),#2900,.F.) ;
#2919=ADVANCED_FACE('K\X2\00F6\X0\rper.19',(#2918),#2912,.T.) ;
#2962=ADVANCED_FACE('K\X2\00F6\X0\rper.20',(#2961),#2927,.T.) ;
#2993=ADVANCED_FACE('K\X2\00F6\X0\rper.20',(#2992),#2967,.T.) ;
#3024=ADVANCED_FACE('K\X2\00F6\X0\rper.20',(#3023),#2998,.T.) ;
#3046=ADVANCED_FACE('K\X2\00F6\X0\rper.20',(#3045),#3029,.T.) ;
#3058=ADVANCED_FACE('K\X2\00F6\X0\rper.20',(#3057),#3051,.F.) ;
#3070=ADVANCED_FACE('K\X2\00F6\X0\rper.20',(#3069),#3063,.T.) ;
#3113=ADVANCED_FACE('K\X2\00F6\X0\rper.21',(#3112),#3078,.T.) ;
#3144=ADVANCED_FACE('K\X2\00F6\X0\rper.21',(#3143),#3118,.T.) ;
#3175=ADVANCED_FACE('K\X2\00F6\X0\rper.21',(#3174),#3149,.T.) ;
#3197=ADVANCED_FACE('K\X2\00F6\X0\rper.21',(#3196),#3180,.T.) ;
#3209=ADVANCED_FACE('K\X2\00F6\X0\rper.21',(#3208),#3202,.F.) ;
#3221=ADVANCED_FACE('K\X2\00F6\X0\rper.21',(#3220),#3214,.T.) ;
#3264=ADVANCED_FACE('K\X2\00F6\X0\rper.22',(#3263),#3229,.T.) ;
#3295=ADVANCED_FACE('K\X2\00F6\X0\rper.22',(#3294),#3269,.T.) ;
#3326=ADVANCED_FACE('K\X2\00F6\X0\rper.22',(#3325),#3300,.T.) ;
#3348=ADVANCED_FACE('K\X2\00F6\X0\rper.22',(#3347),#3331,.T.) ;
#3360=ADVANCED_FACE('K\X2\00F6\X0\rper.22',(#3359),#3353,.F.) ;
#3372=ADVANCED_FACE('K\X2\00F6\X0\rper.22',(#3371),#3365,.T.) ;
#3415=ADVANCED_FACE('K\X2\00F6\X0\rper.23',(#3414),#3380,.T.) ;
#3446=ADVANCED_FACE('K\X2\00F6\X0\rper.23',(#3445),#3420,.T.) ;
#3477=ADVANCED_FACE('K\X2\00F6\X0\rper.23',(#3476),#3451,.T.) ;
#3499=ADVANCED_FACE('K\X2\00F6\X0\rper.23',(#3498),#3482,.T.) ;
#3511=ADVANCED_FACE('K\X2\00F6\X0\rper.23',(#3510),#3504,.F.) ;
#3523=ADVANCED_FACE('K\X2\00F6\X0\rper.23',(#3522),#3516,.T.) ;
#3566=ADVANCED_FACE('K\X2\00F6\X0\rper.24',(#3565),#3531,.T.) ;
#3597=ADVANCED_FACE('K\X2\00F6\X0\rper.24',(#3596),#3571,.T.) ;
#3628=ADVANCED_FACE('K\X2\00F6\X0\rper.24',(#3627),#3602,.T.) ;
#3650=ADVANCED_FACE('K\X2\00F6\X0\rper.24',(#3649),#3633,.T.) ;
#3662=ADVANCED_FACE('K\X2\00F6\X0\rper.24',(#3661),#3655,.F.) ;
#3674=ADVANCED_FACE('K\X2\00F6\X0\rper.24',(#3673),#3667,.T.) ;
#3717=ADVANCED_FACE('K\X2\00F6\X0\rper.25',(#3716),#3682,.T.) ;
#3748=ADVANCED_FACE('K\X2\00F6\X0\rper.25',(#3747),#3722,.F.) ;
#3779=ADVANCED_FACE('K\X2\00F6\X0\rper.25',(#3778),#3753,.T.) ;
#3801=ADVANCED_FACE('K\X2\00F6\X0\rper.25',(#3800),#3784,.F.) ;
#3813=ADVANCED_FACE('K\X2\00F6\X0\rper.25',(#3812),#3806,.F.) ;
#3825=ADVANCED_FACE('K\X2\00F6\X0\rper.25',(#3824),#3818,.T.) ;
#3868=ADVANCED_FACE('K\X2\00F6\X0\rper.26',(#3867),#3833,.T.) ;
#3899=ADVANCED_FACE('K\X2\00F6\X0\rper.26',(#3898),#3873,.T.) ;
#3930=ADVANCED_FACE('K\X2\00F6\X0\rper.26',(#3929),#3904,.T.) ;
#3952=ADVANCED_FACE('K\X2\00F6\X0\rper.26',(#3951),#3935,.T.) ;
#3964=ADVANCED_FACE('K\X2\00F6\X0\rper.26',(#3963),#3957,.F.) ;
#3976=ADVANCED_FACE('K\X2\00F6\X0\rper.26',(#3975),#3969,.T.) ;
#4019=ADVANCED_FACE('K\X2\00F6\X0\rper.27',(#4018),#3984,.T.) ;
#4050=ADVANCED_FACE('K\X2\00F6\X0\rper.27',(#4049),#4024,.T.) ;
#4081=ADVANCED_FACE('K\X2\00F6\X0\rper.27',(#4080),#4055,.T.) ;
#4103=ADVANCED_FACE('K\X2\00F6\X0\rper.27',(#4102),#4086,.T.) ;
#4115=ADVANCED_FACE('K\X2\00F6\X0\rper.27',(#4114),#4108,.F.) ;
#4127=ADVANCED_FACE('K\X2\00F6\X0\rper.27',(#4126),#4120,.T.) ;
#4170=ADVANCED_FACE('K\X2\00F6\X0\rper.28',(#4169),#4135,.T.) ;
#4201=ADVANCED_FACE('K\X2\00F6\X0\rper.28',(#4200),#4175,.T.) ;
#4232=ADVANCED_FACE('K\X2\00F6\X0\rper.28',(#4231),#4206,.T.) ;
#4254=ADVANCED_FACE('K\X2\00F6\X0\rper.28',(#4253),#4237,.T.) ;
#4266=ADVANCED_FACE('K\X2\00F6\X0\rper.28',(#4265),#4259,.F.) ;
#4278=ADVANCED_FACE('K\X2\00F6\X0\rper.28',(#4277),#4271,.T.) ;
#4321=ADVANCED_FACE('K\X2\00F6\X0\rper.29',(#4320),#4286,.T.) ;
#4352=ADVANCED_FACE('K\X2\00F6\X0\rper.29',(#4351),#4326,.T.) ;
#4383=ADVANCED_FACE('K\X2\00F6\X0\rper.29',(#4382),#4357,.T.) ;
#4405=ADVANCED_FACE('K\X2\00F6\X0\rper.29',(#4404),#4388,.T.) ;
#4417=ADVANCED_FACE('K\X2\00F6\X0\rper.29',(#4416),#4410,.F.) ;
#4429=ADVANCED_FACE('K\X2\00F6\X0\rper.29',(#4428),#4422,.T.) ;
#4472=ADVANCED_FACE('K\X2\00F6\X0\rper.30',(#4471),#4437,.T.) ;
#4503=ADVANCED_FACE('K\X2\00F6\X0\rper.30',(#4502),#4477,.T.) ;
#4534=ADVANCED_FACE('K\X2\00F6\X0\rper.30',(#4533),#4508,.T.) ;
#4556=ADVANCED_FACE('K\X2\00F6\X0\rper.30',(#4555),#4539,.T.) ;
#4568=ADVANCED_FACE('K\X2\00F6\X0\rper.30',(#4567),#4561,.F.) ;
#4580=ADVANCED_FACE('K\X2\00F6\X0\rper.30',(#4579),#4573,.T.) ;
#4623=ADVANCED_FACE('K\X2\00F6\X0\rper.31',(#4622),#4588,.T.) ;
#4654=ADVANCED_FACE('K\X2\00F6\X0\rper.31',(#4653),#4628,.T.) ;
#4685=ADVANCED_FACE('K\X2\00F6\X0\rper.31',(#4684),#4659,.T.) ;
#4707=ADVANCED_FACE('K\X2\00F6\X0\rper.31',(#4706),#4690,.T.) ;
#4719=ADVANCED_FACE('K\X2\00F6\X0\rper.31',(#4718),#4712,.F.) ;
#4731=ADVANCED_FACE('K\X2\00F6\X0\rper.31',(#4730),#4724,.T.) ;
#4774=ADVANCED_FACE('K\X2\00F6\X0\rper.32',(#4773),#4739,.T.) ;
#4805=ADVANCED_FACE('K\X2\00F6\X0\rper.32',(#4804),#4779,.T.) ;
#4836=ADVANCED_FACE('K\X2\00F6\X0\rper.32',(#4835),#4810,.T.) ;
#4858=ADVANCED_FACE('K\X2\00F6\X0\rper.32',(#4857),#4841,.T.) ;
#4870=ADVANCED_FACE('K\X2\00F6\X0\rper.32',(#4869),#4863,.F.) ;
#4882=ADVANCED_FACE('K\X2\00F6\X0\rper.32',(#4881),#4875,.T.) ;
#4925=ADVANCED_FACE('K\X2\00F6\X0\rper.33',(#4924),#4890,.T.) ;
#4956=ADVANCED_FACE('K\X2\00F6\X0\rper.33',(#4955),#4930,.F.) ;
#4987=ADVANCED_FACE('K\X2\00F6\X0\rper.33',(#4986),#4961,.T.) ;
#5009=ADVANCED_FACE('K\X2\00F6\X0\rper.33',(#5008),#4992,.F.) ;
#5021=ADVANCED_FACE('K\X2\00F6\X0\rper.33',(#5020),#5014,.F.) ;
#5033=ADVANCED_FACE('K\X2\00F6\X0\rper.33',(#5032),#5026,.T.) ;
#5076=ADVANCED_FACE('K\X2\00F6\X0\rper.34',(#5075),#5041,.T.) ;
#5107=ADVANCED_FACE('K\X2\00F6\X0\rper.34',(#5106),#5081,.T.) ;
#5138=ADVANCED_FACE('K\X2\00F6\X0\rper.34',(#5137),#5112,.T.) ;
#5160=ADVANCED_FACE('K\X2\00F6\X0\rper.34',(#5159),#5143,.T.) ;
#5172=ADVANCED_FACE('K\X2\00F6\X0\rper.34',(#5171),#5165,.F.) ;
#5184=ADVANCED_FACE('K\X2\00F6\X0\rper.34',(#5183),#5177,.T.) ;
#4=APPLICATION_PROTOCOL_DEFINITION('international standard','automotive_design',2001,#1) ;
#21=MANIFOLD_SOLID_BREP('K\X2\00F6\X0\rper.1',#30) ;
#181=MANIFOLD_SOLID_BREP('K\X2\00F6\X0\rper.2',#190) ;
#339=MANIFOLD_SOLID_BREP('K\X2\00F6\X0\rper.3',#341) ;
#490=MANIFOLD_SOLID_BREP('K\X2\00F6\X0\rper.4',#492) ;
#641=MANIFOLD_SOLID_BREP('K\X2\00F6\X0\rper.5',#643) ;
#792=MANIFOLD_SOLID_BREP('K\X2\00F6\X0\rper.6',#801) ;
#950=MANIFOLD_SOLID_BREP('K\X2\00F6\X0\rper.7',#959) ;
#1108=MANIFOLD_SOLID_BREP('K\X2\00F6\X0\rper.8',#1110) ;
#1259=MANIFOLD_SOLID_BREP('K\X2\00F6\X0\rper.9',#1261) ;
#1410=MANIFOLD_SOLID_BREP('K\X2\00F6\X0\rper.10',#1412) ;
#1561=MANIFOLD_SOLID_BREP('K\X2\00F6\X0\rper.11',#1563) ;
#1712=MANIFOLD_SOLID_BREP('K\X2\00F6\X0\rper.12',#1714) ;
#1863=MANIFOLD_SOLID_BREP('K\X2\00F6\X0\rper.13',#1865) ;
#2014=MANIFOLD_SOLID_BREP('K\X2\00F6\X0\rper.14',#2016) ;
#2165=MANIFOLD_SOLID_BREP('K\X2\00F6\X0\rper.15',#2167) ;
#2316=MANIFOLD_SOLID_BREP('K\X2\00F6\X0\rper.16',#2318) ;
#2467=MANIFOLD_SOLID_BREP('K\X2\00F6\X0\rper.17',#2469) ;
#2618=MANIFOLD_SOLID_BREP('K\X2\00F6\X0\rper.18',#2620) ;
#2769=MANIFOLD_SOLID_BREP('K\X2\00F6\X0\rper.19',#2771) ;
#2920=MANIFOLD_SOLID_BREP('K\X2\00F6\X0\rper.20',#2922) ;
#3071=MANIFOLD_SOLID_BREP('K\X2\00F6\X0\rper.21',#3073) ;
#3222=MANIFOLD_SOLID_BREP('K\X2\00F6\X0\rper.22',#3224) ;
#3373=MANIFOLD_SOLID_BREP('K\X2\00F6\X0\rper.23',#3375) ;
#3524=MANIFOLD_SOLID_BREP('K\X2\00F6\X0\rper.24',#3526) ;
#3675=MANIFOLD_SOLID_BREP('K\X2\00F6\X0\rper.25',#3677) ;
#3826=MANIFOLD_SOLID_BREP('K\X2\00F6\X0\rper.26',#3828) ;
#3977=MANIFOLD_SOLID_BREP('K\X2\00F6\X0\rper.27',#3979) ;
#4128=MANIFOLD_SOLID_BREP('K\X2\00F6\X0\rper.28',#4130) ;
#4279=MANIFOLD_SOLID_BREP('K\X2\00F6\X0\rper.29',#4281) ;
#4430=MANIFOLD_SOLID_BREP('K\X2\00F6\X0\rper.30',#4432) ;
#4581=MANIFOLD_SOLID_BREP('K\X2\00F6\X0\rper.31',#4583) ;
#4732=MANIFOLD_SOLID_BREP('K\X2\00F6\X0\rper.32',#4734) ;
#4883=MANIFOLD_SOLID_BREP('K\X2\00F6\X0\rper.33',#4885) ;
#5034=MANIFOLD_SOLID_BREP('K\X2\00F6\X0\rper.34',#5036) ;
#22=COLOUR_RGB('Colour',0.823529411765,0.823529411765,1.) ;
#182=COLOUR_RGB('Colour',1.,0.501960784314,0.501960784314) ;
#793=COLOUR_RGB('Colour',1.,0.501960784314,0.) ;
#951=COLOUR_RGB('Colour',0.,0.450980392157,0.666666666667) ;
#44=EDGE_CURVE('',#41,#43,#39,.T.) ;
#51=EDGE_CURVE('',#41,#50,#48,.T.) ;
#58=EDGE_CURVE('',#50,#57,#55,.T.) ;
#63=EDGE_CURVE('',#43,#57,#62,.T.) ;
#82=EDGE_CURVE('',#50,#81,#79,.T.) ;
#89=EDGE_CURVE('',#81,#88,#86,.T.) ;
#94=EDGE_CURVE('',#57,#88,#93,.T.) ;
#113=EDGE_CURVE('',#81,#112,#110,.T.) ;
#120=EDGE_CURVE('',#112,#119,#117,.T.) ;
#125=EDGE_CURVE('',#88,#119,#124,.T.) ;
#142=EDGE_CURVE('',#112,#41,#141,.T.) ;
#147=EDGE_CURVE('',#119,#43,#146,.T.) ;
#204=EDGE_CURVE('',#201,#203,#199,.T.) ;
#211=EDGE_CURVE('',#201,#210,#208,.T.) ;
#218=EDGE_CURVE('',#210,#217,#215,.T.) ;
#223=EDGE_CURVE('',#203,#217,#222,.T.) ;
#242=EDGE_CURVE('',#210,#241,#239,.T.) ;
#249=EDGE_CURVE('',#241,#248,#246,.T.) ;
#254=EDGE_CURVE('',#217,#248,#253,.T.) ;
#273=EDGE_CURVE('',#241,#272,#270,.T.) ;
#280=EDGE_CURVE('',#272,#279,#277,.T.) ;
#285=EDGE_CURVE('',#248,#279,#284,.T.) ;
#302=EDGE_CURVE('',#272,#201,#301,.T.) ;
#307=EDGE_CURVE('',#279,#203,#306,.T.) ;
#355=EDGE_CURVE('',#352,#354,#350,.T.) ;
#362=EDGE_CURVE('',#352,#361,#359,.T.) ;
#369=EDGE_CURVE('',#361,#368,#366,.T.) ;
#374=EDGE_CURVE('',#354,#368,#373,.T.) ;
#393=EDGE_CURVE('',#361,#392,#390,.T.) ;
#400=EDGE_CURVE('',#392,#399,#397,.T.) ;
#405=EDGE_CURVE('',#368,#399,#404,.T.) ;
#424=EDGE_CURVE('',#392,#423,#421,.T.) ;
#431=EDGE_CURVE('',#423,#430,#428,.T.) ;
#436=EDGE_CURVE('',#399,#430,#435,.T.) ;
#453=EDGE_CURVE('',#423,#352,#452,.T.) ;
#458=EDGE_CURVE('',#430,#354,#457,.T.) ;
#506=EDGE_CURVE('',#503,#505,#501,.T.) ;
#513=EDGE_CURVE('',#503,#512,#510,.T.) ;
#520=EDGE_CURVE('',#512,#519,#517,.T.) ;
#525=EDGE_CURVE('',#505,#519,#524,.T.) ;
#544=EDGE_CURVE('',#512,#543,#541,.T.) ;
#551=EDGE_CURVE('',#543,#550,#548,.T.) ;
#556=EDGE_CURVE('',#519,#550,#555,.T.) ;
#575=EDGE_CURVE('',#543,#574,#572,.T.) ;
#582=EDGE_CURVE('',#574,#581,#579,.T.) ;
#587=EDGE_CURVE('',#550,#581,#586,.T.) ;
#604=EDGE_CURVE('',#574,#503,#603,.T.) ;
#609=EDGE_CURVE('',#581,#505,#608,.T.) ;
#657=EDGE_CURVE('',#654,#656,#652,.T.) ;
#664=EDGE_CURVE('',#654,#663,#661,.T.) ;
#671=EDGE_CURVE('',#663,#670,#668,.T.) ;
#676=EDGE_CURVE('',#656,#670,#675,.T.) ;
#695=EDGE_CURVE('',#663,#694,#692,.T.) ;
#702=EDGE_CURVE('',#694,#701,#699,.T.) ;
#707=EDGE_CURVE('',#670,#701,#706,.T.) ;
#726=EDGE_CURVE('',#694,#725,#723,.T.) ;
#733=EDGE_CURVE('',#725,#732,#730,.T.) ;
#738=EDGE_CURVE('',#701,#732,#737,.T.) ;
#755=EDGE_CURVE('',#725,#654,#754,.T.) ;
#760=EDGE_CURVE('',#732,#656,#759,.T.) ;
#815=EDGE_CURVE('',#812,#814,#810,.T.) ;
#822=EDGE_CURVE('',#812,#821,#819,.T.) ;
#829=EDGE_CURVE('',#821,#828,#826,.T.) ;
#834=EDGE_CURVE('',#814,#828,#833,.T.) ;
#853=EDGE_CURVE('',#821,#852,#850,.T.) ;
#860=EDGE_CURVE('',#852,#859,#857,.T.) ;
#865=EDGE_CURVE('',#828,#859,#864,.T.) ;
#884=EDGE_CURVE('',#852,#883,#881,.T.) ;
#891=EDGE_CURVE('',#883,#890,#888,.T.) ;
#896=EDGE_CURVE('',#859,#890,#895,.T.) ;
#913=EDGE_CURVE('',#883,#812,#912,.T.) ;
#918=EDGE_CURVE('',#890,#814,#917,.T.) ;
#973=EDGE_CURVE('',#970,#972,#968,.T.) ;
#980=EDGE_CURVE('',#970,#979,#977,.T.) ;
#987=EDGE_CURVE('',#979,#986,#984,.T.) ;
#992=EDGE_CURVE('',#972,#986,#991,.T.) ;
#1011=EDGE_CURVE('',#979,#1010,#1008,.F.) ;
#1018=EDGE_CURVE('',#1010,#1017,#1015,.T.) ;
#1023=EDGE_CURVE('',#986,#1017,#1022,.F.) ;
#1042=EDGE_CURVE('',#1010,#1041,#1039,.T.) ;
#1049=EDGE_CURVE('',#1041,#1048,#1046,.T.) ;
#1054=EDGE_CURVE('',#1017,#1048,#1053,.T.) ;
#1071=EDGE_CURVE('',#1041,#970,#1070,.F.) ;
#1076=EDGE_CURVE('',#1048,#972,#1075,.F.) ;
#1124=EDGE_CURVE('',#1121,#1123,#1119,.T.) ;
#1131=EDGE_CURVE('',#1121,#1130,#1128,.T.) ;
#1138=EDGE_CURVE('',#1130,#1137,#1135,.T.) ;
#1143=EDGE_CURVE('',#1123,#1137,#1142,.T.) ;
#1162=EDGE_CURVE('',#1130,#1161,#1159,.T.) ;
#1169=EDGE_CURVE('',#1161,#1168,#1166,.T.) ;
#1174=EDGE_CURVE('',#1137,#1168,#1173,.T.) ;
#1193=EDGE_CURVE('',#1161,#1192,#1190,.T.) ;
#1200=EDGE_CURVE('',#1192,#1199,#1197,.T.) ;
#1205=EDGE_CURVE('',#1168,#1199,#1204,.T.) ;
#1222=EDGE_CURVE('',#1192,#1121,#1221,.T.) ;
#1227=EDGE_CURVE('',#1199,#1123,#1226,.T.) ;
#1275=EDGE_CURVE('',#1272,#1274,#1270,.T.) ;
#1282=EDGE_CURVE('',#1272,#1281,#1279,.T.) ;
#1289=EDGE_CURVE('',#1281,#1288,#1286,.T.) ;
#1294=EDGE_CURVE('',#1274,#1288,#1293,.T.) ;
#1313=EDGE_CURVE('',#1281,#1312,#1310,.T.) ;
#1320=EDGE_CURVE('',#1312,#1319,#1317,.T.) ;
#1325=EDGE_CURVE('',#1288,#1319,#1324,.T.) ;
#1344=EDGE_CURVE('',#1312,#1343,#1341,.T.) ;
#1351=EDGE_CURVE('',#1343,#1350,#1348,.T.) ;
#1356=EDGE_CURVE('',#1319,#1350,#1355,.T.) ;
#1373=EDGE_CURVE('',#1343,#1272,#1372,.T.) ;
#1378=EDGE_CURVE('',#1350,#1274,#1377,.T.) ;
#1426=EDGE_CURVE('',#1423,#1425,#1421,.T.) ;
#1433=EDGE_CURVE('',#1423,#1432,#1430,.T.) ;
#1440=EDGE_CURVE('',#1432,#1439,#1437,.T.) ;
#1445=EDGE_CURVE('',#1425,#1439,#1444,.T.) ;
#1464=EDGE_CURVE('',#1432,#1463,#1461,.T.) ;
#1471=EDGE_CURVE('',#1463,#1470,#1468,.T.) ;
#1476=EDGE_CURVE('',#1439,#1470,#1475,.T.) ;
#1495=EDGE_CURVE('',#1463,#1494,#1492,.T.) ;
#1502=EDGE_CURVE('',#1494,#1501,#1499,.T.) ;
#1507=EDGE_CURVE('',#1470,#1501,#1506,.T.) ;
#1524=EDGE_CURVE('',#1494,#1423,#1523,.T.) ;
#1529=EDGE_CURVE('',#1501,#1425,#1528,.T.) ;
#1577=EDGE_CURVE('',#1574,#1576,#1572,.T.) ;
#1584=EDGE_CURVE('',#1574,#1583,#1581,.T.) ;
#1591=EDGE_CURVE('',#1583,#1590,#1588,.T.) ;
#1596=EDGE_CURVE('',#1576,#1590,#1595,.T.) ;
#1615=EDGE_CURVE('',#1583,#1614,#1612,.T.) ;
#1622=EDGE_CURVE('',#1614,#1621,#1619,.T.) ;
#1627=EDGE_CURVE('',#1590,#1621,#1626,.T.) ;
#1646=EDGE_CURVE('',#1614,#1645,#1643,.T.) ;
#1653=EDGE_CURVE('',#1645,#1652,#1650,.T.) ;
#1658=EDGE_CURVE('',#1621,#1652,#1657,.T.) ;
#1675=EDGE_CURVE('',#1645,#1574,#1674,.T.) ;
#1680=EDGE_CURVE('',#1652,#1576,#1679,.T.) ;
#1728=EDGE_CURVE('',#1725,#1727,#1723,.T.) ;
#1735=EDGE_CURVE('',#1725,#1734,#1732,.T.) ;
#1742=EDGE_CURVE('',#1734,#1741,#1739,.T.) ;
#1747=EDGE_CURVE('',#1727,#1741,#1746,.T.) ;
#1766=EDGE_CURVE('',#1734,#1765,#1763,.T.) ;
#1773=EDGE_CURVE('',#1765,#1772,#1770,.T.) ;
#1778=EDGE_CURVE('',#1741,#1772,#1777,.T.) ;
#1797=EDGE_CURVE('',#1765,#1796,#1794,.T.) ;
#1804=EDGE_CURVE('',#1796,#1803,#1801,.T.) ;
#1809=EDGE_CURVE('',#1772,#1803,#1808,.T.) ;
#1826=EDGE_CURVE('',#1796,#1725,#1825,.T.) ;
#1831=EDGE_CURVE('',#1803,#1727,#1830,.T.) ;
#1879=EDGE_CURVE('',#1876,#1878,#1874,.T.) ;
#1886=EDGE_CURVE('',#1876,#1885,#1883,.T.) ;
#1893=EDGE_CURVE('',#1885,#1892,#1890,.T.) ;
#1898=EDGE_CURVE('',#1878,#1892,#1897,.T.) ;
#1917=EDGE_CURVE('',#1885,#1916,#1914,.T.) ;
#1924=EDGE_CURVE('',#1916,#1923,#1921,.T.) ;
#1929=EDGE_CURVE('',#1892,#1923,#1928,.T.) ;
#1948=EDGE_CURVE('',#1916,#1947,#1945,.T.) ;
#1955=EDGE_CURVE('',#1947,#1954,#1952,.T.) ;
#1960=EDGE_CURVE('',#1923,#1954,#1959,.T.) ;
#1977=EDGE_CURVE('',#1947,#1876,#1976,.T.) ;
#1982=EDGE_CURVE('',#1954,#1878,#1981,.T.) ;
#2030=EDGE_CURVE('',#2027,#2029,#2025,.T.) ;
#2037=EDGE_CURVE('',#2027,#2036,#2034,.T.) ;
#2044=EDGE_CURVE('',#2036,#2043,#2041,.T.) ;
#2049=EDGE_CURVE('',#2029,#2043,#2048,.T.) ;
#2068=EDGE_CURVE('',#2036,#2067,#2065,.T.) ;
#2075=EDGE_CURVE('',#2067,#2074,#2072,.T.) ;
#2080=EDGE_CURVE('',#2043,#2074,#2079,.T.) ;
#2099=EDGE_CURVE('',#2067,#2098,#2096,.T.) ;
#2106=EDGE_CURVE('',#2098,#2105,#2103,.T.) ;
#2111=EDGE_CURVE('',#2074,#2105,#2110,.T.) ;
#2128=EDGE_CURVE('',#2098,#2027,#2127,.T.) ;
#2133=EDGE_CURVE('',#2105,#2029,#2132,.T.) ;
#2181=EDGE_CURVE('',#2178,#2180,#2176,.T.) ;
#2188=EDGE_CURVE('',#2178,#2187,#2185,.T.) ;
#2195=EDGE_CURVE('',#2187,#2194,#2192,.T.) ;
#2200=EDGE_CURVE('',#2180,#2194,#2199,.T.) ;
#2219=EDGE_CURVE('',#2187,#2218,#2216,.T.) ;
#2226=EDGE_CURVE('',#2218,#2225,#2223,.T.) ;
#2231=EDGE_CURVE('',#2194,#2225,#2230,.T.) ;
#2250=EDGE_CURVE('',#2218,#2249,#2247,.T.) ;
#2257=EDGE_CURVE('',#2249,#2256,#2254,.T.) ;
#2262=EDGE_CURVE('',#2225,#2256,#2261,.T.) ;
#2279=EDGE_CURVE('',#2249,#2178,#2278,.T.) ;
#2284=EDGE_CURVE('',#2256,#2180,#2283,.T.) ;
#2332=EDGE_CURVE('',#2329,#2331,#2327,.T.) ;
#2339=EDGE_CURVE('',#2329,#2338,#2336,.T.) ;
#2346=EDGE_CURVE('',#2338,#2345,#2343,.T.) ;
#2351=EDGE_CURVE('',#2331,#2345,#2350,.T.) ;
#2370=EDGE_CURVE('',#2338,#2369,#2367,.F.) ;
#2377=EDGE_CURVE('',#2369,#2376,#2374,.T.) ;
#2382=EDGE_CURVE('',#2345,#2376,#2381,.F.) ;
#2401=EDGE_CURVE('',#2369,#2400,#2398,.T.) ;
#2408=EDGE_CURVE('',#2400,#2407,#2405,.T.) ;
#2413=EDGE_CURVE('',#2376,#2407,#2412,.T.) ;
#2430=EDGE_CURVE('',#2400,#2329,#2429,.F.) ;
#2435=EDGE_CURVE('',#2407,#2331,#2434,.F.) ;
#2483=EDGE_CURVE('',#2480,#2482,#2478,.T.) ;
#2490=EDGE_CURVE('',#2480,#2489,#2487,.T.) ;
#2497=EDGE_CURVE('',#2489,#2496,#2494,.T.) ;
#2502=EDGE_CURVE('',#2482,#2496,#2501,.T.) ;
#2521=EDGE_CURVE('',#2489,#2520,#2518,.T.) ;
#2528=EDGE_CURVE('',#2520,#2527,#2525,.T.) ;
#2533=EDGE_CURVE('',#2496,#2527,#2532,.T.) ;
#2552=EDGE_CURVE('',#2520,#2551,#2549,.T.) ;
#2559=EDGE_CURVE('',#2551,#2558,#2556,.T.) ;
#2564=EDGE_CURVE('',#2527,#2558,#2563,.T.) ;
#2581=EDGE_CURVE('',#2551,#2480,#2580,.T.) ;
#2586=EDGE_CURVE('',#2558,#2482,#2585,.T.) ;
#2634=EDGE_CURVE('',#2631,#2633,#2629,.T.) ;
#2641=EDGE_CURVE('',#2631,#2640,#2638,.T.) ;
#2648=EDGE_CURVE('',#2640,#2647,#2645,.T.) ;
#2653=EDGE_CURVE('',#2633,#2647,#2652,.T.) ;
#2672=EDGE_CURVE('',#2640,#2671,#2669,.T.) ;
#2679=EDGE_CURVE('',#2671,#2678,#2676,.T.) ;
#2684=EDGE_CURVE('',#2647,#2678,#2683,.T.) ;
#2703=EDGE_CURVE('',#2671,#2702,#2700,.T.) ;
#2710=EDGE_CURVE('',#2702,#2709,#2707,.T.) ;
#2715=EDGE_CURVE('',#2678,#2709,#2714,.T.) ;
#2732=EDGE_CURVE('',#2702,#2631,#2731,.T.) ;
#2737=EDGE_CURVE('',#2709,#2633,#2736,.T.) ;
#2785=EDGE_CURVE('',#2782,#2784,#2780,.T.) ;
#2792=EDGE_CURVE('',#2782,#2791,#2789,.T.) ;
#2799=EDGE_CURVE('',#2791,#2798,#2796,.T.) ;
#2804=EDGE_CURVE('',#2784,#2798,#2803,.T.) ;
#2823=EDGE_CURVE('',#2791,#2822,#2820,.T.) ;
#2830=EDGE_CURVE('',#2822,#2829,#2827,.T.) ;
#2835=EDGE_CURVE('',#2798,#2829,#2834,.T.) ;
#2854=EDGE_CURVE('',#2822,#2853,#2851,.T.) ;
#2861=EDGE_CURVE('',#2853,#2860,#2858,.T.) ;
#2866=EDGE_CURVE('',#2829,#2860,#2865,.T.) ;
#2883=EDGE_CURVE('',#2853,#2782,#2882,.T.) ;
#2888=EDGE_CURVE('',#2860,#2784,#2887,.T.) ;
#2936=EDGE_CURVE('',#2933,#2935,#2931,.T.) ;
#2943=EDGE_CURVE('',#2933,#2942,#2940,.T.) ;
#2950=EDGE_CURVE('',#2942,#2949,#2947,.T.) ;
#2955=EDGE_CURVE('',#2935,#2949,#2954,.T.) ;
#2974=EDGE_CURVE('',#2942,#2973,#2971,.T.) ;
#2981=EDGE_CURVE('',#2973,#2980,#2978,.T.) ;
#2986=EDGE_CURVE('',#2949,#2980,#2985,.T.) ;
#3005=EDGE_CURVE('',#2973,#3004,#3002,.T.) ;
#3012=EDGE_CURVE('',#3004,#3011,#3009,.T.) ;
#3017=EDGE_CURVE('',#2980,#3011,#3016,.T.) ;
#3034=EDGE_CURVE('',#3004,#2933,#3033,.T.) ;
#3039=EDGE_CURVE('',#3011,#2935,#3038,.T.) ;
#3087=EDGE_CURVE('',#3084,#3086,#3082,.T.) ;
#3094=EDGE_CURVE('',#3084,#3093,#3091,.T.) ;
#3101=EDGE_CURVE('',#3093,#3100,#3098,.T.) ;
#3106=EDGE_CURVE('',#3086,#3100,#3105,.T.) ;
#3125=EDGE_CURVE('',#3093,#3124,#3122,.T.) ;
#3132=EDGE_CURVE('',#3124,#3131,#3129,.T.) ;
#3137=EDGE_CURVE('',#3100,#3131,#3136,.T.) ;
#3156=EDGE_CURVE('',#3124,#3155,#3153,.T.) ;
#3163=EDGE_CURVE('',#3155,#3162,#3160,.T.) ;
#3168=EDGE_CURVE('',#3131,#3162,#3167,.T.) ;
#3185=EDGE_CURVE('',#3155,#3084,#3184,.T.) ;
#3190=EDGE_CURVE('',#3162,#3086,#3189,.T.) ;
#3238=EDGE_CURVE('',#3235,#3237,#3233,.T.) ;
#3245=EDGE_CURVE('',#3235,#3244,#3242,.T.) ;
#3252=EDGE_CURVE('',#3244,#3251,#3249,.T.) ;
#3257=EDGE_CURVE('',#3237,#3251,#3256,.T.) ;
#3276=EDGE_CURVE('',#3244,#3275,#3273,.T.) ;
#3283=EDGE_CURVE('',#3275,#3282,#3280,.T.) ;
#3288=EDGE_CURVE('',#3251,#3282,#3287,.T.) ;
#3307=EDGE_CURVE('',#3275,#3306,#3304,.T.) ;
#3314=EDGE_CURVE('',#3306,#3313,#3311,.T.) ;
#3319=EDGE_CURVE('',#3282,#3313,#3318,.T.) ;
#3336=EDGE_CURVE('',#3306,#3235,#3335,.T.) ;
#3341=EDGE_CURVE('',#3313,#3237,#3340,.T.) ;
#3389=EDGE_CURVE('',#3386,#3388,#3384,.T.) ;
#3396=EDGE_CURVE('',#3386,#3395,#3393,.T.) ;
#3403=EDGE_CURVE('',#3395,#3402,#3400,.T.) ;
#3408=EDGE_CURVE('',#3388,#3402,#3407,.T.) ;
#3427=EDGE_CURVE('',#3395,#3426,#3424,.T.) ;
#3434=EDGE_CURVE('',#3426,#3433,#3431,.T.) ;
#3439=EDGE_CURVE('',#3402,#3433,#3438,.T.) ;
#3458=EDGE_CURVE('',#3426,#3457,#3455,.T.) ;
#3465=EDGE_CURVE('',#3457,#3464,#3462,.T.) ;
#3470=EDGE_CURVE('',#3433,#3464,#3469,.T.) ;
#3487=EDGE_CURVE('',#3457,#3386,#3486,.T.) ;
#3492=EDGE_CURVE('',#3464,#3388,#3491,.T.) ;
#3540=EDGE_CURVE('',#3537,#3539,#3535,.T.) ;
#3547=EDGE_CURVE('',#3537,#3546,#3544,.T.) ;
#3554=EDGE_CURVE('',#3546,#3553,#3551,.T.) ;
#3559=EDGE_CURVE('',#3539,#3553,#3558,.T.) ;
#3578=EDGE_CURVE('',#3546,#3577,#3575,.T.) ;
#3585=EDGE_CURVE('',#3577,#3584,#3582,.T.) ;
#3590=EDGE_CURVE('',#3553,#3584,#3589,.T.) ;
#3609=EDGE_CURVE('',#3577,#3608,#3606,.T.) ;
#3616=EDGE_CURVE('',#3608,#3615,#3613,.T.) ;
#3621=EDGE_CURVE('',#3584,#3615,#3620,.T.) ;
#3638=EDGE_CURVE('',#3608,#3537,#3637,.T.) ;
#3643=EDGE_CURVE('',#3615,#3539,#3642,.T.) ;
#3691=EDGE_CURVE('',#3688,#3690,#3686,.T.) ;
#3698=EDGE_CURVE('',#3688,#3697,#3695,.T.) ;
#3705=EDGE_CURVE('',#3697,#3704,#3702,.T.) ;
#3710=EDGE_CURVE('',#3690,#3704,#3709,.T.) ;
#3729=EDGE_CURVE('',#3697,#3728,#3726,.F.) ;
#3736=EDGE_CURVE('',#3728,#3735,#3733,.T.) ;
#3741=EDGE_CURVE('',#3704,#3735,#3740,.F.) ;
#3760=EDGE_CURVE('',#3728,#3759,#3757,.T.) ;
#3767=EDGE_CURVE('',#3759,#3766,#3764,.T.) ;
#3772=EDGE_CURVE('',#3735,#3766,#3771,.T.) ;
#3789=EDGE_CURVE('',#3759,#3688,#3788,.F.) ;
#3794=EDGE_CURVE('',#3766,#3690,#3793,.F.) ;
#3842=EDGE_CURVE('',#3839,#3841,#3837,.T.) ;
#3849=EDGE_CURVE('',#3839,#3848,#3846,.T.) ;
#3856=EDGE_CURVE('',#3848,#3855,#3853,.T.) ;
#3861=EDGE_CURVE('',#3841,#3855,#3860,.T.) ;
#3880=EDGE_CURVE('',#3848,#3879,#3877,.T.) ;
#3887=EDGE_CURVE('',#3879,#3886,#3884,.T.) ;
#3892=EDGE_CURVE('',#3855,#3886,#3891,.T.) ;
#3911=EDGE_CURVE('',#3879,#3910,#3908,.T.) ;
#3918=EDGE_CURVE('',#3910,#3917,#3915,.T.) ;
#3923=EDGE_CURVE('',#3886,#3917,#3922,.T.) ;
#3940=EDGE_CURVE('',#3910,#3839,#3939,.T.) ;
#3945=EDGE_CURVE('',#3917,#3841,#3944,.T.) ;
#3993=EDGE_CURVE('',#3990,#3992,#3988,.T.) ;
#4000=EDGE_CURVE('',#3990,#3999,#3997,.T.) ;
#4007=EDGE_CURVE('',#3999,#4006,#4004,.T.) ;
#4012=EDGE_CURVE('',#3992,#4006,#4011,.T.) ;
#4031=EDGE_CURVE('',#3999,#4030,#4028,.T.) ;
#4038=EDGE_CURVE('',#4030,#4037,#4035,.T.) ;
#4043=EDGE_CURVE('',#4006,#4037,#4042,.T.) ;
#4062=EDGE_CURVE('',#4030,#4061,#4059,.T.) ;
#4069=EDGE_CURVE('',#4061,#4068,#4066,.T.) ;
#4074=EDGE_CURVE('',#4037,#4068,#4073,.T.) ;
#4091=EDGE_CURVE('',#4061,#3990,#4090,.T.) ;
#4096=EDGE_CURVE('',#4068,#3992,#4095,.T.) ;
#4144=EDGE_CURVE('',#4141,#4143,#4139,.T.) ;
#4151=EDGE_CURVE('',#4141,#4150,#4148,.T.) ;
#4158=EDGE_CURVE('',#4150,#4157,#4155,.T.) ;
#4163=EDGE_CURVE('',#4143,#4157,#4162,.T.) ;
#4182=EDGE_CURVE('',#4150,#4181,#4179,.T.) ;
#4189=EDGE_CURVE('',#4181,#4188,#4186,.T.) ;
#4194=EDGE_CURVE('',#4157,#4188,#4193,.T.) ;
#4213=EDGE_CURVE('',#4181,#4212,#4210,.T.) ;
#4220=EDGE_CURVE('',#4212,#4219,#4217,.T.) ;
#4225=EDGE_CURVE('',#4188,#4219,#4224,.T.) ;
#4242=EDGE_CURVE('',#4212,#4141,#4241,.T.) ;
#4247=EDGE_CURVE('',#4219,#4143,#4246,.T.) ;
#4295=EDGE_CURVE('',#4292,#4294,#4290,.T.) ;
#4302=EDGE_CURVE('',#4292,#4301,#4299,.T.) ;
#4309=EDGE_CURVE('',#4301,#4308,#4306,.T.) ;
#4314=EDGE_CURVE('',#4294,#4308,#4313,.T.) ;
#4333=EDGE_CURVE('',#4301,#4332,#4330,.T.) ;
#4340=EDGE_CURVE('',#4332,#4339,#4337,.T.) ;
#4345=EDGE_CURVE('',#4308,#4339,#4344,.T.) ;
#4364=EDGE_CURVE('',#4332,#4363,#4361,.T.) ;
#4371=EDGE_CURVE('',#4363,#4370,#4368,.T.) ;
#4376=EDGE_CURVE('',#4339,#4370,#4375,.T.) ;
#4393=EDGE_CURVE('',#4363,#4292,#4392,.T.) ;
#4398=EDGE_CURVE('',#4370,#4294,#4397,.T.) ;
#4446=EDGE_CURVE('',#4443,#4445,#4441,.T.) ;
#4453=EDGE_CURVE('',#4443,#4452,#4450,.T.) ;
#4460=EDGE_CURVE('',#4452,#4459,#4457,.T.) ;
#4465=EDGE_CURVE('',#4445,#4459,#4464,.T.) ;
#4484=EDGE_CURVE('',#4452,#4483,#4481,.T.) ;
#4491=EDGE_CURVE('',#4483,#4490,#4488,.T.) ;
#4496=EDGE_CURVE('',#4459,#4490,#4495,.T.) ;
#4515=EDGE_CURVE('',#4483,#4514,#4512,.T.) ;
#4522=EDGE_CURVE('',#4514,#4521,#4519,.T.) ;
#4527=EDGE_CURVE('',#4490,#4521,#4526,.T.) ;
#4544=EDGE_CURVE('',#4514,#4443,#4543,.T.) ;
#4549=EDGE_CURVE('',#4521,#4445,#4548,.T.) ;
#4597=EDGE_CURVE('',#4594,#4596,#4592,.T.) ;
#4604=EDGE_CURVE('',#4594,#4603,#4601,.T.) ;
#4611=EDGE_CURVE('',#4603,#4610,#4608,.T.) ;
#4616=EDGE_CURVE('',#4596,#4610,#4615,.T.) ;
#4635=EDGE_CURVE('',#4603,#4634,#4632,.T.) ;
#4642=EDGE_CURVE('',#4634,#4641,#4639,.T.) ;
#4647=EDGE_CURVE('',#4610,#4641,#4646,.T.) ;
#4666=EDGE_CURVE('',#4634,#4665,#4663,.T.) ;
#4673=EDGE_CURVE('',#4665,#4672,#4670,.T.) ;
#4678=EDGE_CURVE('',#4641,#4672,#4677,.T.) ;
#4695=EDGE_CURVE('',#4665,#4594,#4694,.T.) ;
#4700=EDGE_CURVE('',#4672,#4596,#4699,.T.) ;
#4748=EDGE_CURVE('',#4745,#4747,#4743,.T.) ;
#4755=EDGE_CURVE('',#4745,#4754,#4752,.T.) ;
#4762=EDGE_CURVE('',#4754,#4761,#4759,.T.) ;
#4767=EDGE_CURVE('',#4747,#4761,#4766,.T.) ;
#4786=EDGE_CURVE('',#4754,#4785,#4783,.T.) ;
#4793=EDGE_CURVE('',#4785,#4792,#4790,.T.) ;
#4798=EDGE_CURVE('',#4761,#4792,#4797,.T.) ;
#4817=EDGE_CURVE('',#4785,#4816,#4814,.T.) ;
#4824=EDGE_CURVE('',#4816,#4823,#4821,.T.) ;
#4829=EDGE_CURVE('',#4792,#4823,#4828,.T.) ;
#4846=EDGE_CURVE('',#4816,#4745,#4845,.T.) ;
#4851=EDGE_CURVE('',#4823,#4747,#4850,.T.) ;
#4899=EDGE_CURVE('',#4896,#4898,#4894,.T.) ;
#4906=EDGE_CURVE('',#4896,#4905,#4903,.T.) ;
#4913=EDGE_CURVE('',#4905,#4912,#4910,.T.) ;
#4918=EDGE_CURVE('',#4898,#4912,#4917,.T.) ;
#4937=EDGE_CURVE('',#4905,#4936,#4934,.F.) ;
#4944=EDGE_CURVE('',#4936,#4943,#4941,.T.) ;
#4949=EDGE_CURVE('',#4912,#4943,#4948,.F.) ;
#4968=EDGE_CURVE('',#4936,#4967,#4965,.T.) ;
#4975=EDGE_CURVE('',#4967,#4974,#4972,.T.) ;
#4980=EDGE_CURVE('',#4943,#4974,#4979,.T.) ;
#4997=EDGE_CURVE('',#4967,#4896,#4996,.F.) ;
#5002=EDGE_CURVE('',#4974,#4898,#5001,.F.) ;
#5050=EDGE_CURVE('',#5047,#5049,#5045,.T.) ;
#5057=EDGE_CURVE('',#5047,#5056,#5054,.T.) ;
#5064=EDGE_CURVE('',#5056,#5063,#5061,.T.) ;
#5069=EDGE_CURVE('',#5049,#5063,#5068,.T.) ;
#5088=EDGE_CURVE('',#5056,#5087,#5085,.T.) ;
#5095=EDGE_CURVE('',#5087,#5094,#5092,.T.) ;
#5100=EDGE_CURVE('',#5063,#5094,#5099,.T.) ;
#5119=EDGE_CURVE('',#5087,#5118,#5116,.T.) ;
#5126=EDGE_CURVE('',#5118,#5125,#5123,.T.) ;
#5131=EDGE_CURVE('',#5094,#5125,#5130,.T.) ;
#5148=EDGE_CURVE('',#5118,#5047,#5147,.T.) ;
#5153=EDGE_CURVE('',#5125,#5049,#5152,.T.) ;
#64=EDGE_LOOP('',(#65,#66,#67,#68)) ;
#95=EDGE_LOOP('',(#96,#97,#98,#99)) ;
#126=EDGE_LOOP('',(#127,#128,#129,#130)) ;
#148=EDGE_LOOP('',(#149,#150,#151,#152)) ;
#160=EDGE_LOOP('',(#161,#162,#163,#164)) ;
#172=EDGE_LOOP('',(#173,#174,#175,#176)) ;
#224=EDGE_LOOP('',(#225,#226,#227,#228)) ;
#255=EDGE_LOOP('',(#256,#257,#258,#259)) ;
#286=EDGE_LOOP('',(#287,#288,#289,#290)) ;
#308=EDGE_LOOP('',(#309,#310,#311,#312)) ;
#320=EDGE_LOOP('',(#321,#322,#323,#324)) ;
#332=EDGE_LOOP('',(#333,#334,#335,#336)) ;
#375=EDGE_LOOP('',(#376,#377,#378,#379)) ;
#406=EDGE_LOOP('',(#407,#408,#409,#410)) ;
#437=EDGE_LOOP('',(#438,#439,#440,#441)) ;
#459=EDGE_LOOP('',(#460,#461,#462,#463)) ;
#471=EDGE_LOOP('',(#472,#473,#474,#475)) ;
#483=EDGE_LOOP('',(#484,#485,#486,#487)) ;
#526=EDGE_LOOP('',(#527,#528,#529,#530)) ;
#557=EDGE_LOOP('',(#558,#559,#560,#561)) ;
#588=EDGE_LOOP('',(#589,#590,#591,#592)) ;
#610=EDGE_LOOP('',(#611,#612,#613,#614)) ;
#622=EDGE_LOOP('',(#623,#624,#625,#626)) ;
#634=EDGE_LOOP('',(#635,#636,#637,#638)) ;
#677=EDGE_LOOP('',(#678,#679,#680,#681)) ;
#708=EDGE_LOOP('',(#709,#710,#711,#712)) ;
#739=EDGE_LOOP('',(#740,#741,#742,#743)) ;
#761=EDGE_LOOP('',(#762,#763,#764,#765)) ;
#773=EDGE_LOOP('',(#774,#775,#776,#777)) ;
#785=EDGE_LOOP('',(#786,#787,#788,#789)) ;
#835=EDGE_LOOP('',(#836,#837,#838,#839)) ;
#866=EDGE_LOOP('',(#867,#868,#869,#870)) ;
#897=EDGE_LOOP('',(#898,#899,#900,#901)) ;
#919=EDGE_LOOP('',(#920,#921,#922,#923)) ;
#931=EDGE_LOOP('',(#932,#933,#934,#935)) ;
#943=EDGE_LOOP('',(#944,#945,#946,#947)) ;
#993=EDGE_LOOP('',(#994,#995,#996,#997)) ;
#1024=EDGE_LOOP('',(#1025,#1026,#1027,#1028)) ;
#1055=EDGE_LOOP('',(#1056,#1057,#1058,#1059)) ;
#1077=EDGE_LOOP('',(#1078,#1079,#1080,#1081)) ;
#1089=EDGE_LOOP('',(#1090,#1091,#1092,#1093)) ;
#1101=EDGE_LOOP('',(#1102,#1103,#1104,#1105)) ;
#1144=EDGE_LOOP('',(#1145,#1146,#1147,#1148)) ;
#1175=EDGE_LOOP('',(#1176,#1177,#1178,#1179)) ;
#1206=EDGE_LOOP('',(#1207,#1208,#1209,#1210)) ;
#1228=EDGE_LOOP('',(#1229,#1230,#1231,#1232)) ;
#1240=EDGE_LOOP('',(#1241,#1242,#1243,#1244)) ;
#1252=EDGE_LOOP('',(#1253,#1254,#1255,#1256)) ;
#1295=EDGE_LOOP('',(#1296,#1297,#1298,#1299)) ;
#1326=EDGE_LOOP('',(#1327,#1328,#1329,#1330)) ;
#1357=EDGE_LOOP('',(#1358,#1359,#1360,#1361)) ;
#1379=EDGE_LOOP('',(#1380,#1381,#1382,#1383)) ;
#1391=EDGE_LOOP('',(#1392,#1393,#1394,#1395)) ;
#1403=EDGE_LOOP('',(#1404,#1405,#1406,#1407)) ;
#1446=EDGE_LOOP('',(#1447,#1448,#1449,#1450)) ;
#1477=EDGE_LOOP('',(#1478,#1479,#1480,#1481)) ;
#1508=EDGE_LOOP('',(#1509,#1510,#1511,#1512)) ;
#1530=EDGE_LOOP('',(#1531,#1532,#1533,#1534)) ;
#1542=EDGE_LOOP('',(#1543,#1544,#1545,#1546)) ;
#1554=EDGE_LOOP('',(#1555,#1556,#1557,#1558)) ;
#1597=EDGE_LOOP('',(#1598,#1599,#1600,#1601)) ;
#1628=EDGE_LOOP('',(#1629,#1630,#1631,#1632)) ;
#1659=EDGE_LOOP('',(#1660,#1661,#1662,#1663)) ;
#1681=EDGE_LOOP('',(#1682,#1683,#1684,#1685)) ;
#1693=EDGE_LOOP('',(#1694,#1695,#1696,#1697)) ;
#1705=EDGE_LOOP('',(#1706,#1707,#1708,#1709)) ;
#1748=EDGE_LOOP('',(#1749,#1750,#1751,#1752)) ;
#1779=EDGE_LOOP('',(#1780,#1781,#1782,#1783)) ;
#1810=EDGE_LOOP('',(#1811,#1812,#1813,#1814)) ;
#1832=EDGE_LOOP('',(#1833,#1834,#1835,#1836)) ;
#1844=EDGE_LOOP('',(#1845,#1846,#1847,#1848)) ;
#1856=EDGE_LOOP('',(#1857,#1858,#1859,#1860)) ;
#1899=EDGE_LOOP('',(#1900,#1901,#1902,#1903)) ;
#1930=EDGE_LOOP('',(#1931,#1932,#1933,#1934)) ;
#1961=EDGE_LOOP('',(#1962,#1963,#1964,#1965)) ;
#1983=EDGE_LOOP('',(#1984,#1985,#1986,#1987)) ;
#1995=EDGE_LOOP('',(#1996,#1997,#1998,#1999)) ;
#2007=EDGE_LOOP('',(#2008,#2009,#2010,#2011)) ;
#2050=EDGE_LOOP('',(#2051,#2052,#2053,#2054)) ;
#2081=EDGE_LOOP('',(#2082,#2083,#2084,#2085)) ;
#2112=EDGE_LOOP('',(#2113,#2114,#2115,#2116)) ;
#2134=EDGE_LOOP('',(#2135,#2136,#2137,#2138)) ;
#2146=EDGE_LOOP('',(#2147,#2148,#2149,#2150)) ;
#2158=EDGE_LOOP('',(#2159,#2160,#2161,#2162)) ;
#2201=EDGE_LOOP('',(#2202,#2203,#2204,#2205)) ;
#2232=EDGE_LOOP('',(#2233,#2234,#2235,#2236)) ;
#2263=EDGE_LOOP('',(#2264,#2265,#2266,#2267)) ;
#2285=EDGE_LOOP('',(#2286,#2287,#2288,#2289)) ;
#2297=EDGE_LOOP('',(#2298,#2299,#2300,#2301)) ;
#2309=EDGE_LOOP('',(#2310,#2311,#2312,#2313)) ;
#2352=EDGE_LOOP('',(#2353,#2354,#2355,#2356)) ;
#2383=EDGE_LOOP('',(#2384,#2385,#2386,#2387)) ;
#2414=EDGE_LOOP('',(#2415,#2416,#2417,#2418)) ;
#2436=EDGE_LOOP('',(#2437,#2438,#2439,#2440)) ;
#2448=EDGE_LOOP('',(#2449,#2450,#2451,#2452)) ;
#2460=EDGE_LOOP('',(#2461,#2462,#2463,#2464)) ;
#2503=EDGE_LOOP('',(#2504,#2505,#2506,#2507)) ;
#2534=EDGE_LOOP('',(#2535,#2536,#2537,#2538)) ;
#2565=EDGE_LOOP('',(#2566,#2567,#2568,#2569)) ;
#2587=EDGE_LOOP('',(#2588,#2589,#2590,#2591)) ;
#2599=EDGE_LOOP('',(#2600,#2601,#2602,#2603)) ;
#2611=EDGE_LOOP('',(#2612,#2613,#2614,#2615)) ;
#2654=EDGE_LOOP('',(#2655,#2656,#2657,#2658)) ;
#2685=EDGE_LOOP('',(#2686,#2687,#2688,#2689)) ;
#2716=EDGE_LOOP('',(#2717,#2718,#2719,#2720)) ;
#2738=EDGE_LOOP('',(#2739,#2740,#2741,#2742)) ;
#2750=EDGE_LOOP('',(#2751,#2752,#2753,#2754)) ;
#2762=EDGE_LOOP('',(#2763,#2764,#2765,#2766)) ;
#2805=EDGE_LOOP('',(#2806,#2807,#2808,#2809)) ;
#2836=EDGE_LOOP('',(#2837,#2838,#2839,#2840)) ;
#2867=EDGE_LOOP('',(#2868,#2869,#2870,#2871)) ;
#2889=EDGE_LOOP('',(#2890,#2891,#2892,#2893)) ;
#2901=EDGE_LOOP('',(#2902,#2903,#2904,#2905)) ;
#2913=EDGE_LOOP('',(#2914,#2915,#2916,#2917)) ;
#2956=EDGE_LOOP('',(#2957,#2958,#2959,#2960)) ;
#2987=EDGE_LOOP('',(#2988,#2989,#2990,#2991)) ;
#3018=EDGE_LOOP('',(#3019,#3020,#3021,#3022)) ;
#3040=EDGE_LOOP('',(#3041,#3042,#3043,#3044)) ;
#3052=EDGE_LOOP('',(#3053,#3054,#3055,#3056)) ;
#3064=EDGE_LOOP('',(#3065,#3066,#3067,#3068)) ;
#3107=EDGE_LOOP('',(#3108,#3109,#3110,#3111)) ;
#3138=EDGE_LOOP('',(#3139,#3140,#3141,#3142)) ;
#3169=EDGE_LOOP('',(#3170,#3171,#3172,#3173)) ;
#3191=EDGE_LOOP('',(#3192,#3193,#3194,#3195)) ;
#3203=EDGE_LOOP('',(#3204,#3205,#3206,#3207)) ;
#3215=EDGE_LOOP('',(#3216,#3217,#3218,#3219)) ;
#3258=EDGE_LOOP('',(#3259,#3260,#3261,#3262)) ;
#3289=EDGE_LOOP('',(#3290,#3291,#3292,#3293)) ;
#3320=EDGE_LOOP('',(#3321,#3322,#3323,#3324)) ;
#3342=EDGE_LOOP('',(#3343,#3344,#3345,#3346)) ;
#3354=EDGE_LOOP('',(#3355,#3356,#3357,#3358)) ;
#3366=EDGE_LOOP('',(#3367,#3368,#3369,#3370)) ;
#3409=EDGE_LOOP('',(#3410,#3411,#3412,#3413)) ;
#3440=EDGE_LOOP('',(#3441,#3442,#3443,#3444)) ;
#3471=EDGE_LOOP('',(#3472,#3473,#3474,#3475)) ;
#3493=EDGE_LOOP('',(#3494,#3495,#3496,#3497)) ;
#3505=EDGE_LOOP('',(#3506,#3507,#3508,#3509)) ;
#3517=EDGE_LOOP('',(#3518,#3519,#3520,#3521)) ;
#3560=EDGE_LOOP('',(#3561,#3562,#3563,#3564)) ;
#3591=EDGE_LOOP('',(#3592,#3593,#3594,#3595)) ;
#3622=EDGE_LOOP('',(#3623,#3624,#3625,#3626)) ;
#3644=EDGE_LOOP('',(#3645,#3646,#3647,#3648)) ;
#3656=EDGE_LOOP('',(#3657,#3658,#3659,#3660)) ;
#3668=EDGE_LOOP('',(#3669,#3670,#3671,#3672)) ;
#3711=EDGE_LOOP('',(#3712,#3713,#3714,#3715)) ;
#3742=EDGE_LOOP('',(#3743,#3744,#3745,#3746)) ;
#3773=EDGE_LOOP('',(#3774,#3775,#3776,#3777)) ;
#3795=EDGE_LOOP('',(#3796,#3797,#3798,#3799)) ;
#3807=EDGE_LOOP('',(#3808,#3809,#3810,#3811)) ;
#3819=EDGE_LOOP('',(#3820,#3821,#3822,#3823)) ;
#3862=EDGE_LOOP('',(#3863,#3864,#3865,#3866)) ;
#3893=EDGE_LOOP('',(#3894,#3895,#3896,#3897)) ;
#3924=EDGE_LOOP('',(#3925,#3926,#3927,#3928)) ;
#3946=EDGE_LOOP('',(#3947,#3948,#3949,#3950)) ;
#3958=EDGE_LOOP('',(#3959,#3960,#3961,#3962)) ;
#3970=EDGE_LOOP('',(#3971,#3972,#3973,#3974)) ;
#4013=EDGE_LOOP('',(#4014,#4015,#4016,#4017)) ;
#4044=EDGE_LOOP('',(#4045,#4046,#4047,#4048)) ;
#4075=EDGE_LOOP('',(#4076,#4077,#4078,#4079)) ;
#4097=EDGE_LOOP('',(#4098,#4099,#4100,#4101)) ;
#4109=EDGE_LOOP('',(#4110,#4111,#4112,#4113)) ;
#4121=EDGE_LOOP('',(#4122,#4123,#4124,#4125)) ;
#4164=EDGE_LOOP('',(#4165,#4166,#4167,#4168)) ;
#4195=EDGE_LOOP('',(#4196,#4197,#4198,#4199)) ;
#4226=EDGE_LOOP('',(#4227,#4228,#4229,#4230)) ;
#4248=EDGE_LOOP('',(#4249,#4250,#4251,#4252)) ;
#4260=EDGE_LOOP('',(#4261,#4262,#4263,#4264)) ;
#4272=EDGE_LOOP('',(#4273,#4274,#4275,#4276)) ;
#4315=EDGE_LOOP('',(#4316,#4317,#4318,#4319)) ;
#4346=EDGE_LOOP('',(#4347,#4348,#4349,#4350)) ;
#4377=EDGE_LOOP('',(#4378,#4379,#4380,#4381)) ;
#4399=EDGE_LOOP('',(#4400,#4401,#4402,#4403)) ;
#4411=EDGE_LOOP('',(#4412,#4413,#4414,#4415)) ;
#4423=EDGE_LOOP('',(#4424,#4425,#4426,#4427)) ;
#4466=EDGE_LOOP('',(#4467,#4468,#4469,#4470)) ;
#4497=EDGE_LOOP('',(#4498,#4499,#4500,#4501)) ;
#4528=EDGE_LOOP('',(#4529,#4530,#4531,#4532)) ;
#4550=EDGE_LOOP('',(#4551,#4552,#4553,#4554)) ;
#4562=EDGE_LOOP('',(#4563,#4564,#4565,#4566)) ;
#4574=EDGE_LOOP('',(#4575,#4576,#4577,#4578)) ;
#4617=EDGE_LOOP('',(#4618,#4619,#4620,#4621)) ;
#4648=EDGE_LOOP('',(#4649,#4650,#4651,#4652)) ;
#4679=EDGE_LOOP('',(#4680,#4681,#4682,#4683)) ;
#4701=EDGE_LOOP('',(#4702,#4703,#4704,#4705)) ;
#4713=EDGE_LOOP('',(#4714,#4715,#4716,#4717)) ;
#4725=EDGE_LOOP('',(#4726,#4727,#4728,#4729)) ;
#4768=EDGE_LOOP('',(#4769,#4770,#4771,#4772)) ;
#4799=EDGE_LOOP('',(#4800,#4801,#4802,#4803)) ;
#4830=EDGE_LOOP('',(#4831,#4832,#4833,#4834)) ;
#4852=EDGE_LOOP('',(#4853,#4854,#4855,#4856)) ;
#4864=EDGE_LOOP('',(#4865,#4866,#4867,#4868)) ;
#4876=EDGE_LOOP('',(#4877,#4878,#4879,#4880)) ;
#4919=EDGE_LOOP('',(#4920,#4921,#4922,#4923)) ;
#4950=EDGE_LOOP('',(#4951,#4952,#4953,#4954)) ;
#4981=EDGE_LOOP('',(#4982,#4983,#4984,#4985)) ;
#5003=EDGE_LOOP('',(#5004,#5005,#5006,#5007)) ;
#5015=EDGE_LOOP('',(#5016,#5017,#5018,#5019)) ;
#5027=EDGE_LOOP('',(#5028,#5029,#5030,#5031)) ;
#5070=EDGE_LOOP('',(#5071,#5072,#5073,#5074)) ;
#5101=EDGE_LOOP('',(#5102,#5103,#5104,#5105)) ;
#5132=EDGE_LOOP('',(#5133,#5134,#5135,#5136)) ;
#5154=EDGE_LOOP('',(#5155,#5156,#5157,#5158)) ;
#5166=EDGE_LOOP('',(#5167,#5168,#5169,#5170)) ;
#5178=EDGE_LOOP('',(#5179,#5180,#5181,#5182)) ;
#69=FACE_OUTER_BOUND('',#64,.T.) ;
#100=FACE_OUTER_BOUND('',#95,.T.) ;
#131=FACE_OUTER_BOUND('',#126,.T.) ;
#153=FACE_OUTER_BOUND('',#148,.T.) ;
#165=FACE_OUTER_BOUND('',#160,.T.) ;
#177=FACE_OUTER_BOUND('',#172,.T.) ;
#229=FACE_OUTER_BOUND('',#224,.T.) ;
#260=FACE_OUTER_BOUND('',#255,.T.) ;
#291=FACE_OUTER_BOUND('',#286,.T.) ;
#313=FACE_OUTER_BOUND('',#308,.T.) ;
#325=FACE_OUTER_BOUND('',#320,.T.) ;
#337=FACE_OUTER_BOUND('',#332,.T.) ;
#380=FACE_OUTER_BOUND('',#375,.T.) ;
#411=FACE_OUTER_BOUND('',#406,.T.) ;
#442=FACE_OUTER_BOUND('',#437,.T.) ;
#464=FACE_OUTER_BOUND('',#459,.T.) ;
#476=FACE_OUTER_BOUND('',#471,.T.) ;
#488=FACE_OUTER_BOUND('',#483,.T.) ;
#531=FACE_OUTER_BOUND('',#526,.T.) ;
#562=FACE_OUTER_BOUND('',#557,.T.) ;
#593=FACE_OUTER_BOUND('',#588,.T.) ;
#615=FACE_OUTER_BOUND('',#610,.T.) ;
#627=FACE_OUTER_BOUND('',#622,.T.) ;
#639=FACE_OUTER_BOUND('',#634,.T.) ;
#682=FACE_OUTER_BOUND('',#677,.T.) ;
#713=FACE_OUTER_BOUND('',#708,.T.) ;
#744=FACE_OUTER_BOUND('',#739,.T.) ;
#766=FACE_OUTER_BOUND('',#761,.T.) ;
#778=FACE_OUTER_BOUND('',#773,.T.) ;
#790=FACE_OUTER_BOUND('',#785,.T.) ;
#840=FACE_OUTER_BOUND('',#835,.T.) ;
#871=FACE_OUTER_BOUND('',#866,.T.) ;
#902=FACE_OUTER_BOUND('',#897,.T.) ;
#924=FACE_OUTER_BOUND('',#919,.T.) ;
#936=FACE_OUTER_BOUND('',#931,.T.) ;
#948=FACE_OUTER_BOUND('',#943,.T.) ;
#998=FACE_OUTER_BOUND('',#993,.T.) ;
#1029=FACE_OUTER_BOUND('',#1024,.T.) ;
#1060=FACE_OUTER_BOUND('',#1055,.T.) ;
#1082=FACE_OUTER_BOUND('',#1077,.T.) ;
#1094=FACE_OUTER_BOUND('',#1089,.T.) ;
#1106=FACE_OUTER_BOUND('',#1101,.T.) ;
#1149=FACE_OUTER_BOUND('',#1144,.T.) ;
#1180=FACE_OUTER_BOUND('',#1175,.T.) ;
#1211=FACE_OUTER_BOUND('',#1206,.T.) ;
#1233=FACE_OUTER_BOUND('',#1228,.T.) ;
#1245=FACE_OUTER_BOUND('',#1240,.T.) ;
#1257=FACE_OUTER_BOUND('',#1252,.T.) ;
#1300=FACE_OUTER_BOUND('',#1295,.T.) ;
#1331=FACE_OUTER_BOUND('',#1326,.T.) ;
#1362=FACE_OUTER_BOUND('',#1357,.T.) ;
#1384=FACE_OUTER_BOUND('',#1379,.T.) ;
#1396=FACE_OUTER_BOUND('',#1391,.T.) ;
#1408=FACE_OUTER_BOUND('',#1403,.T.) ;
#1451=FACE_OUTER_BOUND('',#1446,.T.) ;
#1482=FACE_OUTER_BOUND('',#1477,.T.) ;
#1513=FACE_OUTER_BOUND('',#1508,.T.) ;
#1535=FACE_OUTER_BOUND('',#1530,.T.) ;
#1547=FACE_OUTER_BOUND('',#1542,.T.) ;
#1559=FACE_OUTER_BOUND('',#1554,.T.) ;
#1602=FACE_OUTER_BOUND('',#1597,.T.) ;
#1633=FACE_OUTER_BOUND('',#1628,.T.) ;
#1664=FACE_OUTER_BOUND('',#1659,.T.) ;
#1686=FACE_OUTER_BOUND('',#1681,.T.) ;
#1698=FACE_OUTER_BOUND('',#1693,.T.) ;
#1710=FACE_OUTER_BOUND('',#1705,.T.) ;
#1753=FACE_OUTER_BOUND('',#1748,.T.) ;
#1784=FACE_OUTER_BOUND('',#1779,.T.) ;
#1815=FACE_OUTER_BOUND('',#1810,.T.) ;
#1837=FACE_OUTER_BOUND('',#1832,.T.) ;
#1849=FACE_OUTER_BOUND('',#1844,.T.) ;
#1861=FACE_OUTER_BOUND('',#1856,.T.) ;
#1904=FACE_OUTER_BOUND('',#1899,.T.) ;
#1935=FACE_OUTER_BOUND('',#1930,.T.) ;
#1966=FACE_OUTER_BOUND('',#1961,.T.) ;
#1988=FACE_OUTER_BOUND('',#1983,.T.) ;
#2000=FACE_OUTER_BOUND('',#1995,.T.) ;
#2012=FACE_OUTER_BOUND('',#2007,.T.) ;
#2055=FACE_OUTER_BOUND('',#2050,.T.) ;
#2086=FACE_OUTER_BOUND('',#2081,.T.) ;
#2117=FACE_OUTER_BOUND('',#2112,.T.) ;
#2139=FACE_OUTER_BOUND('',#2134,.T.) ;
#2151=FACE_OUTER_BOUND('',#2146,.T.) ;
#2163=FACE_OUTER_BOUND('',#2158,.T.) ;
#2206=FACE_OUTER_BOUND('',#2201,.T.) ;
#2237=FACE_OUTER_BOUND('',#2232,.T.) ;
#2268=FACE_OUTER_BOUND('',#2263,.T.) ;
#2290=FACE_OUTER_BOUND('',#2285,.T.) ;
#2302=FACE_OUTER_BOUND('',#2297,.T.) ;
#2314=FACE_OUTER_BOUND('',#2309,.T.) ;
#2357=FACE_OUTER_BOUND('',#2352,.T.) ;
#2388=FACE_OUTER_BOUND('',#2383,.T.) ;
#2419=FACE_OUTER_BOUND('',#2414,.T.) ;
#2441=FACE_OUTER_BOUND('',#2436,.T.) ;
#2453=FACE_OUTER_BOUND('',#2448,.T.) ;
#2465=FACE_OUTER_BOUND('',#2460,.T.) ;
#2508=FACE_OUTER_BOUND('',#2503,.T.) ;
#2539=FACE_OUTER_BOUND('',#2534,.T.) ;
#2570=FACE_OUTER_BOUND('',#2565,.T.) ;
#2592=FACE_OUTER_BOUND('',#2587,.T.) ;
#2604=FACE_OUTER_BOUND('',#2599,.T.) ;
#2616=FACE_OUTER_BOUND('',#2611,.T.) ;
#2659=FACE_OUTER_BOUND('',#2654,.T.) ;
#2690=FACE_OUTER_BOUND('',#2685,.T.) ;
#2721=FACE_OUTER_BOUND('',#2716,.T.) ;
#2743=FACE_OUTER_BOUND('',#2738,.T.) ;
#2755=FACE_OUTER_BOUND('',#2750,.T.) ;
#2767=FACE_OUTER_BOUND('',#2762,.T.) ;
#2810=FACE_OUTER_BOUND('',#2805,.T.) ;
#2841=FACE_OUTER_BOUND('',#2836,.T.) ;
#2872=FACE_OUTER_BOUND('',#2867,.T.) ;
#2894=FACE_OUTER_BOUND('',#2889,.T.) ;
#2906=FACE_OUTER_BOUND('',#2901,.T.) ;
#2918=FACE_OUTER_BOUND('',#2913,.T.) ;
#2961=FACE_OUTER_BOUND('',#2956,.T.) ;
#2992=FACE_OUTER_BOUND('',#2987,.T.) ;
#3023=FACE_OUTER_BOUND('',#3018,.T.) ;
#3045=FACE_OUTER_BOUND('',#3040,.T.) ;
#3057=FACE_OUTER_BOUND('',#3052,.T.) ;
#3069=FACE_OUTER_BOUND('',#3064,.T.) ;
#3112=FACE_OUTER_BOUND('',#3107,.T.) ;
#3143=FACE_OUTER_BOUND('',#3138,.T.) ;
#3174=FACE_OUTER_BOUND('',#3169,.T.) ;
#3196=FACE_OUTER_BOUND('',#3191,.T.) ;
#3208=FACE_OUTER_BOUND('',#3203,.T.) ;
#3220=FACE_OUTER_BOUND('',#3215,.T.) ;
#3263=FACE_OUTER_BOUND('',#3258,.T.) ;
#3294=FACE_OUTER_BOUND('',#3289,.T.) ;
#3325=FACE_OUTER_BOUND('',#3320,.T.) ;
#3347=FACE_OUTER_BOUND('',#3342,.T.) ;
#3359=FACE_OUTER_BOUND('',#3354,.T.) ;
#3371=FACE_OUTER_BOUND('',#3366,.T.) ;
#3414=FACE_OUTER_BOUND('',#3409,.T.) ;
#3445=FACE_OUTER_BOUND('',#3440,.T.) ;
#3476=FACE_OUTER_BOUND('',#3471,.T.) ;
#3498=FACE_OUTER_BOUND('',#3493,.T.) ;
#3510=FACE_OUTER_BOUND('',#3505,.T.) ;
#3522=FACE_OUTER_BOUND('',#3517,.T.) ;
#3565=FACE_OUTER_BOUND('',#3560,.T.) ;
#3596=FACE_OUTER_BOUND('',#3591,.T.) ;
#3627=FACE_OUTER_BOUND('',#3622,.T.) ;
#3649=FACE_OUTER_BOUND('',#3644,.T.) ;
#3661=FACE_OUTER_BOUND('',#3656,.T.) ;
#3673=FACE_OUTER_BOUND('',#3668,.T.) ;
#3716=FACE_OUTER_BOUND('',#3711,.T.) ;
#3747=FACE_OUTER_BOUND('',#3742,.T.) ;
#3778=FACE_OUTER_BOUND('',#3773,.T.) ;
#3800=FACE_OUTER_BOUND('',#3795,.T.) ;
#3812=FACE_OUTER_BOUND('',#3807,.T.) ;
#3824=FACE_OUTER_BOUND('',#3819,.T.) ;
#3867=FACE_OUTER_BOUND('',#3862,.T.) ;
#3898=FACE_OUTER_BOUND('',#3893,.T.) ;
#3929=FACE_OUTER_BOUND('',#3924,.T.) ;
#3951=FACE_OUTER_BOUND('',#3946,.T.) ;
#3963=FACE_OUTER_BOUND('',#3958,.T.) ;
#3975=FACE_OUTER_BOUND('',#3970,.T.) ;
#4018=FACE_OUTER_BOUND('',#4013,.T.) ;
#4049=FACE_OUTER_BOUND('',#4044,.T.) ;
#4080=FACE_OUTER_BOUND('',#4075,.T.) ;
#4102=FACE_OUTER_BOUND('',#4097,.T.) ;
#4114=FACE_OUTER_BOUND('',#4109,.T.) ;
#4126=FACE_OUTER_BOUND('',#4121,.T.) ;
#4169=FACE_OUTER_BOUND('',#4164,.T.) ;
#4200=FACE_OUTER_BOUND('',#4195,.T.) ;
#4231=FACE_OUTER_BOUND('',#4226,.T.) ;
#4253=FACE_OUTER_BOUND('',#4248,.T.) ;
#4265=FACE_OUTER_BOUND('',#4260,.T.) ;
#4277=FACE_OUTER_BOUND('',#4272,.T.) ;
#4320=FACE_OUTER_BOUND('',#4315,.T.) ;
#4351=FACE_OUTER_BOUND('',#4346,.T.) ;
#4382=FACE_OUTER_BOUND('',#4377,.T.) ;
#4404=FACE_OUTER_BOUND('',#4399,.T.) ;
#4416=FACE_OUTER_BOUND('',#4411,.T.) ;
#4428=FACE_OUTER_BOUND('',#4423,.T.) ;
#4471=FACE_OUTER_BOUND('',#4466,.T.) ;
#4502=FACE_OUTER_BOUND('',#4497,.T.) ;
#4533=FACE_OUTER_BOUND('',#4528,.T.) ;
#4555=FACE_OUTER_BOUND('',#4550,.T.) ;
#4567=FACE_OUTER_BOUND('',#4562,.T.) ;
#4579=FACE_OUTER_BOUND('',#4574,.T.) ;
#4622=FACE_OUTER_BOUND('',#4617,.T.) ;
#4653=FACE_OUTER_BOUND('',#4648,.T.) ;
#4684=FACE_OUTER_BOUND('',#4679,.T.) ;
#4706=FACE_OUTER_BOUND('',#4701,.T.) ;
#4718=FACE_OUTER_BOUND('',#4713,.T.) ;
#4730=FACE_OUTER_BOUND('',#4725,.T.) ;
#4773=FACE_OUTER_BOUND('',#4768,.T.) ;
#4804=FACE_OUTER_BOUND('',#4799,.T.) ;
#4835=FACE_OUTER_BOUND('',#4830,.T.) ;
#4857=FACE_OUTER_BOUND('',#4852,.T.) ;
#4869=FACE_OUTER_BOUND('',#4864,.T.) ;
#4881=FACE_OUTER_BOUND('',#4876,.T.) ;
#4924=FACE_OUTER_BOUND('',#4919,.T.) ;
#4955=FACE_OUTER_BOUND('',#4950,.T.) ;
#4986=FACE_OUTER_BOUND('',#4981,.T.) ;
#5008=FACE_OUTER_BOUND('',#5003,.T.) ;
#5020=FACE_OUTER_BOUND('',#5015,.T.) ;
#5032=FACE_OUTER_BOUND('',#5027,.T.) ;
#5075=FACE_OUTER_BOUND('',#5070,.T.) ;
#5106=FACE_OUTER_BOUND('',#5101,.T.) ;
#5137=FACE_OUTER_BOUND('',#5132,.T.) ;
#5159=FACE_OUTER_BOUND('',#5154,.T.) ;
#5171=FACE_OUTER_BOUND('',#5166,.T.) ;
#5183=FACE_OUTER_BOUND('',#5178,.T.) ;
#39=LINE('Line',#36,#38) ;
#48=LINE('Line',#45,#47) ;
#55=LINE('Line',#52,#54) ;
#62=LINE('Line',#59,#61) ;
#79=LINE('Line',#76,#78) ;
#86=LINE('Line',#83,#85) ;
#93=LINE('Line',#90,#92) ;
#110=LINE('Line',#107,#109) ;
#117=LINE('Line',#114,#116) ;
#124=LINE('Line',#121,#123) ;
#141=LINE('Line',#138,#140) ;
#146=LINE('Line',#143,#145) ;
#199=LINE('Line',#196,#198) ;
#208=LINE('Line',#205,#207) ;
#215=LINE('Line',#212,#214) ;
#222=LINE('Line',#219,#221) ;
#239=LINE('Line',#236,#238) ;
#246=LINE('Line',#243,#245) ;
#253=LINE('Line',#250,#252) ;
#270=LINE('Line',#267,#269) ;
#277=LINE('Line',#274,#276) ;
#284=LINE('Line',#281,#283) ;
#301=LINE('Line',#298,#300) ;
#306=LINE('Line',#303,#305) ;
#350=LINE('Line',#347,#349) ;
#359=LINE('Line',#356,#358) ;
#366=LINE('Line',#363,#365) ;
#373=LINE('Line',#370,#372) ;
#390=LINE('Line',#387,#389) ;
#397=LINE('Line',#394,#396) ;
#404=LINE('Line',#401,#403) ;
#421=LINE('Line',#418,#420) ;
#428=LINE('Line',#425,#427) ;
#435=LINE('Line',#432,#434) ;
#452=LINE('Line',#449,#451) ;
#457=LINE('Line',#454,#456) ;
#501=LINE('Line',#498,#500) ;
#510=LINE('Line',#507,#509) ;
#517=LINE('Line',#514,#516) ;
#524=LINE('Line',#521,#523) ;
#541=LINE('Line',#538,#540) ;
#548=LINE('Line',#545,#547) ;
#555=LINE('Line',#552,#554) ;
#572=LINE('Line',#569,#571) ;
#579=LINE('Line',#576,#578) ;
#586=LINE('Line',#583,#585) ;
#603=LINE('Line',#600,#602) ;
#608=LINE('Line',#605,#607) ;
#652=LINE('Line',#649,#651) ;
#661=LINE('Line',#658,#660) ;
#668=LINE('Line',#665,#667) ;
#675=LINE('Line',#672,#674) ;
#692=LINE('Line',#689,#691) ;
#699=LINE('Line',#696,#698) ;
#706=LINE('Line',#703,#705) ;
#723=LINE('Line',#720,#722) ;
#730=LINE('Line',#727,#729) ;
#737=LINE('Line',#734,#736) ;
#754=LINE('Line',#751,#753) ;
#759=LINE('Line',#756,#758) ;
#810=LINE('Line',#807,#809) ;
#819=LINE('Line',#816,#818) ;
#826=LINE('Line',#823,#825) ;
#833=LINE('Line',#830,#832) ;
#850=LINE('Line',#847,#849) ;
#857=LINE('Line',#854,#856) ;
#864=LINE('Line',#861,#863) ;
#881=LINE('Line',#878,#880) ;
#888=LINE('Line',#885,#887) ;
#895=LINE('Line',#892,#894) ;
#912=LINE('Line',#909,#911) ;
#917=LINE('Line',#914,#916) ;
#968=LINE('Line',#965,#967) ;
#977=LINE('Line',#974,#976) ;
#984=LINE('Line',#981,#983) ;
#991=LINE('Line',#988,#990) ;
#1008=LINE('Line',#1005,#1007) ;
#1015=LINE('Line',#1012,#1014) ;
#1022=LINE('Line',#1019,#1021) ;
#1039=LINE('Line',#1036,#1038) ;
#1046=LINE('Line',#1043,#1045) ;
#1053=LINE('Line',#1050,#1052) ;
#1070=LINE('Line',#1067,#1069) ;
#1075=LINE('Line',#1072,#1074) ;
#1119=LINE('Line',#1116,#1118) ;
#1128=LINE('Line',#1125,#1127) ;
#1135=LINE('Line',#1132,#1134) ;
#1142=LINE('Line',#1139,#1141) ;
#1159=LINE('Line',#1156,#1158) ;
#1166=LINE('Line',#1163,#1165) ;
#1173=LINE('Line',#1170,#1172) ;
#1190=LINE('Line',#1187,#1189) ;
#1197=LINE('Line',#1194,#1196) ;
#1204=LINE('Line',#1201,#1203) ;
#1221=LINE('Line',#1218,#1220) ;
#1226=LINE('Line',#1223,#1225) ;
#1270=LINE('Line',#1267,#1269) ;
#1279=LINE('Line',#1276,#1278) ;
#1286=LINE('Line',#1283,#1285) ;
#1293=LINE('Line',#1290,#1292) ;
#1310=LINE('Line',#1307,#1309) ;
#1317=LINE('Line',#1314,#1316) ;
#1324=LINE('Line',#1321,#1323) ;
#1341=LINE('Line',#1338,#1340) ;
#1348=LINE('Line',#1345,#1347) ;
#1355=LINE('Line',#1352,#1354) ;
#1372=LINE('Line',#1369,#1371) ;
#1377=LINE('Line',#1374,#1376) ;
#1421=LINE('Line',#1418,#1420) ;
#1430=LINE('Line',#1427,#1429) ;
#1437=LINE('Line',#1434,#1436) ;
#1444=LINE('Line',#1441,#1443) ;
#1461=LINE('Line',#1458,#1460) ;
#1468=LINE('Line',#1465,#1467) ;
#1475=LINE('Line',#1472,#1474) ;
#1492=LINE('Line',#1489,#1491) ;
#1499=LINE('Line',#1496,#1498) ;
#1506=LINE('Line',#1503,#1505) ;
#1523=LINE('Line',#1520,#1522) ;
#1528=LINE('Line',#1525,#1527) ;
#1572=LINE('Line',#1569,#1571) ;
#1581=LINE('Line',#1578,#1580) ;
#1588=LINE('Line',#1585,#1587) ;
#1595=LINE('Line',#1592,#1594) ;
#1612=LINE('Line',#1609,#1611) ;
#1619=LINE('Line',#1616,#1618) ;
#1626=LINE('Line',#1623,#1625) ;
#1643=LINE('Line',#1640,#1642) ;
#1650=LINE('Line',#1647,#1649) ;
#1657=LINE('Line',#1654,#1656) ;
#1674=LINE('Line',#1671,#1673) ;
#1679=LINE('Line',#1676,#1678) ;
#1723=LINE('Line',#1720,#1722) ;
#1732=LINE('Line',#1729,#1731) ;
#1739=LINE('Line',#1736,#1738) ;
#1746=LINE('Line',#1743,#1745) ;
#1763=LINE('Line',#1760,#1762) ;
#1770=LINE('Line',#1767,#1769) ;
#1777=LINE('Line',#1774,#1776) ;
#1794=LINE('Line',#1791,#1793) ;
#1801=LINE('Line',#1798,#1800) ;
#1808=LINE('Line',#1805,#1807) ;
#1825=LINE('Line',#1822,#1824) ;
#1830=LINE('Line',#1827,#1829) ;
#1874=LINE('Line',#1871,#1873) ;
#1883=LINE('Line',#1880,#1882) ;
#1890=LINE('Line',#1887,#1889) ;
#1897=LINE('Line',#1894,#1896) ;
#1914=LINE('Line',#1911,#1913) ;
#1921=LINE('Line',#1918,#1920) ;
#1928=LINE('Line',#1925,#1927) ;
#1945=LINE('Line',#1942,#1944) ;
#1952=LINE('Line',#1949,#1951) ;
#1959=LINE('Line',#1956,#1958) ;
#1976=LINE('Line',#1973,#1975) ;
#1981=LINE('Line',#1978,#1980) ;
#2025=LINE('Line',#2022,#2024) ;
#2034=LINE('Line',#2031,#2033) ;
#2041=LINE('Line',#2038,#2040) ;
#2048=LINE('Line',#2045,#2047) ;
#2065=LINE('Line',#2062,#2064) ;
#2072=LINE('Line',#2069,#2071) ;
#2079=LINE('Line',#2076,#2078) ;
#2096=LINE('Line',#2093,#2095) ;
#2103=LINE('Line',#2100,#2102) ;
#2110=LINE('Line',#2107,#2109) ;
#2127=LINE('Line',#2124,#2126) ;
#2132=LINE('Line',#2129,#2131) ;
#2176=LINE('Line',#2173,#2175) ;
#2185=LINE('Line',#2182,#2184) ;
#2192=LINE('Line',#2189,#2191) ;
#2199=LINE('Line',#2196,#2198) ;
#2216=LINE('Line',#2213,#2215) ;
#2223=LINE('Line',#2220,#2222) ;
#2230=LINE('Line',#2227,#2229) ;
#2247=LINE('Line',#2244,#2246) ;
#2254=LINE('Line',#2251,#2253) ;
#2261=LINE('Line',#2258,#2260) ;
#2278=LINE('Line',#2275,#2277) ;
#2283=LINE('Line',#2280,#2282) ;
#2327=LINE('Line',#2324,#2326) ;
#2336=LINE('Line',#2333,#2335) ;
#2343=LINE('Line',#2340,#2342) ;
#2350=LINE('Line',#2347,#2349) ;
#2367=LINE('Line',#2364,#2366) ;
#2374=LINE('Line',#2371,#2373) ;
#2381=LINE('Line',#2378,#2380) ;
#2398=LINE('Line',#2395,#2397) ;
#2405=LINE('Line',#2402,#2404) ;
#2412=LINE('Line',#2409,#2411) ;
#2429=LINE('Line',#2426,#2428) ;
#2434=LINE('Line',#2431,#2433) ;
#2478=LINE('Line',#2475,#2477) ;
#2487=LINE('Line',#2484,#2486) ;
#2494=LINE('Line',#2491,#2493) ;
#2501=LINE('Line',#2498,#2500) ;
#2518=LINE('Line',#2515,#2517) ;
#2525=LINE('Line',#2522,#2524) ;
#2532=LINE('Line',#2529,#2531) ;
#2549=LINE('Line',#2546,#2548) ;
#2556=LINE('Line',#2553,#2555) ;
#2563=LINE('Line',#2560,#2562) ;
#2580=LINE('Line',#2577,#2579) ;
#2585=LINE('Line',#2582,#2584) ;
#2629=LINE('Line',#2626,#2628) ;
#2638=LINE('Line',#2635,#2637) ;
#2645=LINE('Line',#2642,#2644) ;
#2652=LINE('Line',#2649,#2651) ;
#2669=LINE('Line',#2666,#2668) ;
#2676=LINE('Line',#2673,#2675) ;
#2683=LINE('Line',#2680,#2682) ;
#2700=LINE('Line',#2697,#2699) ;
#2707=LINE('Line',#2704,#2706) ;
#2714=LINE('Line',#2711,#2713) ;
#2731=LINE('Line',#2728,#2730) ;
#2736=LINE('Line',#2733,#2735) ;
#2780=LINE('Line',#2777,#2779) ;
#2789=LINE('Line',#2786,#2788) ;
#2796=LINE('Line',#2793,#2795) ;
#2803=LINE('Line',#2800,#2802) ;
#2820=LINE('Line',#2817,#2819) ;
#2827=LINE('Line',#2824,#2826) ;
#2834=LINE('Line',#2831,#2833) ;
#2851=LINE('Line',#2848,#2850) ;
#2858=LINE('Line',#2855,#2857) ;
#2865=LINE('Line',#2862,#2864) ;
#2882=LINE('Line',#2879,#2881) ;
#2887=LINE('Line',#2884,#2886) ;
#2931=LINE('Line',#2928,#2930) ;
#2940=LINE('Line',#2937,#2939) ;
#2947=LINE('Line',#2944,#2946) ;
#2954=LINE('Line',#2951,#2953) ;
#2971=LINE('Line',#2968,#2970) ;
#2978=LINE('Line',#2975,#2977) ;
#2985=LINE('Line',#2982,#2984) ;
#3002=LINE('Line',#2999,#3001) ;
#3009=LINE('Line',#3006,#3008) ;
#3016=LINE('Line',#3013,#3015) ;
#3033=LINE('Line',#3030,#3032) ;
#3038=LINE('Line',#3035,#3037) ;
#3082=LINE('Line',#3079,#3081) ;
#3091=LINE('Line',#3088,#3090) ;
#3098=LINE('Line',#3095,#3097) ;
#3105=LINE('Line',#3102,#3104) ;
#3122=LINE('Line',#3119,#3121) ;
#3129=LINE('Line',#3126,#3128) ;
#3136=LINE('Line',#3133,#3135) ;
#3153=LINE('Line',#3150,#3152) ;
#3160=LINE('Line',#3157,#3159) ;
#3167=LINE('Line',#3164,#3166) ;
#3184=LINE('Line',#3181,#3183) ;
#3189=LINE('Line',#3186,#3188) ;
#3233=LINE('Line',#3230,#3232) ;
#3242=LINE('Line',#3239,#3241) ;
#3249=LINE('Line',#3246,#3248) ;
#3256=LINE('Line',#3253,#3255) ;
#3273=LINE('Line',#3270,#3272) ;
#3280=LINE('Line',#3277,#3279) ;
#3287=LINE('Line',#3284,#3286) ;
#3304=LINE('Line',#3301,#3303) ;
#3311=LINE('Line',#3308,#3310) ;
#3318=LINE('Line',#3315,#3317) ;
#3335=LINE('Line',#3332,#3334) ;
#3340=LINE('Line',#3337,#3339) ;
#3384=LINE('Line',#3381,#3383) ;
#3393=LINE('Line',#3390,#3392) ;
#3400=LINE('Line',#3397,#3399) ;
#3407=LINE('Line',#3404,#3406) ;
#3424=LINE('Line',#3421,#3423) ;
#3431=LINE('Line',#3428,#3430) ;
#3438=LINE('Line',#3435,#3437) ;
#3455=LINE('Line',#3452,#3454) ;
#3462=LINE('Line',#3459,#3461) ;
#3469=LINE('Line',#3466,#3468) ;
#3486=LINE('Line',#3483,#3485) ;
#3491=LINE('Line',#3488,#3490) ;
#3535=LINE('Line',#3532,#3534) ;
#3544=LINE('Line',#3541,#3543) ;
#3551=LINE('Line',#3548,#3550) ;
#3558=LINE('Line',#3555,#3557) ;
#3575=LINE('Line',#3572,#3574) ;
#3582=LINE('Line',#3579,#3581) ;
#3589=LINE('Line',#3586,#3588) ;
#3606=LINE('Line',#3603,#3605) ;
#3613=LINE('Line',#3610,#3612) ;
#3620=LINE('Line',#3617,#3619) ;
#3637=LINE('Line',#3634,#3636) ;
#3642=LINE('Line',#3639,#3641) ;
#3686=LINE('Line',#3683,#3685) ;
#3695=LINE('Line',#3692,#3694) ;
#3702=LINE('Line',#3699,#3701) ;
#3709=LINE('Line',#3706,#3708) ;
#3726=LINE('Line',#3723,#3725) ;
#3733=LINE('Line',#3730,#3732) ;
#3740=LINE('Line',#3737,#3739) ;
#3757=LINE('Line',#3754,#3756) ;
#3764=LINE('Line',#3761,#3763) ;
#3771=LINE('Line',#3768,#3770) ;
#3788=LINE('Line',#3785,#3787) ;
#3793=LINE('Line',#3790,#3792) ;
#3837=LINE('Line',#3834,#3836) ;
#3846=LINE('Line',#3843,#3845) ;
#3853=LINE('Line',#3850,#3852) ;
#3860=LINE('Line',#3857,#3859) ;
#3877=LINE('Line',#3874,#3876) ;
#3884=LINE('Line',#3881,#3883) ;
#3891=LINE('Line',#3888,#3890) ;
#3908=LINE('Line',#3905,#3907) ;
#3915=LINE('Line',#3912,#3914) ;
#3922=LINE('Line',#3919,#3921) ;
#3939=LINE('Line',#3936,#3938) ;
#3944=LINE('Line',#3941,#3943) ;
#3988=LINE('Line',#3985,#3987) ;
#3997=LINE('Line',#3994,#3996) ;
#4004=LINE('Line',#4001,#4003) ;
#4011=LINE('Line',#4008,#4010) ;
#4028=LINE('Line',#4025,#4027) ;
#4035=LINE('Line',#4032,#4034) ;
#4042=LINE('Line',#4039,#4041) ;
#4059=LINE('Line',#4056,#4058) ;
#4066=LINE('Line',#4063,#4065) ;
#4073=LINE('Line',#4070,#4072) ;
#4090=LINE('Line',#4087,#4089) ;
#4095=LINE('Line',#4092,#4094) ;
#4139=LINE('Line',#4136,#4138) ;
#4148=LINE('Line',#4145,#4147) ;
#4155=LINE('Line',#4152,#4154) ;
#4162=LINE('Line',#4159,#4161) ;
#4179=LINE('Line',#4176,#4178) ;
#4186=LINE('Line',#4183,#4185) ;
#4193=LINE('Line',#4190,#4192) ;
#4210=LINE('Line',#4207,#4209) ;
#4217=LINE('Line',#4214,#4216) ;
#4224=LINE('Line',#4221,#4223) ;
#4241=LINE('Line',#4238,#4240) ;
#4246=LINE('Line',#4243,#4245) ;
#4290=LINE('Line',#4287,#4289) ;
#4299=LINE('Line',#4296,#4298) ;
#4306=LINE('Line',#4303,#4305) ;
#4313=LINE('Line',#4310,#4312) ;
#4330=LINE('Line',#4327,#4329) ;
#4337=LINE('Line',#4334,#4336) ;
#4344=LINE('Line',#4341,#4343) ;
#4361=LINE('Line',#4358,#4360) ;
#4368=LINE('Line',#4365,#4367) ;
#4375=LINE('Line',#4372,#4374) ;
#4392=LINE('Line',#4389,#4391) ;
#4397=LINE('Line',#4394,#4396) ;
#4441=LINE('Line',#4438,#4440) ;
#4450=LINE('Line',#4447,#4449) ;
#4457=LINE('Line',#4454,#4456) ;
#4464=LINE('Line',#4461,#4463) ;
#4481=LINE('Line',#4478,#4480) ;
#4488=LINE('Line',#4485,#4487) ;
#4495=LINE('Line',#4492,#4494) ;
#4512=LINE('Line',#4509,#4511) ;
#4519=LINE('Line',#4516,#4518) ;
#4526=LINE('Line',#4523,#4525) ;
#4543=LINE('Line',#4540,#4542) ;
#4548=LINE('Line',#4545,#4547) ;
#4592=LINE('Line',#4589,#4591) ;
#4601=LINE('Line',#4598,#4600) ;
#4608=LINE('Line',#4605,#4607) ;
#4615=LINE('Line',#4612,#4614) ;
#4632=LINE('Line',#4629,#4631) ;
#4639=LINE('Line',#4636,#4638) ;
#4646=LINE('Line',#4643,#4645) ;
#4663=LINE('Line',#4660,#4662) ;
#4670=LINE('Line',#4667,#4669) ;
#4677=LINE('Line',#4674,#4676) ;
#4694=LINE('Line',#4691,#4693) ;
#4699=LINE('Line',#4696,#4698) ;
#4743=LINE('Line',#4740,#4742) ;
#4752=LINE('Line',#4749,#4751) ;
#4759=LINE('Line',#4756,#4758) ;
#4766=LINE('Line',#4763,#4765) ;
#4783=LINE('Line',#4780,#4782) ;
#4790=LINE('Line',#4787,#4789) ;
#4797=LINE('Line',#4794,#4796) ;
#4814=LINE('Line',#4811,#4813) ;
#4821=LINE('Line',#4818,#4820) ;
#4828=LINE('Line',#4825,#4827) ;
#4845=LINE('Line',#4842,#4844) ;
#4850=LINE('Line',#4847,#4849) ;
#4894=LINE('Line',#4891,#4893) ;
#4903=LINE('Line',#4900,#4902) ;
#4910=LINE('Line',#4907,#4909) ;
#4917=LINE('Line',#4914,#4916) ;
#4934=LINE('Line',#4931,#4933) ;
#4941=LINE('Line',#4938,#4940) ;
#4948=LINE('Line',#4945,#4947) ;
#4965=LINE('Line',#4962,#4964) ;
#4972=LINE('Line',#4969,#4971) ;
#4979=LINE('Line',#4976,#4978) ;
#4996=LINE('Line',#4993,#4995) ;
#5001=LINE('Line',#4998,#5000) ;
#5045=LINE('Line',#5042,#5044) ;
#5054=LINE('Line',#5051,#5053) ;
#5061=LINE('Line',#5058,#5060) ;
#5068=LINE('Line',#5065,#5067) ;
#5085=LINE('Line',#5082,#5084) ;
#5092=LINE('Line',#5089,#5091) ;
#5099=LINE('Line',#5096,#5098) ;
#5116=LINE('Line',#5113,#5115) ;
#5123=LINE('Line',#5120,#5122) ;
#5130=LINE('Line',#5127,#5129) ;
#5147=LINE('Line',#5144,#5146) ;
#5152=LINE('Line',#5149,#5151) ;
#35=PLANE('',#34) ;
#75=PLANE('',#74) ;
#106=PLANE('',#105) ;
#137=PLANE('',#136) ;
#159=PLANE('',#158) ;
#171=PLANE('',#170) ;
#195=PLANE('',#194) ;
#235=PLANE('',#234) ;
#266=PLANE('',#265) ;
#297=PLANE('',#296) ;
#319=PLANE('',#318) ;
#331=PLANE('',#330) ;
#346=PLANE('',#345) ;
#386=PLANE('',#385) ;
#417=PLANE('',#416) ;
#448=PLANE('',#447) ;
#470=PLANE('',#469) ;
#482=PLANE('',#481) ;
#497=PLANE('',#496) ;
#537=PLANE('',#536) ;
#568=PLANE('',#567) ;
#599=PLANE('',#598) ;
#621=PLANE('',#620) ;
#633=PLANE('',#632) ;
#648=PLANE('',#647) ;
#688=PLANE('',#687) ;
#719=PLANE('',#718) ;
#750=PLANE('',#749) ;
#772=PLANE('',#771) ;
#784=PLANE('',#783) ;
#806=PLANE('',#805) ;
#846=PLANE('',#845) ;
#877=PLANE('',#876) ;
#908=PLANE('',#907) ;
#930=PLANE('',#929) ;
#942=PLANE('',#941) ;
#964=PLANE('',#963) ;
#1004=PLANE('',#1003) ;
#1035=PLANE('',#1034) ;
#1066=PLANE('',#1065) ;
#1088=PLANE('',#1087) ;
#1100=PLANE('',#1099) ;
#1115=PLANE('',#1114) ;
#1155=PLANE('',#1154) ;
#1186=PLANE('',#1185) ;
#1217=PLANE('',#1216) ;
#1239=PLANE('',#1238) ;
#1251=PLANE('',#1250) ;
#1266=PLANE('',#1265) ;
#1306=PLANE('',#1305) ;
#1337=PLANE('',#1336) ;
#1368=PLANE('',#1367) ;
#1390=PLANE('',#1389) ;
#1402=PLANE('',#1401) ;
#1417=PLANE('',#1416) ;
#1457=PLANE('',#1456) ;
#1488=PLANE('',#1487) ;
#1519=PLANE('',#1518) ;
#1541=PLANE('',#1540) ;
#1553=PLANE('',#1552) ;
#1568=PLANE('',#1567) ;
#1608=PLANE('',#1607) ;
#1639=PLANE('',#1638) ;
#1670=PLANE('',#1669) ;
#1692=PLANE('',#1691) ;
#1704=PLANE('',#1703) ;
#1719=PLANE('',#1718) ;
#1759=PLANE('',#1758) ;
#1790=PLANE('',#1789) ;
#1821=PLANE('',#1820) ;
#1843=PLANE('',#1842) ;
#1855=PLANE('',#1854) ;
#1870=PLANE('',#1869) ;
#1910=PLANE('',#1909) ;
#1941=PLANE('',#1940) ;
#1972=PLANE('',#1971) ;
#1994=PLANE('',#1993) ;
#2006=PLANE('',#2005) ;
#2021=PLANE('',#2020) ;
#2061=PLANE('',#2060) ;
#2092=PLANE('',#2091) ;
#2123=PLANE('',#2122) ;
#2145=PLANE('',#2144) ;
#2157=PLANE('',#2156) ;
#2172=PLANE('',#2171) ;
#2212=PLANE('',#2211) ;
#2243=PLANE('',#2242) ;
#2274=PLANE('',#2273) ;
#2296=PLANE('',#2295) ;
#2308=PLANE('',#2307) ;
#2323=PLANE('',#2322) ;
#2363=PLANE('',#2362) ;
#2394=PLANE('',#2393) ;
#2425=PLANE('',#2424) ;
#2447=PLANE('',#2446) ;
#2459=PLANE('',#2458) ;
#2474=PLANE('',#2473) ;
#2514=PLANE('',#2513) ;
#2545=PLANE('',#2544) ;
#2576=PLANE('',#2575) ;
#2598=PLANE('',#2597) ;
#2610=PLANE('',#2609) ;
#2625=PLANE('',#2624) ;
#2665=PLANE('',#2664) ;
#2696=PLANE('',#2695) ;
#2727=PLANE('',#2726) ;
#2749=PLANE('',#2748) ;
#2761=PLANE('',#2760) ;
#2776=PLANE('',#2775) ;
#2816=PLANE('',#2815) ;
#2847=PLANE('',#2846) ;
#2878=PLANE('',#2877) ;
#2900=PLANE('',#2899) ;
#2912=PLANE('',#2911) ;
#2927=PLANE('',#2926) ;
#2967=PLANE('',#2966) ;
#2998=PLANE('',#2997) ;
#3029=PLANE('',#3028) ;
#3051=PLANE('',#3050) ;
#3063=PLANE('',#3062) ;
#3078=PLANE('',#3077) ;
#3118=PLANE('',#3117) ;
#3149=PLANE('',#3148) ;
#3180=PLANE('',#3179) ;
#3202=PLANE('',#3201) ;
#3214=PLANE('',#3213) ;
#3229=PLANE('',#3228) ;
#3269=PLANE('',#3268) ;
#3300=PLANE('',#3299) ;
#3331=PLANE('',#3330) ;
#3353=PLANE('',#3352) ;
#3365=PLANE('',#3364) ;
#3380=PLANE('',#3379) ;
#3420=PLANE('',#3419) ;
#3451=PLANE('',#3450) ;
#3482=PLANE('',#3481) ;
#3504=PLANE('',#3503) ;
#3516=PLANE('',#3515) ;
#3531=PLANE('',#3530) ;
#3571=PLANE('',#3570) ;
#3602=PLANE('',#3601) ;
#3633=PLANE('',#3632) ;
#3655=PLANE('',#3654) ;
#3667=PLANE('',#3666) ;
#3682=PLANE('',#3681) ;
#3722=PLANE('',#3721) ;
#3753=PLANE('',#3752) ;
#3784=PLANE('',#3783) ;
#3806=PLANE('',#3805) ;
#3818=PLANE('',#3817) ;
#3833=PLANE('',#3832) ;
#3873=PLANE('',#3872) ;
#3904=PLANE('',#3903) ;
#3935=PLANE('',#3934) ;
#3957=PLANE('',#3956) ;
#3969=PLANE('',#3968) ;
#3984=PLANE('',#3983) ;
#4024=PLANE('',#4023) ;
#4055=PLANE('',#4054) ;
#4086=PLANE('',#4085) ;
#4108=PLANE('',#4107) ;
#4120=PLANE('',#4119) ;
#4135=PLANE('',#4134) ;
#4175=PLANE('',#4174) ;
#4206=PLANE('',#4205) ;
#4237=PLANE('',#4236) ;
#4259=PLANE('',#4258) ;
#4271=PLANE('',#4270) ;
#4286=PLANE('',#4285) ;
#4326=PLANE('',#4325) ;
#4357=PLANE('',#4356) ;
#4388=PLANE('',#4387) ;
#4410=PLANE('',#4409) ;
#4422=PLANE('',#4421) ;
#4437=PLANE('',#4436) ;
#4477=PLANE('',#4476) ;
#4508=PLANE('',#4507) ;
#4539=PLANE('',#4538) ;
#4561=PLANE('',#4560) ;
#4573=PLANE('',#4572) ;
#4588=PLANE('',#4587) ;
#4628=PLANE('',#4627) ;
#4659=PLANE('',#4658) ;
#4690=PLANE('',#4689) ;
#4712=PLANE('',#4711) ;
#4724=PLANE('',#4723) ;
#4739=PLANE('',#4738) ;
#4779=PLANE('',#4778) ;
#4810=PLANE('',#4809) ;
#4841=PLANE('',#4840) ;
#4863=PLANE('',#4862) ;
#4875=PLANE('',#4874) ;
#4890=PLANE('',#4889) ;
#4930=PLANE('',#4929) ;
#4961=PLANE('',#4960) ;
#4992=PLANE('',#4991) ;
#5014=PLANE('',#5013) ;
#5026=PLANE('',#5025) ;
#5041=PLANE('',#5040) ;
#5081=PLANE('',#5080) ;
#5112=PLANE('',#5111) ;
#5143=PLANE('',#5142) ;
#5165=PLANE('',#5164) ;
#5177=PLANE('',#5176) ;
#9=PRODUCT_CATEGORY_RELATIONSHIP(' ',' ',#7,#8) ;
#6=PRODUCT_DEFINITION_FORMATION_WITH_SPECIFIED_SOURCE('',' ',#5,.NOT_KNOWN.) ;
#20=SHAPE_DEFINITION_REPRESENTATION(#11,#19) ;
#41=VERTEX_POINT('',#40) ;
#43=VERTEX_POINT('',#42) ;
#50=VERTEX_POINT('',#49) ;
#57=VERTEX_POINT('',#56) ;
#81=VERTEX_POINT('',#80) ;
#88=VERTEX_POINT('',#87) ;
#112=VERTEX_POINT('',#111) ;
#119=VERTEX_POINT('',#118) ;
#201=VERTEX_POINT('',#200) ;
#203=VERTEX_POINT('',#202) ;
#210=VERTEX_POINT('',#209) ;
#217=VERTEX_POINT('',#216) ;
#241=VERTEX_POINT('',#240) ;
#248=VERTEX_POINT('',#247) ;
#272=VERTEX_POINT('',#271) ;
#279=VERTEX_POINT('',#278) ;
#352=VERTEX_POINT('',#351) ;
#354=VERTEX_POINT('',#353) ;
#361=VERTEX_POINT('',#360) ;
#368=VERTEX_POINT('',#367) ;
#392=VERTEX_POINT('',#391) ;
#399=VERTEX_POINT('',#398) ;
#423=VERTEX_POINT('',#422) ;
#430=VERTEX_POINT('',#429) ;
#503=VERTEX_POINT('',#502) ;
#505=VERTEX_POINT('',#504) ;
#512=VERTEX_POINT('',#511) ;
#519=VERTEX_POINT('',#518) ;
#543=VERTEX_POINT('',#542) ;
#550=VERTEX_POINT('',#549) ;
#574=VERTEX_POINT('',#573) ;
#581=VERTEX_POINT('',#580) ;
#654=VERTEX_POINT('',#653) ;
#656=VERTEX_POINT('',#655) ;
#663=VERTEX_POINT('',#662) ;
#670=VERTEX_POINT('',#669) ;
#694=VERTEX_POINT('',#693) ;
#701=VERTEX_POINT('',#700) ;
#725=VERTEX_POINT('',#724) ;
#732=VERTEX_POINT('',#731) ;
#812=VERTEX_POINT('',#811) ;
#814=VERTEX_POINT('',#813) ;
#821=VERTEX_POINT('',#820) ;
#828=VERTEX_POINT('',#827) ;
#852=VERTEX_POINT('',#851) ;
#859=VERTEX_POINT('',#858) ;
#883=VERTEX_POINT('',#882) ;
#890=VERTEX_POINT('',#889) ;
#970=VERTEX_POINT('',#969) ;
#972=VERTEX_POINT('',#971) ;
#979=VERTEX_POINT('',#978) ;
#986=VERTEX_POINT('',#985) ;
#1010=VERTEX_POINT('',#1009) ;
#1017=VERTEX_POINT('',#1016) ;
#1041=VERTEX_POINT('',#1040) ;
#1048=VERTEX_POINT('',#1047) ;
#1121=VERTEX_POINT('',#1120) ;
#1123=VERTEX_POINT('',#1122) ;
#1130=VERTEX_POINT('',#1129) ;
#1137=VERTEX_POINT('',#1136) ;
#1161=VERTEX_POINT('',#1160) ;
#1168=VERTEX_POINT('',#1167) ;
#1192=VERTEX_POINT('',#1191) ;
#1199=VERTEX_POINT('',#1198) ;
#1272=VERTEX_POINT('',#1271) ;
#1274=VERTEX_POINT('',#1273) ;
#1281=VERTEX_POINT('',#1280) ;
#1288=VERTEX_POINT('',#1287) ;
#1312=VERTEX_POINT('',#1311) ;
#1319=VERTEX_POINT('',#1318) ;
#1343=VERTEX_POINT('',#1342) ;
#1350=VERTEX_POINT('',#1349) ;
#1423=VERTEX_POINT('',#1422) ;
#1425=VERTEX_POINT('',#1424) ;
#1432=VERTEX_POINT('',#1431) ;
#1439=VERTEX_POINT('',#1438) ;
#1463=VERTEX_POINT('',#1462) ;
#1470=VERTEX_POINT('',#1469) ;
#1494=VERTEX_POINT('',#1493) ;
#1501=VERTEX_POINT('',#1500) ;
#1574=VERTEX_POINT('',#1573) ;
#1576=VERTEX_POINT('',#1575) ;
#1583=VERTEX_POINT('',#1582) ;
#1590=VERTEX_POINT('',#1589) ;
#1614=VERTEX_POINT('',#1613) ;
#1621=VERTEX_POINT('',#1620) ;
#1645=VERTEX_POINT('',#1644) ;
#1652=VERTEX_POINT('',#1651) ;
#1725=VERTEX_POINT('',#1724) ;
#1727=VERTEX_POINT('',#1726) ;
#1734=VERTEX_POINT('',#1733) ;
#1741=VERTEX_POINT('',#1740) ;
#1765=VERTEX_POINT('',#1764) ;
#1772=VERTEX_POINT('',#1771) ;
#1796=VERTEX_POINT('',#1795) ;
#1803=VERTEX_POINT('',#1802) ;
#1876=VERTEX_POINT('',#1875) ;
#1878=VERTEX_POINT('',#1877) ;
#1885=VERTEX_POINT('',#1884) ;
#1892=VERTEX_POINT('',#1891) ;
#1916=VERTEX_POINT('',#1915) ;
#1923=VERTEX_POINT('',#1922) ;
#1947=VERTEX_POINT('',#1946) ;
#1954=VERTEX_POINT('',#1953) ;
#2027=VERTEX_POINT('',#2026) ;
#2029=VERTEX_POINT('',#2028) ;
#2036=VERTEX_POINT('',#2035) ;
#2043=VERTEX_POINT('',#2042) ;
#2067=VERTEX_POINT('',#2066) ;
#2074=VERTEX_POINT('',#2073) ;
#2098=VERTEX_POINT('',#2097) ;
#2105=VERTEX_POINT('',#2104) ;
#2178=VERTEX_POINT('',#2177) ;
#2180=VERTEX_POINT('',#2179) ;
#2187=VERTEX_POINT('',#2186) ;
#2194=VERTEX_POINT('',#2193) ;
#2218=VERTEX_POINT('',#2217) ;
#2225=VERTEX_POINT('',#2224) ;
#2249=VERTEX_POINT('',#2248) ;
#2256=VERTEX_POINT('',#2255) ;
#2329=VERTEX_POINT('',#2328) ;
#2331=VERTEX_POINT('',#2330) ;
#2338=VERTEX_POINT('',#2337) ;
#2345=VERTEX_POINT('',#2344) ;
#2369=VERTEX_POINT('',#2368) ;
#2376=VERTEX_POINT('',#2375) ;
#2400=VERTEX_POINT('',#2399) ;
#2407=VERTEX_POINT('',#2406) ;
#2480=VERTEX_POINT('',#2479) ;
#2482=VERTEX_POINT('',#2481) ;
#2489=VERTEX_POINT('',#2488) ;
#2496=VERTEX_POINT('',#2495) ;
#2520=VERTEX_POINT('',#2519) ;
#2527=VERTEX_POINT('',#2526) ;
#2551=VERTEX_POINT('',#2550) ;
#2558=VERTEX_POINT('',#2557) ;
#2631=VERTEX_POINT('',#2630) ;
#2633=VERTEX_POINT('',#2632) ;
#2640=VERTEX_POINT('',#2639) ;
#2647=VERTEX_POINT('',#2646) ;
#2671=VERTEX_POINT('',#2670) ;
#2678=VERTEX_POINT('',#2677) ;
#2702=VERTEX_POINT('',#2701) ;
#2709=VERTEX_POINT('',#2708) ;
#2782=VERTEX_POINT('',#2781) ;
#2784=VERTEX_POINT('',#2783) ;
#2791=VERTEX_POINT('',#2790) ;
#2798=VERTEX_POINT('',#2797) ;
#2822=VERTEX_POINT('',#2821) ;
#2829=VERTEX_POINT('',#2828) ;
#2853=VERTEX_POINT('',#2852) ;
#2860=VERTEX_POINT('',#2859) ;
#2933=VERTEX_POINT('',#2932) ;
#2935=VERTEX_POINT('',#2934) ;
#2942=VERTEX_POINT('',#2941) ;
#2949=VERTEX_POINT('',#2948) ;
#2973=VERTEX_POINT('',#2972) ;
#2980=VERTEX_POINT('',#2979) ;
#3004=VERTEX_POINT('',#3003) ;
#3011=VERTEX_POINT('',#3010) ;
#3084=VERTEX_POINT('',#3083) ;
#3086=VERTEX_POINT('',#3085) ;
#3093=VERTEX_POINT('',#3092) ;
#3100=VERTEX_POINT('',#3099) ;
#3124=VERTEX_POINT('',#3123) ;
#3131=VERTEX_POINT('',#3130) ;
#3155=VERTEX_POINT('',#3154) ;
#3162=VERTEX_POINT('',#3161) ;
#3235=VERTEX_POINT('',#3234) ;
#3237=VERTEX_POINT('',#3236) ;
#3244=VERTEX_POINT('',#3243) ;
#3251=VERTEX_POINT('',#3250) ;
#3275=VERTEX_POINT('',#3274) ;
#3282=VERTEX_POINT('',#3281) ;
#3306=VERTEX_POINT('',#3305) ;
#3313=VERTEX_POINT('',#3312) ;
#3386=VERTEX_POINT('',#3385) ;
#3388=VERTEX_POINT('',#3387) ;
#3395=VERTEX_POINT('',#3394) ;
#3402=VERTEX_POINT('',#3401) ;
#3426=VERTEX_POINT('',#3425) ;
#3433=VERTEX_POINT('',#3432) ;
#3457=VERTEX_POINT('',#3456) ;
#3464=VERTEX_POINT('',#3463) ;
#3537=VERTEX_POINT('',#3536) ;
#3539=VERTEX_POINT('',#3538) ;
#3546=VERTEX_POINT('',#3545) ;
#3553=VERTEX_POINT('',#3552) ;
#3577=VERTEX_POINT('',#3576) ;
#3584=VERTEX_POINT('',#3583) ;
#3608=VERTEX_POINT('',#3607) ;
#3615=VERTEX_POINT('',#3614) ;
#3688=VERTEX_POINT('',#3687) ;
#3690=VERTEX_POINT('',#3689) ;
#3697=VERTEX_POINT('',#3696) ;
#3704=VERTEX_POINT('',#3703) ;
#3728=VERTEX_POINT('',#3727) ;
#3735=VERTEX_POINT('',#3734) ;
#3759=VERTEX_POINT('',#3758) ;
#3766=VERTEX_POINT('',#3765) ;
#3839=VERTEX_POINT('',#3838) ;
#3841=VERTEX_POINT('',#3840) ;
#3848=VERTEX_POINT('',#3847) ;
#3855=VERTEX_POINT('',#3854) ;
#3879=VERTEX_POINT('',#3878) ;
#3886=VERTEX_POINT('',#3885) ;
#3910=VERTEX_POINT('',#3909) ;
#3917=VERTEX_POINT('',#3916) ;
#3990=VERTEX_POINT('',#3989) ;
#3992=VERTEX_POINT('',#3991) ;
#3999=VERTEX_POINT('',#3998) ;
#4006=VERTEX_POINT('',#4005) ;
#4030=VERTEX_POINT('',#4029) ;
#4037=VERTEX_POINT('',#4036) ;
#4061=VERTEX_POINT('',#4060) ;
#4068=VERTEX_POINT('',#4067) ;
#4141=VERTEX_POINT('',#4140) ;
#4143=VERTEX_POINT('',#4142) ;
#4150=VERTEX_POINT('',#4149) ;
#4157=VERTEX_POINT('',#4156) ;
#4181=VERTEX_POINT('',#4180) ;
#4188=VERTEX_POINT('',#4187) ;
#4212=VERTEX_POINT('',#4211) ;
#4219=VERTEX_POINT('',#4218) ;
#4292=VERTEX_POINT('',#4291) ;
#4294=VERTEX_POINT('',#4293) ;
#4301=VERTEX_POINT('',#4300) ;
#4308=VERTEX_POINT('',#4307) ;
#4332=VERTEX_POINT('',#4331) ;
#4339=VERTEX_POINT('',#4338) ;
#4363=VERTEX_POINT('',#4362) ;
#4370=VERTEX_POINT('',#4369) ;
#4443=VERTEX_POINT('',#4442) ;
#4445=VERTEX_POINT('',#4444) ;
#4452=VERTEX_POINT('',#4451) ;
#4459=VERTEX_POINT('',#4458) ;
#4483=VERTEX_POINT('',#4482) ;
#4490=VERTEX_POINT('',#4489) ;
#4514=VERTEX_POINT('',#4513) ;
#4521=VERTEX_POINT('',#4520) ;
#4594=VERTEX_POINT('',#4593) ;
#4596=VERTEX_POINT('',#4595) ;
#4603=VERTEX_POINT('',#4602) ;
#4610=VERTEX_POINT('',#4609) ;
#4634=VERTEX_POINT('',#4633) ;
#4641=VERTEX_POINT('',#4640) ;
#4665=VERTEX_POINT('',#4664) ;
#4672=VERTEX_POINT('',#4671) ;
#4745=VERTEX_POINT('',#4744) ;
#4747=VERTEX_POINT('',#4746) ;
#4754=VERTEX_POINT('',#4753) ;
#4761=VERTEX_POINT('',#4760) ;
#4785=VERTEX_POINT('',#4784) ;
#4792=VERTEX_POINT('',#4791) ;
#4816=VERTEX_POINT('',#4815) ;
#4823=VERTEX_POINT('',#4822) ;
#4896=VERTEX_POINT('',#4895) ;
#4898=VERTEX_POINT('',#4897) ;
#4905=VERTEX_POINT('',#4904) ;
#4912=VERTEX_POINT('',#4911) ;
#4936=VERTEX_POINT('',#4935) ;
#4943=VERTEX_POINT('',#4942) ;
#4967=VERTEX_POINT('',#4966) ;
#4974=VERTEX_POINT('',#4973) ;
#5047=VERTEX_POINT('',#5046) ;
#5049=VERTEX_POINT('',#5048) ;
#5056=VERTEX_POINT('',#5055) ;
#5063=VERTEX_POINT('',#5062) ;
#5087=VERTEX_POINT('',#5086) ;
#5094=VERTEX_POINT('',#5093) ;
#5118=VERTEX_POINT('',#5117) ;
#5125=VERTEX_POINT('',#5124) ;
#12=(LENGTH_UNIT()NAMED_UNIT(*)SI_UNIT(.MILLI.,.METRE.)) ;
#13=(NAMED_UNIT(*)PLANE_ANGLE_UNIT()SI_UNIT($,.RADIAN.)) ;
#14=(NAMED_UNIT(*)SI_UNIT($,.STERADIAN.)SOLID_ANGLE_UNIT()) ;
#16=(GEOMETRIC_REPRESENTATION_CONTEXT(3)GLOBAL_UNCERTAINTY_ASSIGNED_CONTEXT((#15))GLOBAL_UNIT_ASSIGNED_CONTEXT((#12,#13,#14))REPRESENTATION_CONTEXT(' ',' ')) ;
ENDSEC;
END-ISO-10303-21;
